Domain,Domain Code,Total Anchors,Total Chapters,Avg Anchors/Ch,Chapter Range,domain_sheet
D1 Psychometrics & Research Methods,PMET,139,15,9.3,5-10,Summary
D2 Lifespan & Developmental Stages,LDEV,113,13,8.7,5-10,Summary
D3 Clinical Psychopathology,CPAT,87,9,9.7,8-10,Summary
D4 Psychotherapy Models & Prevention,PTHE,111,13,8.5,3-10,Summary
D5 Social & Cultural Psychology,SOCU,120,13,9.2,7-10,Summary
D6 Workforce Development & Leadership,WDEV,122,14,8.7,8-10,Summary
D7 Biopsychology,BPSY,127,14,9.1,7-10,Summary
D8 Clinical Assessment & Interpretation,CASS,134,15,8.9,7-10,Summary
D9 Psychopharmacology & Ethics,PETH,128,15,8.5,3-10,Summary
TOTAL,,1081,121,8.9,,Summary
D1-Ch01,The Architecture of Association: How Classical Conditioning Builds Learned Responses,1,001,AP-D1-LEA-001,D1-LEA-001-921e0887,True,"Pavlov (1927): ""Any external stimulus which is to become the signal in a conditioned reflex must overlap in point of time with the action of an unconditioned stimulus."" In delay conditioning, the CS onset precedes US onset with temporal overlap, and this arrangement is the most effective for establishing classical conditioning.","Delay conditioning is a type of forward conditioning in which presentation of the conditioned stimulus precedes and overlaps presentation of the unconditioned stimulus, and it is the most effective method for establishing a conditioned response.",Classical Conditioning,Remember/Understand,1-2,"Delay conditioning, in which the CS onset precedes and temporally overlaps the US onset, is the most effective arrangement for establishing a classically conditioned response.",PMET
D1-Ch01,The Architecture of Association: How Classical Conditioning Builds Learned Responses,1,02-1,AP-D1-LEA-02-1,D1-LEA-02-1-03db119a,True,"Pavlov, I.P. (1927). Conditioned reflexes: An investigation of the physiological activity of the cerebral cortex. Oxford University Press: ""Any external stimulus which is to become the signal in a conditioned reflex must overlap in point of time with the action of an unconditioned stimulus."" In delay conditioning, the CS onset precedes and temporally overlaps the US onset, and this arrangement is the most effective method for establishing a conditioned response.","Delay conditioning, where the conditioned stimulus precedes and overlaps presentation of the unconditioned stimulus, is the most effective method for establishing a conditioned response through classical conditioning.",Classical Conditioning,Remember/Understand,1-2,"Delay conditioning, in which the CS precedes and temporally overlaps the US, is the most effective method for establishing a classically conditioned response.",PMET
D1-Ch01,The Architecture of Association: How Classical Conditioning Builds Learned Responses,1,008,AP-D1-LEA-008,D1-LEA-008-f5ad52bd,True,"Rescorla, R.A. (1988). Pavlovian conditioning: It's not what you think it is. American Psychologist, 43(3), 151-160: ""The previously neutral conditioned stimulus comes to elicit the response"" after pairing with the unconditioned stimulus. ""One, initially neutral in that it elicits no response, is called the conditioned stimulus (CS); the other, which is one that consistently elicits a response, is called the unconditioned stimulus (US).""","In classical conditioning research, the white rat was the conditioned stimulus, because it produced a startle response after being repeatedly paired with the unconditioned stimulus, an unexpected loud noise, which naturally elicited a startle response.",Classical Conditioning,Remember/Understand,1-2,"In classical conditioning, a neutral conditioned stimulus (CS) acquires the ability to elicit a conditioned response after repeated pairing with an unconditioned stimulus (US) that naturally elicits a response.",PMET
D1-Ch01,The Architecture of Association: How Classical Conditioning Builds Learned Responses,1,217,AP-D1-LEA-217,D1-LEA-217-d305f4e8,True,"Watson, J.B. & Rayner, R. (1920). Conditioned emotional reactions. Journal of Experimental Psychology, 3(1), 1-14: ""The instant the rat was shown, the bar was struck immediately behind his head."" The CS (white rat) was presented and overlapped in time with the US (loud noise), consistent with delay conditioning -- the CS precedes and temporally overlaps the US. Watson used this forward/delay conditioning procedure to establish Little Albert's conditioned fear response to the white rat.",John Watson used delay conditioning to establish Little Albert's fear response to white rats.,Classical Conditioning,Remember/Understand,1-2,"Watson used delay conditioning with Little Albert, presenting the CS (white rat) before and overlapping with the US (loud noise) to establish a conditioned fear response.",PMET
D1-Ch01,The Architecture of Association: How Classical Conditioning Builds Learned Responses,1,03,AP-D1-LEA-03,D1-LEA-03-f81f8ec9,True,"Rescorla, R.A. (1988). Pavlovian conditioning: It's not what you think it is. American Psychologist, 43(3), 151-160: The CR is typically similar to but may differ from the UR, and is generally less intense. Rescorla notes ""an important, but poorly appreciated, fact about conditioning that makes nonsense of any claim that a signal simply acquires the ability to evoke the response to the US.""",The conditioned response elicited by a neutral stimulus in classical conditioning is usually less in intensity than the unconditioned response.,Classical Conditioning,Remember/Understand,1-2,The conditioned response in classical conditioning is typically similar to but less intense than the unconditioned response.,PMET
D1-Ch01,The Architecture of Association: How Classical Conditioning Builds Learned Responses,1,009,AP-D1-LEA-009,D1-LEA-009-f89cf513,True,"Pavlov (1927): ""If a tone of 1000 d.v. is established as a conditioned stimulus, many other tones spontaneously acquire similar properties, such properties diminishing proportionally to the intervals of these tones from the one of 1000 d.v."" Stimuli resembling the original CS elicit the CR despite never being directly paired with the US.",Stimulus generalization occurs when stimuli similar to the original conditioned stimulus elicit the conditioned response without ever being presented with the unconditioned stimulus.,Classical Conditioning,Remember/Understand,1-2,Stimulus generalization occurs when stimuli similar to the original CS elicit the conditioned response despite never being directly paired with the unconditioned stimulus.,PMET
D1-Ch01,The Architecture of Association: How Classical Conditioning Builds Learned Responses,1,01-2,AP-D1-LEA-01-2,D1-LEA-01-2-068c3d0b,True,"Watson, J.B. & Rayner, R. (1920). Conditioned emotional reactions. Journal of Experimental Psychology, 3(1), 1-14: After conditioning Little Albert to fear the white rat, ""the response to the rabbit, the dog, and the fur coat were [also] evoked."" Albert's fear response to other white, furry stimuli -- though never directly paired with the loud noise -- demonstrates stimulus generalization: stimuli resembling the original CS elicit the CR without separate conditioning.",Little Albert's response to other white furry stimuli was due to stimulus generalization.,Classical Conditioning,Remember/Understand,1-2,"Little Albert's fear response to other white, furry stimuli never paired with the loud noise demonstrated stimulus generalization, as shown by Watson and Rayner (1920).",PMET
D1-Ch01,The Architecture of Association: How Classical Conditioning Builds Learned Responses,1,01-1,AP-D1-LEA-01-1,D1-LEA-01-1-7f6d16f1,True,"Pavlov (1927): ""The hitherto quiet dog began to squeal in its stand, kept wriggling about, tore off with its teeth the apparatus for mechanical stimulation of the skin."" ""The clashing of excitation with inhibition led to a profound disturbance of the usual balance between these two processes."" Experimental neurosis arises when an organism must discriminate between highly similar stimuli.","Pavlov's canine subjects exhibited ""experimental neurosis"" due to the requirement to make difficult discriminations between similar stimuli, which provoked agitation and aggression.",Classical Conditioning,Remember/Understand,1-2,"Pavlov's experimental neurosis arose in dogs required to make difficult discriminations between highly similar stimuli, producing agitation and disrupted behavior.",PMET
D1-Ch01,The Architecture of Association: How Classical Conditioning Builds Learned Responses,1,020,AP-D1-LEA-020,D1-LEA-020-fba878e3,True,"Pavlov (1927): ""Repeated application of a conditioned stimulus which is not followed up by reinforcement leads to a weakening of the conditioned reflex."" ""Left to themselves extinguished conditioned reflexes spontaneously recover their full strength after a longer or shorter interval of time."" ""It cannot be regarded as an irreparable destruction of the conditioned reflex... evidenced by the fact that the extinguished reflexes spontaneously regenerate in course of time."" Extinction suppresses rather than eliminates learned associations.","Spontaneous recovery refers to the return of an extinguished conditioned response without the conditioned stimulus being presented again with the unconditioned stimulus, confirming that a conditioned response is suppressed rather than eliminated by extinction trials.",Classical Conditioning,Remember/Understand,1-2,Spontaneous recovery — the return of an extinguished CR after a rest interval without reconditioning — demonstrates that extinction suppresses rather than permanently eliminates the learned association.,PMET
D1-Ch01,The Architecture of Association: How Classical Conditioning Builds Learned Responses,1,33,AP-D1-LEA-33,D1-LEA-33-2390dc8c,True,"Pavlov, I.P. (1927). Conditioned reflexes: An investigation of the physiological activity of the cerebral cortex. Oxford University Press: ""Left to themselves extinguished conditioned reflexes spontaneously recover their full strength after a longer or shorter interval of time."" ""It cannot be regarded as an irreparable destruction of the conditioned reflex."" Spontaneous recovery after extinction trials demonstrates that extinction is due to internal inhibition (active suppression) rather than the erasure of the learned association.",Pavlov's observation of spontaneous recovery of a conditioned response after extinction trials provides evidence that extinction is due to internal inhibition.,Classical Conditioning,Remember/Understand,1-2,Pavlov's observation of spontaneous recovery after extinction provides evidence that extinction results from internal inhibition (active suppression) rather than erasure of the learned association.,PMET
D1-Ch02,"Beyond the Basics: Higher-Order Conditioning, Blocking, and Overshadowing",2,019,AP-D1-LEA-019,D1-LEA-019-70477168,True,"Rizley, R.C. & Rescorla, R.A. (1972). Associations in second-order conditioning and sensory preconditioning. Journal of Comparative and Physiological Psychology, 81(1), 1-11: ""A typical second-order conditioning situation in which S1 is first paired with a US and then S2 is regularly followed by S1. As a consequence of the first stage, presentation of S1 elicits a CR, while during the second-order conditioning stage S2 also comes to elicit that CR."" CS2 elicits a CR even though it was never directly paired with the original US.","Pavlov's higher-order conditioning experiment involved pairing a tone with food so that the dog salivated when the tone was presented alone, and then pairing a light with the tone so that the dog also salivated when the light was presented alone.",Classical Conditioning,Understand/Apply,2,"In second-order conditioning, CS2 acquires the ability to elicit a conditioned response after being paired with CS1, even though CS2 was never directly paired with the original unconditioned stimulus.",PMET
D1-Ch02,"Beyond the Basics: Higher-Order Conditioning, Blocking, and Overshadowing",2,02-3,AP-D1-LEA-02-3,D1-LEA-02-3-3c99fa66,True,"Pavlov (1927): Higher-order (second-order) conditioning involves first establishing a conditioned stimulus (CS1) by pairing it with an unconditioned stimulus, then pairing a new neutral stimulus (CS2) with the already-established CS1. ""A well-established conditioned stimulus is used in the place of the unconditioned stimulus"" so that CS2 also acquires the ability to elicit a conditioned response when presented alone, without ever having been directly paired with the unconditioned stimulus.",Higher-order conditioning involves treating the initial conditioned stimulus as an unconditioned stimulus and pairing it with a neutral stimulus so that the neutral stimulus also becomes a conditioned stimulus and elicits a conditioned response when presented alone.,Classical Conditioning,Understand/Apply,2,"In higher-order (second-order) conditioning, a new neutral stimulus (CS2) paired with an already-established CS1 acquires the ability to elicit a conditioned response without ever being directly paired with the unconditioned stimulus.",PMET
D1-Ch02,"Beyond the Basics: Higher-Order Conditioning, Blocking, and Overshadowing",2,01-3,AP-D1-LEA-01-3,D1-LEA-01-3-cd0e6629,True,"Kamin, L.J. (1969). Predictability, surprise, attention, and conditioning. In B.A. Campbell & R.M. Church (Eds.), Punishment and aversive behavior (pp. 279-296): Prior conditioning to stimulus A ""blocks"" conditioning to stimulus B when both are presented as a compound AB paired with the US. The US must be ""surprising"" for new learning to occur. When the US is already fully predicted by the pre-trained CS, no additional associative strength accrues to the new stimulus presented simultaneously.","In classical conditioning, blocking occurs when a new neutral stimulus is simultaneously presented with a previously conditioned stimulus before presenting the unconditioned stimulus, preventing the new neutral stimulus from becoming a conditioned stimulus.",Classical Conditioning,Understand/Apply,2,"Kamin's blocking effect occurs when prior conditioning to stimulus A prevents new conditioning to stimulus B when AB is compounded with the US, because the US is no longer surprising.",PMET
D1-Ch02,"Beyond the Basics: Higher-Order Conditioning, Blocking, and Overshadowing",2,02-2,AP-D1-LEA-02-2,D1-LEA-02-2-9af2de77,True,"Kamin (1969): Prior conditioning to stimulus A prevents conditioning to stimulus B when both are presented as a compound AB paired with the US. The US must be surprising for learning to occur. If the US is fully predicted by Stimulus A, no new learning about Stimulus B occurs.","Blocking occurs when a new neutral stimulus is presented with a conditioned stimulus, preventing the new stimulus from becoming a conditioned stimulus.",Classical Conditioning,Understand/Apply,2,Kamin's blocking effect demonstrates that prior conditioning to stimulus A prevents new learning about stimulus B in an AB compound because the US must be surprising for conditioning to occur.,PMET
D1-Ch02,"Beyond the Basics: Higher-Order Conditioning, Blocking, and Overshadowing",2,013,AP-D1-LEA-013,D1-LEA-013-361cb87a,True,"Mackintosh, N.J. (1976). Overshadowing and stimulus intensity. Animal Learning & Behavior, 4(2), 186-192: ""Pavlov (1927) used the term 'overshadowing' to describe the observation that conditioning to a relatively weak stimulus might be severely attenuated if it was always presented in conjunction with a more intense stimulus."" ""When one component was markedly more salient than the other, the more salient overshadowed the less salient.""","Testing the effects of overshadowing involves presenting two neutral stimuli together before the unconditioned stimulus, which leads to the less salient conditioned stimulus being overshadowed by the more salient one.",Classical Conditioning,Understand/Apply,2,Overshadowing occurs when a more salient stimulus presented in compound with a less salient stimulus attenuates conditioning to the less salient stimulus.,PMET
D1-Ch03,"Consequences That Shape Behavior: Reinforcement, Punishment, and the Operant Framework",3,041-1,AP-D1-LEA-041-1,D1-LEA-041-1-455c605b,True,"Thorndike (1911): Thorndike's research with cats in a puzzle box led to his development of the law of effect: ""Of several responses made to the same situation, those which are accompanied or closely followed by satisfaction to the animal will, other things being equal, be more firmly connected with the situation... those which are accompanied or closely followed by discomfort to the animal will, other things being equal, have their connections with that situation weakened.""",Thorndike's research with cats in a puzzle box led to his development of the law of effect.,Operant Conditioning,Understand,2,"Thorndike's law of effect states that responses followed by satisfying outcomes are strengthened while those followed by discomfort are weakened, derived from his puzzle-box research with cats.",PMET
D1-Ch03,"Consequences That Shape Behavior: Reinforcement, Punishment, and the Operant Framework",3,042,AP-D1-LEA-042,D1-LEA-042-8c39d910,True,"Skinner (1953): ""We define the negative reinforcer (an aversive stimulus) as any stimulus the withdrawal of which strengthens the behavior."" Behavior that terminates an aversive stimulus is strengthened by removal of that stimulus.","Negative reinforcement occurs when a behavior continues or increases because performing the behavior results in the termination or withdrawal of a stimulus, as exemplified by a woman who eats chocolate because it reduces her anxiety.",Operant Conditioning,Understand,2,Negative reinforcement strengthens behavior by removing an aversive stimulus contingent upon that behavior.,PMET
D1-Ch03,"Consequences That Shape Behavior: Reinforcement, Punishment, and the Operant Framework",3,07-2,AP-D1-LEA-07-2,D1-LEA-07-2-10eebb33,True,"Dinsmoor, J.A. (1977). Escape, avoidance, punishment. Journal of the Experimental Analysis of Behavior, 28(1), 83-95: ""The only requirement is that these responses produce earlier termination of the shock when the animal is holding the bar down at the moment of onset than when it is somewhere else, off the bar."" The behavior that results in removal of the aversive stimulus is the one being negatively reinforced. Always identify whose behavior is being strengthened by the removal of the aversive stimulus -- that individual is under negative reinforcement control.",Mrs. Smith's reprimands for her son Sam hitting the family dog are being controlled by negative reinforcement.,Operant Conditioning,Understand,2,"In negative reinforcement, the behavior that produces removal of an aversive stimulus is strengthened; always identify whose behavior is increased by the aversive stimulus's removal.",PMET
D1-Ch03,"Consequences That Shape Behavior: Reinforcement, Punishment, and the Operant Framework",3,052,AP-D1-LEA-052,D1-LEA-052-148dae11,True,"Lerman, D.C. & Vorndran, C.M. (2002). On the status of knowledge for using punishment. Journal of Applied Behavior Analysis, 35(4), 431-464: Negative punishment involves ""the removal of stimuli, often called negative punishment (i.e., response cost, time-out from positive reinforcement)."" The removal of a desirable stimulus following a behavior decreases the likelihood of that behavior occurring in the future.","Negative punishment occurs when a behavior decreases or stops because a stimulus is removed following the behavior, as in the situation where a 12-year-old boy stops teasing his younger sister because his parents subtract 50 cents from his weekly allowance whenever he does so.",Operant Conditioning,Understand,2,Negative punishment decreases the future probability of a behavior by removing a desirable stimulus contingent upon that behavior.,PMET
D1-Ch03,"Consequences That Shape Behavior: Reinforcement, Punishment, and the Operant Framework",3,05-1,AP-D1-LEA-05-1,D1-LEA-05-1-36778c26,True,"Moher, C.A. et al. (2008). Non-generalized and generalized conditioned reinforcers. Behavioral Interventions, 23(1), 13-38: Generalized conditioned reinforcers ""may be less sensitive to the effects of satiation"" because their effectiveness ""does not depend on a single kind of deprivation."" ""Increasing the number of backup reinforcers with which the token was paired resulted in the effectiveness maintaining during satiation conditions.""","Generalized reinforcers (e.g., money, tokens) are less susceptible than primary and secondary reinforcers to satiation because they can be exchanged for a variety of back-up (primary) reinforcers.",Operant Conditioning,Understand,2,"Generalized conditioned reinforcers (e.g., money, tokens) are less susceptible to satiation than primary reinforcers because their effectiveness depends on access to multiple backup reinforcers rather than a single deprivation state.",PMET
D1-Ch03,"Consequences That Shape Behavior: Reinforcement, Punishment, and the Operant Framework",3,05-2,AP-D1-LEA-05-2,D1-LEA-05-2-0352a19c,True,"Skinner, B.F. (1953). Science and human behavior. Macmillan: A positive discriminative stimulus (S^D) ""sets the occasion"" for a response by signaling that reinforcement is available. In its presence, the operant response is reinforced; in its absence, the response goes unreinforced. The S^D does not elicit the behavior but rather indicates that reinforcement is contingent upon the response.",A positive discriminative stimulus signals that a behavior will be reinforced.,Operant Conditioning,Understand,2,A positive discriminative stimulus (S^D) signals that reinforcement is available for a response but does not elicit the behavior; it sets the occasion for the operant response.,PMET
D1-Ch03,"Consequences That Shape Behavior: Reinforcement, Punishment, and the Operant Framework",3,09,AP-D1-LEA-09,D1-LEA-09-ad9346c2,True,"Baer, D.M., Wolf, M.M., & Risley, T.R. (1968). Some current dimensions of applied behavior analysis. Journal of Applied Behavior Analysis, 1(1), 91-97: The discriminative stimulus (SD) signals that reinforcement is available for a particular response; in its presence a response is reinforced, and in its absence it goes unreinforced.","When using stimulus control to increase a behavior, the presence of a discriminative stimulus indicates that the behavior will be reinforced.",Operant Conditioning,Understand,2,"A discriminative stimulus (SD) signals that a particular response will be reinforced, thereby increasing the probability of that response in its presence.",PMET
D1-Ch03,"Consequences That Shape Behavior: Reinforcement, Punishment, and the Operant Framework",3,041-2,AP-D1-LEA-041-2,D1-LEA-041-2-6c914ecc,True,"Dinsmoor, J.A. (1977). Escape, avoidance, punishment. Journal of the Experimental Analysis of Behavior, 28(1), 83-95: ""More rapid termination of the shock selectively reinforced the behavior of holding the bar down."" Escape conditioning is a form of negative reinforcement in which a behavior terminates an ongoing aversive stimulus.","Continuing to say ""I love you"" to his mother whenever she yells at the boy is a result of escape conditioning, where the behavior is maintained because it allows the boy to ""escape"" his mother's yelling.",Operant Conditioning,Understand,2,Escape conditioning is a form of negative reinforcement in which a behavior is strengthened because it terminates an ongoing aversive stimulus.,PMET
D1-Ch03,"Consequences That Shape Behavior: Reinforcement, Punishment, and the Operant Framework",3,06-1,AP-D1-LEA-06-1,D1-LEA-06-1-ab50ddaa,True,"Mowrer, O.H. (1956). Two-factor learning theory reconsidered. Psychological Review, 63(2), 114-128: ""Basically the two-factor, or two-process, hypothesis holds that habits are learned on the basis of the reinforcement provided by reward, or drive reduction, and that fears are learned (conditioned) on the basis of the contiguous occurrence of a signal and punishment."" Avoidance conditioning combines (1) classical conditioning of fear to a neutral stimulus and (2) operant conditioning (negative reinforcement) in which the avoidance behavior is maintained because it reduces conditioned fear.",Avoidance conditioning is an example of two-factor learning that combines classical conditioning and negative reinforcement.,Operant Conditioning,Understand,2,Mowrer's two-factor theory holds that avoidance conditioning combines classical conditioning of fear to a neutral cue and operant negative reinforcement in which the avoidance response is maintained by reducing conditioned fear.,PMET
D1-Ch03,"Consequences That Shape Behavior: Reinforcement, Punishment, and the Operant Framework",3,053,AP-D1-LEA-053,D1-LEA-053-83169ca2,True,"Mowrer, O.H. (1956). Two-factor learning theory reconsidered. Psychological Review, 63(2), 114-128: ""Basically the two-factor, or two-process, hypothesis holds that habits are learned on the basis of the reinforcement provided by reward, or drive reduction, and that fears are learned (conditioned) on the basis of the contiguous occurrence of a signal and punishment."" Avoidance involves (1) classical conditioning of fear to a neutral stimulus and (2) operant conditioning of avoidance behavior reinforced by fear reduction.",Mowrer's (1960) two-factor theory of learning proposes that avoidance conditioning is an example of two-factor learning because it combines classical conditioning and negative reinforcement (operant conditioning).,Operant Conditioning,Understand,2,Mowrer's two-factor theory proposes that avoidance behavior involves classical conditioning of fear to a neutral stimulus and operant conditioning (negative reinforcement) in which avoidance is maintained by fear reduction.,PMET
D1-Ch04,"Schedules, Shaping, and the Fine-Tuning of Behavior",4,08,AP-D1-LEA-08,D1-LEA-08-22a02a45,True,"Lerman, D.C. et al. (1996). Responding maintained by intermittent reinforcement. Journal of Applied Behavior Analysis, 29(2), 153-171: ""Switching from an INT to a CRF schedule prior to extinction may lower the baseline response rate."" Continuous reinforcement carries a high risk of satiation, while transitioning to intermittent reinforcement reduces satiation risk and maintains behavior.",Switching from a continuous schedule to an intermittent schedule of reinforcement reduces the risk for satiation when a parent is using positive reinforcement to establish a desirable behavior in their child.,Operant Conditioning,Apply,2-3,Switching from a continuous reinforcement schedule to an intermittent schedule reduces the risk of satiation while maintaining behavior.,PMET
D1-Ch04,"Schedules, Shaping, and the Fine-Tuning of Behavior",4,092,AP-D1-LEA-092,D1-LEA-092-1cdb7a2f,True,"Nevin, J.A. & Grace, R.C. (2000). Behavioral momentum and the Law of Effect. Behavioral and Brain Sciences, 23(1), 73-90: ""Variable-ratio (VR) schedules usually maintain much higher response rates than VI schedules."" The variable ratio schedule produces the highest and most consistent response rate among the four basic intermittent schedules. When using positive reinforcement to establish or increase a behavior, use of the variable ratio schedule maximizes resistance to extinction.","When using positive reinforcement to establish or increase a behavior, use of the variable ratio schedule of reinforcement will maximize the behavior's resistance to extinction.",Operant Conditioning,Apply,2-3,The variable-ratio schedule produces the highest and most consistent response rates and maximizes resistance to extinction among the four basic intermittent reinforcement schedules.,PMET
D1-Ch04,"Schedules, Shaping, and the Fine-Tuning of Behavior",4,103,AP-D1-LEA-103,D1-LEA-103-8c98736b,True,"Nevin, J.A. & Grace, R.C. (2000). Behavioral momentum and the Law of Effect. Behavioral and Brain Sciences, 23(1), 73-90: ""Variable-ratio (VR) schedules usually maintain much higher response rates than VI schedules."" Among the four basic intermittent schedules (FR, VR, FI, VI), the variable-ratio schedule produces the highest and most consistent response rates and the greatest resistance to extinction.",The variable ratio schedule of reinforcement produces the highest and steadiest rate of responding and the greatest resistance to extinction.,Operant Conditioning,Apply,2-3,"The variable-ratio schedule produces the highest, steadiest rate of responding and the greatest resistance to extinction among the four basic intermittent reinforcement schedules.",PMET
D1-Ch04,"Schedules, Shaping, and the Fine-Tuning of Behavior",4,064,AP-D1-LEA-064,D1-LEA-064-1dbb49a4,True,"Hagopian, L.P. et al. (2011). Reinforcement schedule thinning following functional communication training. Behavior Analysis in Practice, 4(1), 4-16: Schedule thinning involves ""altering the reinforcement schedule, usually in a systematic and progressive manner across multiple sessions, until some terminal schedule, judged to be practical for care providers to implement, is reached."" The systematic, gradual transition from dense to lean reinforcement schedules.","Reducing the amount of positive reinforcement, referred to as thinning, involves going from a ""thicker"" reinforcement schedule to a ""thinner"" one.",Operant Conditioning,Apply,2-3,"Schedule thinning is the systematic, gradual transition from a dense (thick) to a lean (thin) reinforcement schedule until a practical terminal schedule is reached.",PMET
D1-Ch04,"Schedules, Shaping, and the Fine-Tuning of Behavior",4,07-3,AP-D1-LEA-07-3,D1-LEA-07-3-941caf27,True,"Hagopian, L.P. et al. (2011). Reinforcement schedule thinning following functional communication training. Behavior Analysis in Practice, 4(1), 4-16: Schedule thinning involves ""altering the reinforcement schedule, usually in a systematic and progressive manner across multiple sessions, until some terminal schedule, judged to be practical for care providers to implement, is reached."" Thinning is the gradual transition from a denser (thicker) to a leaner (thinner) reinforcement schedule.",Reducing the amount of positive reinforcement is referred to as thinning.,Operant Conditioning,Apply,2-3,"Thinning refers to the gradual, systematic reduction of reinforcement density, transitioning from a denser to a leaner reinforcement schedule.",PMET
D1-Ch04,"Schedules, Shaping, and the Fine-Tuning of Behavior",4,004,AP-D1-LEA-004,D1-LEA-004-33fc2898,True,"Herrnstein, R.J. (1961). Relative and absolute strength of response as a function of frequency of reinforcement. Journal of the Experimental Analysis of Behavior, 4(3), 267-272: ""The relative frequency of responding on a key equaled the relative frequency of reinforcement from it."" The matching law states that the relative rate of responding on a particular alternative matches the relative rate of reinforcement obtained from that alternative. When two or more concurrent schedules operate simultaneously, the organism distributes its behavior proportionally to the reinforcement each schedule delivers.",The matching law predicts the effects of two or more concurrent schedules of reinforcement on the behaviors that are being reinforced.,Operant Conditioning,Apply,2-3,Herrnstein's matching law states that an organism's relative rate of responding on concurrent schedules proportionally matches the relative rate of reinforcement obtained from each alternative.,PMET
D1-Ch04,"Schedules, Shaping, and the Fine-Tuning of Behavior",4,063,AP-D1-LEA-063,D1-LEA-063-0d8bdf77,True,"Reynolds, G.S. (1961). Behavioral contrast. Journal of the Experimental Analysis of Behavior, 4(1), 57-71: Positive behavioral contrast occurs when reinforcement for one behavior in a multiple schedule is discontinued while reinforcement for the other behavior remains unchanged, resulting in the still-reinforced behavior increasing in rate above its original baseline level, while the no-longer-reinforced behavior decreases.","Positive behavioral contrast occurs when two behaviors are being reinforced and the reinforcement for one behavior is stopped while reinforcement for the other behavior stays the same, resulting in the behavior that is no longer reinforced decreasing and the behavior that is still receiving the same amount of reinforcement increasing.",Operant Conditioning,Apply,2-3,"Positive behavioral contrast occurs in multiple schedules when reinforcement for one behavior is discontinued, causing the rate of the still-reinforced behavior to increase above its original baseline.",PMET
D1-Ch04,"Schedules, Shaping, and the Fine-Tuning of Behavior",4,06-2,AP-D1-LEA-06-2,D1-LEA-06-2-68e52b11,True,"Reynolds, G.S. (1961). Behavioral contrast. Journal of the Experimental Analysis of Behavior, 4(1), 57-71: ""The increase in the rate of responding during one component of a multiple schedule when the conditions in another component are changed so as to decrease the rate of responding during that component"" constitutes behavioral contrast. When reinforcement is discontinued for one behavior but maintained for another, the still-reinforced behavior increases in rate -- a phenomenon termed behavioral contrast.","The boy's response to the change in reinforcement, where the point system is stopped for cleaning the cat box but not for taking out the garbage, is referred to as behavioral contrast.",Operant Conditioning,Apply,2-3,Behavioral contrast occurs when discontinuing reinforcement for one behavior in a multiple schedule causes the rate of the still-reinforced behavior to increase above its original baseline level.,PMET
D1-Ch04,"Schedules, Shaping, and the Fine-Tuning of Behavior",4,011,AP-D1-LEA-011,D1-LEA-011-6110b3a5,True,"Terrace, H.S. (1963). Discrimination learning with and without ""errors."" Journal of the Experimental Analysis of Behavior, 6(1), 1-27: ""S--'s duration and brightness is progressively increased until S+ and S-- differ only with respect to wavelength."" Fading is the systematic and gradual removal of prompts (supplementary cues such as brightness or size differences) so that behavior comes under the control of the natural discriminative stimulus alone.",The gradual removal of visual or auditory hints or cues (prompts) is referred to as fading.,Operant Conditioning,Apply,2-3,"Fading is the systematic, gradual removal of supplementary prompts so that behavior comes under control of the natural discriminative stimulus alone.",PMET
D1-Ch04,"Schedules, Shaping, and the Fine-Tuning of Behavior",4,085,AP-D1-LEA-085,D1-LEA-085-af70c17e,True,"Terrace, H.S. (1963). Discrimination learning with and without ""errors."" Journal of the Experimental Analysis of Behavior, 6(1), 1-27: ""S--'s duration and brightness is progressively increased until S+ and S-- differ only with respect to wavelength."" By gradually changing stimuli, organisms can learn discriminations ""without errors."" Fading involves the gradual withdrawal of auxiliary stimulus differences (prompts) so that behavior comes under control of the natural discriminative stimulus alone.","In the context of operant conditioning, fading refers to the systematic and gradual removal of prompts.",Operant Conditioning,Apply,2-3,Fading is the systematic and gradual removal of prompts so that behavior comes under control of the natural discriminative stimulus alone.,PMET
D1-Ch05,Applied Principles and the Bridge to Research Methods,5,074,AP-D1-LEA-074,D1-LEA-074-5dab688e,True,"Skinner, B.F. (1948). ""Superstition"" in the pigeon. Journal of Experimental Psychology, 38(2), 168-172: Skinner referred to the unusual behaviors exhibited by pigeons -- such as bowing, turning, and hopping on one foot -- as ""superstitious behavior."" When pigeons were delivered food pellets every 15 seconds regardless of their behavior, they developed ritualistic responses as if those behaviors caused the food delivery. ""The bird behaves as if there were a causal relation between its behavior and the presentation of food, although such a relation is lacking.""","B. F. Skinner (1948) referred to the unusual behaviors, such as bowing, turning, and hopping on one foot, exhibited by pigeons who were delivered food pellets every 15 seconds regardless of their behavior as superstitious behaviors.",Operant Conditioning,Apply/Analyze,2-3,"Skinner termed the ritualistic behaviors (bowing, turning, hopping) pigeons developed under noncontingent fixed-time food delivery superstitious behavior, as if the behavior caused food delivery.",PMET
D1-Ch05,Applied Principles and the Bridge to Research Methods,5,07-1,AP-D1-LEA-07-1,D1-LEA-07-1-47b7292b,True,"Reynolds, G.S. (1961). Behavioral contrast. Journal of the Experimental Analysis of Behavior, 4(1), 57-71: When reinforcement is stopped for one of two concurrently reinforced responses (e.g., pressing Bar B), positive behavioral contrast predicts that the still-reinforced response (pressing Bar A) will increase in frequency while the no-longer-reinforced response (pressing Bar B) decreases.","If reinforcement is stopped for pressing Bar B, a rat will press Bar A with greater frequency and Bar B with less frequency.",Operant Conditioning,Apply/Analyze,2-3,"Positive behavioral contrast occurs when reinforcement is discontinued for one of two concurrently reinforced responses, causing the still-reinforced response to increase in frequency.",PMET
D1-Ch05,Applied Principles and the Bridge to Research Methods,5,068,AP-D1-RMS-068,D1-RMS-068-b1433557,True,"Steckler, A. & McLeroy, K.R. (2008). The importance of external validity. American Journal of Public Health, 98(1), 9-10: External validity concerns ""whether causal relationships can be generalized to different measures, persons, settings, and times.""","External validity refers to the extent to which research results are generalizable to other people, settings, and times.",Internal/External Validity,Apply/Analyze,2-3,"External validity refers to the degree to which research findings can be generalized to different persons, settings, and times.",PMET
D1-Ch05,Applied Principles and the Bridge to Research Methods,5,009,AP-D1-RMS-009,D1-RMS-009-04752faa,True,"Denzin (1970/2017): Triangulation is ""the combination of two or more theories, sources of data, research methods, in the study of a singular phenomenon."" Between-methods triangulation specifically involves combining both qualitative and quantitative methods to collect data on the same research question, enhancing confidence in findings by leveraging the complementary strengths of different methodological approaches.","Triangulation refers to the use of more than one approach to the investigation of a research question in order to enhance confidence in the ensuing findings, and between-methods triangulation involves including both qualitative and quantitative methods to collect data.",Research - Single-Subject and Group Designs,Apply/Analyze,2-3,Between-methods triangulation combines qualitative and quantitative data collection on the same research question to enhance confidence in findings by leveraging complementary methodological strengths.,PMET
D1-Ch05,Applied Principles and the Bridge to Research Methods,5,082,AP-D1-TES-082,D1-TES-082-e7238cc7,True,"Messick, S. (1995). Validity of psychological assessment. American Psychologist, 50(9), 741-749: Concurrent validity involves administering the test and criterion at approximately the same time and correlating the scores.",Evaluating a newly developed 10-item screening test's concurrent validity involves administering the test to a sample of clinic patients along with an established (validated) 50-item measure of depression and correlating the two sets of scores.,Test Validity - Content and Construct Validity,Apply/Analyze,2-3,Concurrent validity is established by administering a new test and an established criterion measure at approximately the same time and correlating the two sets of scores.,PMET
D1-Ch05,Applied Principles and the Bridge to Research Methods,5,08,AP-D1-TES-08,D1-TES-08-ebf5afda,True,"Mosier (1951): Cross-validation involves applying a prediction equation from one sample to a new, independent sample. The validity coefficient is typically smaller in the cross-validation sample because sample-specific chance factors that inflated the original coefficient are absent.","When a test is cross-validated on another sample, the criterion-related validity coefficient usually is smaller than the initial coefficient obtained on the original sample.",Test Validity - Content and Construct Validity,Apply/Analyze,2-3,Cross-validation typically yields a smaller validity coefficient than the original sample because sample-specific chance factors that inflated the initial coefficient are absent in the new sample.,PMET
D1-Ch06,Relationships in Data: Correlation and Bivariate Statistics,6,08-2,AP-D1-RMS-08-2,D1-RMS-08-2-70d13971,True,"Mukaka, M.M. (2012). A guide to appropriate use of correlation coefficient in medical research. Malawi Medical Journal, 24(3), 69-71: Pearson's product moment correlation coefficient ""represents the strength of the putative linear association between the variables in question."" ""It is used when both variables being studied are normally distributed."" Appropriate when both variables are continuous and measured on an interval or ratio scale.","The Pearson r correlation coefficient would be used to determine the degree of association between age in years and reaction time in seconds, as both represent a ratio scale of measurement.",Correlation and Regression,Understand/Apply,2-3,Pearson's product moment correlation coefficient measures the strength of a linear association and is appropriate when both variables are continuous and normally distributed on interval or ratio scales.,PMET
D1-Ch06,Relationships in Data: Correlation and Bivariate Statistics,6,004,AP-D1-RMS-004,D1-RMS-004-7cc2a5ab,True,"Kornbrot, D. (2014). Point biserial correlation. In Wiley StatsRef: ""The point biserial correlation, r_pb, is the value of Pearson's product moment correlation when one of the variables is dichotomous, taking on only two possible values coded 0 and 1, and the other variable is metric (interval or ratio)."" The point biserial correlation coefficient is used when one variable is a true dichotomy (e.g., high school diploma: yes/no) and the other is continuous (e.g., yearly income in dollars).",The point biserial correlation coefficient is the appropriate correlation coefficient to measure the degree of association between high school diploma (yes or no) and yearly income in dollars.,Correlation and Regression,Understand/Apply,2-3,"The point biserial correlation coefficient is used when one variable is a true dichotomy (e.g., yes/no) and the other is continuous interval or ratio data.",PMET
D1-Ch06,Relationships in Data: Correlation and Bivariate Statistics,6,08-1,AP-D1-RMS-08-1,D1-RMS-08-1-7648e3d4,True,"Kornbrot, D. (2014). Point biserial correlation. In Wiley StatsRef: ""The point biserial correlation, r_pb, is the value of Pearson's product moment correlation when one of the variables is dichotomous, taking on only two possible values coded 0 and 1, and the other variable is metric (interval or ratio).""","To determine the correlation between college graduate (yes or no) and yearly income in dollars, a point biserial correlation coefficient would be used.",Correlation and Regression,Understand/Apply,2-3,The point biserial correlation is used when one variable is dichotomous (coded 0 and 1) and the other is continuous (interval or ratio scale).,PMET
D1-Ch06,Relationships in Data: Correlation and Bivariate Statistics,6,06,AP-D1-RMS-06,D1-RMS-06-c02a88d5,True,"Spearman, C. (1904). The proof and measurement of association between two things. American Journal of Psychology, 15(1), 72-101: Spearman introduced the method of ""Comparison by Rank,"" in which the rank-order correlation substitutes ordinal rankings for actual measurements. The Spearman rank-order correlation coefficient (rho) is appropriate when both variables are measured on an ordinal scale (i.e., both sets of scores are reported as ranks).",The Spearman rank-order correlation coefficient is the appropriate correlation coefficient to determine the degree of association between the ranks of scores obtained by 35 students on a math exam and a physics exam.,Correlation and Regression,Understand/Apply,2-3,The Spearman rank-order correlation coefficient (rho) is the appropriate statistic when both variables are measured on an ordinal scale and scores are expressed as ranks.,PMET
D1-Ch06,Relationships in Data: Correlation and Bivariate Statistics,6,116,AP-D1-RMS-116,D1-RMS-116-29176f47,True,"Spearman, C. (1904). The proof and measurement of association between two things. American Journal of Psychology, 15(1), 72-101: Spearman introduces the method of ""Comparison by Rank,"" applicable when measurements are ordinal rather than interval. The rank method substitutes rank order for actual measurements, and ""correlation by rank"" is preferable when data are ordinal.",The Spearman rank-order correlation coefficient is the appropriate bivariate correlation coefficient to use when the scores to be correlated are both reported as ranks.,Correlation and Regression,Understand/Apply,2-3,The Spearman rank-order correlation coefficient is the appropriate bivariate correlation when both variables to be correlated are measured on an ordinal scale (reported as ranks).,PMET
D1-Ch06,Relationships in Data: Correlation and Bivariate Statistics,6,113,AP-D1-RMS-113,D1-RMS-113-5b569f01,True,"Cohen, J., Cohen, P., West, S.G., & Aiken, L.S. (2003). Applied multiple regression/correlation analysis for the behavioral sciences (3rd ed.). Lawrence Erlbaum: The eta (correlation ratio) coefficient measures the degree of association between two variables when both are measured on a continuous (interval or ratio) scale and their relationship is nonlinear (curvilinear). Unlike Pearson's r, which assumes linearity, eta can detect curvilinear relationships.",Eta is used when both variables are measured on a continuous (interval or ratio) scale and the relationship between the variables is nonlinear.,Correlation and Regression,Understand/Apply,2-3,"Eta (correlation ratio) measures the degree of association between two interval/ratio variables when their relationship is curvilinear (nonlinear), unlike Pearson's r which assumes linearity.",PMET
D1-Ch06,Relationships in Data: Correlation and Bivariate Statistics,6,105,AP-D1-RMS-105,D1-RMS-105-de109a6b,True,"Ozer, D.J. (1985). Correlation and the coefficient of determination. Psychological Bulletin, 97(2), 307-315: ""This index, referred to by Guilford (1936) as the coefficient of determination, is interpreted as the percentage of variance in one variable that is predicted or explained by the other."" ""r^2 is the percent of determination of y by x.""","Squaring the correlation coefficient between EPPP score and yearly salary five years after taking the exam will obtain the coefficient of determination, which indicates the amount of variability in yearly salary that's accounted for by EPPP score.",Correlation and Regression,Understand/Apply,2-3,The coefficient of determination (r²) represents the proportion of variance in one variable explained or predicted by the other variable in a correlational analysis.,PMET
D1-Ch06,Relationships in Data: Correlation and Bivariate Statistics,6,07-1,AP-D1-RMS-07-1,D1-RMS-07-1-43ff5c10,True,"Yang, K., Tu, J., & Chen, T. (2019). Homoscedasticity: An overlooked critical assumption for linear regression. General Psychiatry, 32(5), e100148: The ANOVA model requires ""constant variance sigma^2 for all subjects."" Homoscedasticity means the variance of Y is approximately equal across all values of X.",A scatterplot showing that the variability of Y scores is about the same for all scores on X indicates a situation of homoscedasticity.,Correlation and Regression,Understand/Apply,2-3,"Homoscedasticity, an assumption of ANOVA and regression, means the variance of Y scores is approximately equal across all values of X.",PMET
D1-Ch06,Relationships in Data: Correlation and Bivariate Statistics,6,07-2,AP-D1-RMS-07-2,D1-RMS-07-2-3ed56389,True,"Sackett, P.R. & Yang, H. (2000). Correction for range restriction: An expanded typology. Journal of Applied Psychology, 85(1), 112-118: Direct truncation on x reduces the population correlation from .50 to .33, demonstrating that restriction of range produces attenuated (smaller) observed correlations.",A restriction in range of scores on variables being measured will most likely produce a correlation coefficient that underestimates the actual relationship between the variables.,Correlation and Regression,Understand/Apply,2-3,"Restriction of range attenuates the observed correlation coefficient, causing it to underestimate the true relationship between variables.",PMET
D1-Ch06,Relationships in Data: Correlation and Bivariate Statistics,6,005,AP-D1-RMS-005,D1-RMS-005-384a6ddb,True,"Mason, C.H. & Perreault, W.D. (1991). Collinearity, power, and interpretation of multiple regression analysis. Journal of Marketing Research, 28(3), 268-280: ""Collinearity is generally agreed to be present if there is an approximate linear relationship (i.e., shared variance) among some of the predictor variables"" and ""near collinearities inflate the variances of the regression coefficients.""",Multicollinearity occurs when scores on one or more explanatory variables are highly correlated with scores on one or more of the other explanatory variables in a multiple regression analysis.,Correlation and Regression,Understand/Apply,2-3,"Multicollinearity occurs when predictor variables in a multiple regression analysis share high intercorrelations, inflating the variance of regression coefficients.",PMET
D1-Ch07,"Prediction and Complexity: Regression, Multivariate Methods, and the Limits of Validity",7,127,AP-D1-RMS-127,D1-RMS-127-b1bfbca9,True,"Whittingham, M.J. et al. (2006). Why do we still use stepwise modelling in ecology and behaviour? Journal of Animal Ecology, 75(5), 1182-1189: Stepwise multiple regression involves ""algorithms that operate by successive addition or removal of significant or nonsignificant terms."" ""A MAM is defined as the model that contains the minimum number of predictors that satisfy some criterion."" The software selects predictor variables to find the smallest subset maximizing variance explained.","Multiple regression, specifically stepwise multiple regression, is used to identify the fewest number of predictors needed to make an accurate prediction about applicants' job performance scores.",Correlation and Regression,Analyze,3,Stepwise multiple regression uses successive addition or removal of predictors to identify the smallest subset of variables that maximizes variance explained in the criterion.,PMET
D1-Ch07,"Prediction and Complexity: Regression, Multivariate Methods, and the Limits of Validity",7,124,AP-D1-RMS-124,D1-RMS-124-1028159c,True,"Boedeker, P. & Kearns, N.T. (2019). Linear discriminant analysis for prediction of group membership. Advances in Methods and Practices in Psychological Science, 2(3), 250-263: ""Fisher (1936) originally developed LDA as a method for finding linear combinations of variables that best separated observations into groups."" Used ""for allocating new observations to previously defined categories through the creation of a classification rule.""","Discriminant function analysis, also known as discriminant analysis, is the appropriate technique to use when two or more predictors will be used to categorize people into one of two or more criterion groups, such as determining which of five vocational training programs is the best one for an unemployed young adult who dropped out of high school.",Correlation and Regression,Analyze,3,Discriminant function analysis (linear discriminant analysis) uses two or more predictor variables to classify individuals into one of two or more predefined criterion groups.,PMET
D1-Ch07,"Prediction and Complexity: Regression, Multivariate Methods, and the Limits of Validity",7,09,AP-D1-RMS-09,D1-RMS-09-d0cfb435,True,"Thompson, B. (1984). Canonical correlation analysis: Uses and interpretation. Sage: Canonical correlation is an extension of multiple regression that accommodates two or more predictors and two or more criteria simultaneously. It identifies linear combinations of the predictor set and criterion set that are maximally correlated, making it the appropriate multivariate technique when multiple predictors are used to estimate status on multiple criterion variables.",Canonical correlation is the appropriate multivariate technique when two or more predictors will be used to estimate status on two or more criteria.,Correlation and Regression,Analyze,3,Canonical correlation is the appropriate multivariate technique when two or more predictor variables are used simultaneously to estimate status on two or more criterion variables.,PMET
D1-Ch07,"Prediction and Complexity: Regression, Multivariate Methods, and the Limits of Validity",7,07-3,AP-D1-RMS-07-3,D1-RMS-07-3-d4090d3d,True,"Bring, J. (1994). How to standardize regression coefficients. The American Statistician, 48(3), 209-213: A negative beta weight indicates an inverse relationship between that predictor and the criterion, holding all other predictors constant.","When a predictor's beta weight is negative in a multiple regression equation, it means the predictor has a negative correlation with the criterion.",Correlation and Regression,Analyze,3,"A negative beta weight in multiple regression indicates an inverse relationship between that predictor and the criterion variable, holding all other predictors constant.",PMET
D1-Ch07,"Prediction and Complexity: Regression, Multivariate Methods, and the Limits of Validity",7,184,AP-D1-RMS-184,D1-RMS-184-776c3b84,True,"Anderson, J.C. & Gerbing, D.W. (1988). Structural equation modeling in practice. Psychological Bulletin, 103(3), 411-423: ""A confirmatory measurement, or factor analysis, model specifies the relations of the observed measures to their posited underlying constructs."" ""A confirmatory structural model then specifies the causal relations of the constructs to one another."" SEM assesses relationships among both observed (measured) variables and latent (unobserved) variables.",Structural equation modeling (SEM) is used to test models of the relationships among observed and latent variables.,Correlation and Regression,Analyze,3,Structural equation modeling (SEM) tests hypothesized models of relationships among both observed (measured) variables and latent (unobserved) variables.,PMET
D1-Ch07,"Prediction and Complexity: Regression, Multivariate Methods, and the Limits of Validity",7,106,AP-D1-TES-106,D1-TES-106-6af18ca5,True,"Novick, M.R. (1966). The axioms and principal results of classical test theory. Journal of Mathematical Psychology, 3(1), 1-18: The observed validity coefficient is attenuated by unreliability: the maximum possible validity is bounded by the square root of the reliability. A test with reliability of .81 has a maximum possible validity coefficient of .90. A test's validity coefficient cannot exceed the square root of its reliability coefficient.",A test's criterion-related validity coefficient can be no greater than the square root of its reliability coefficient.,Test Validity - Criterion-Related Validity,Analyze,3,"A test's criterion-related validity coefficient cannot exceed the square root of its reliability coefficient, so a reliability of .81 sets a validity ceiling of .90.",PMET
D1-Ch07,"Prediction and Complexity: Regression, Multivariate Methods, and the Limits of Validity",7,117,AP-D1-TES-117,D1-TES-117-832f85d0,True,"Mosier (1951): Shrinkage is the reduction in the validity coefficient when a prediction equation from one sample is applied to a new, independent sample. Sample-specific chance factors that inflated the original coefficient are absent in the new sample.",Shrinkage is associated with cross-validation and refers to the fact that a validity coefficient is likely to be smaller than the original coefficient when the predictor(s) and criterion are administered to another (cross-validation) sample due to chance factors that contributed to the relationship between the predictor(s) and criterion in the original sample not being present in the cross-validation sample.,Test Validity - Criterion-Related Validity,Analyze,3,"Shrinkage is the reduction in validity coefficient when a prediction equation derived from one sample is applied to a new independent sample, due to chance factors absent in the cross-validation sample.",PMET
D1-Ch07,"Prediction and Complexity: Regression, Multivariate Methods, and the Limits of Validity",7,10-3,AP-D1-TES-10-3,D1-TES-10-3-8698fbdc,True,"Mosier, C.I. (1951). Problems and designs of cross-validation. Educational and Psychological Measurement, 11(1), 5-11: Cross-validation involves applying a prediction equation derived from one sample to a new, independent sample. The validity coefficient in the cross-validation sample is typically smaller than the original coefficient due to ""shrinkage"" -- sample-specific chance factors that inflated the original coefficient are absent in the new sample.","When a test developer cross-validates a job knowledge test by administering it to a new sample, the validity coefficient is likely to be less than the original validity coefficient due to shrinkage.",Test Validity - Criterion-Related Validity,Analyze,3,"Cross-validation typically yields a smaller validity coefficient than the original due to shrinkage, because sample-specific chance factors that inflated the original coefficient are absent in the new sample.",PMET
D1-Ch08,"Testing Ideas: Sampling Distributions, Hypothesis Testing, and Statistical Power",8,10,AP-D1-RMS-10,D1-RMS-10-d4fea61c,True,"Kim, T.K. (2015). T test as a parametric statistic. Korean Journal of Anesthesiology, 68(6), 540-546: ""When samples are drawn from population N (mu, sigma-squared) with a sample size of n, the distribution of the sample mean should be a normal distribution."" The distribution of sample means approaches a normal distribution as n increases, regardless of the population distribution's shape.","The central limit theorem predicts that the sampling distribution of means increasingly approaches a normal distribution as the sample size increases, regardless of the shape of the population distribution of scores.",Overview of Inferential Statistics,Understand/Apply,2-3,"The central limit theorem states that the sampling distribution of means approaches normality as sample size increases, regardless of the shape of the population distribution.",PMET
D1-Ch08,"Testing Ideas: Sampling Distributions, Hypothesis Testing, and Statistical Power",8,002,AP-D1-RMS-002,D1-RMS-002-1d02e270,True,"Kim, T.K. (2015). T test as a parametric statistic. Korean Journal of Anesthesiology, 68(6), 540-546: ""When samples are drawn from population N (mu, sigma-squared) with a sample size of n, the distribution of the sample mean should be a normal distribution N (mu, sigma-squared/n)."" The standard error of the mean (SE = sigma / sqrt(n)) increases as the population standard deviation increases and as the sample size decreases.",The size of the standard error of the mean increases as the population standard deviation increases and the sample size decreases.,Overview of Inferential Statistics,Understand/Apply,2-3,The standard error of the mean increases as population standard deviation increases and as sample size decreases.,PMET
D1-Ch08,"Testing Ideas: Sampling Distributions, Hypothesis Testing, and Statistical Power",8,037,AP-D1-RMS-037,D1-RMS-037-156c5634,True,"Kim, T.K. (2015). T test as a parametric statistic. Korean Journal of Anesthesiology, 68(6), 540-546: ""The sampling distribution shows normal distribution with mean of mu and variance of sigma-squared/n."" The standard error formula SE = sigma/sqrt(n) shows the standard error is directly proportional to the population standard deviation and inversely proportional to the square root of the sample size.",The standard error of the mean increases in size as the population standard deviation increases and sample size decreases.,Overview of Inferential Statistics,Understand/Apply,2-3,The standard error of the mean is directly proportional to population standard deviation and inversely proportional to the square root of sample size (SE = σ/√n).,PMET
D1-Ch08,"Testing Ideas: Sampling Distributions, Hypothesis Testing, and Statistical Power",8,08,AP-D1-RMS-08,D1-RMS-08-d1678828,True,"Kim, T.K. (2015). T test as a parametric statistic. Korean Journal of Anesthesiology, 68(6), 540-546: ""The sampling distribution shows normal distribution with mean of mu and variance of sigma-squared/n."" From the formula SE = sigma / sqrt(n), the standard error of the mean decreases as the population standard deviation decreases and as the sample size increases.",The standard error of the mean decreases in magnitude as the population standard deviation decreases and the sample size increases.,Overview of Inferential Statistics,Understand/Apply,2-3,The standard error of the mean (SE = sigma/√n) decreases as population standard deviation decreases and as sample size increases.,PMET
D1-Ch08,"Testing Ideas: Sampling Distributions, Hypothesis Testing, and Statistical Power",8,069,AP-D1-RMS-069,D1-RMS-069-b8ebdfb9,True,"Neyman & Pearson (1933): ""We fail to reject H_0 when some alternative hypothesis is true."" They called these ""errors of the second kind"" -- concluding there is no difference when one actually exists.",A Type II error occurs when a researcher retains a false null hypothesis.,Overview of Inferential Statistics,Understand/Apply,2-3,"A Type II error (beta) occurs when a researcher fails to reject a false null hypothesis, concluding no difference exists when one actually does.",PMET
D1-Ch08,"Testing Ideas: Sampling Distributions, Hypothesis Testing, and Statistical Power",8,007,AP-D1-RMS-007,D1-RMS-007-dc4153bc,True,"Cohen, J. (1992). A power primer. Psychological Bulletin, 112(1), 155-159: ""The risk of mistakenly rejecting the null hypothesis (H_0) and thus of committing a Type I error, alpha, represents a policy: the maximum risk of a false rejection."" Alpha and beta are inversely related: changing alpha from .01 to .05 increases the probability of a Type I error (false rejection of a true null hypothesis) and decreases the probability of a Type II error (failure to reject a false null hypothesis), thereby increasing statistical power.",Changing alpha from .01 to .05 increases the probability of making a Type I error when the null hypothesis is true and decreases the probability of making a Type II error when the null hypothesis is false.,Overview of Inferential Statistics,Understand/Apply,2-3,"Changing alpha from .01 to .05 increases the probability of a Type I error and decreases the probability of a Type II error, thereby increasing statistical power.",PMET
D1-Ch08,"Testing Ideas: Sampling Distributions, Hypothesis Testing, and Statistical Power",8,048,AP-D1-RMS-048,D1-RMS-048-c7150280,True,"Cohen, J. (1992). A power primer. Psychological Bulletin, 112(1), 155-159: ""The risk of mistakenly rejecting the null hypothesis (H_0) and thus of committing a Type I error, alpha, represents a policy: the maximum risk of a false rejection."" Alpha and beta are inversely related: raising alpha increases Type I error risk but decreases beta (Type II error probability).",Increasing the level of significance (alpha) from .05 to .10 increases the probability of making a Type I error and decreases the probability of making a Type II error.,Overview of Inferential Statistics,Understand/Apply,2-3,"Increasing alpha (e.g., from .05 to .10) increases the probability of a Type I error and simultaneously decreases the probability of a Type II error (beta).",PMET
D1-Ch08,"Testing Ideas: Sampling Distributions, Hypothesis Testing, and Statistical Power",8,09-2,AP-D1-RMS-09-2,D1-RMS-09-2-b4e77847,True,"Cohen, J. (1992). A power primer. Psychological Bulletin, 112(1), 155-159: ""The statistical power of a significance test is the long-term probability, given the population ES, alpha, and N, of rejecting H_0. Power is thus 1 - beta."" Increasing alpha from .01 to .05 increases both statistical power (1 - beta) and the probability of making a Type I error, because alpha and beta are inversely related.",Increasing alpha from .01 to .05 increases both statistical power and the probability of making a Type I error.,Overview of Inferential Statistics,Understand/Apply,2-3,"Increasing alpha from .01 to .05 simultaneously increases statistical power (1 − beta) and the probability of a Type I error, because alpha and beta are inversely related.",PMET
D1-Ch08,"Testing Ideas: Sampling Distributions, Hypothesis Testing, and Statistical Power",8,080,AP-D1-RMS-080,D1-RMS-080-c49d7eb8,True,"Bridge, P.D. & Sawilowsky, S.S. (1999). Increasing physicians' awareness of the impact of statistics on research outcomes. Journal of Clinical Epidemiology, 52(3), 229-235: ""The t-test is one of the most prevalent tests used in the medical field and is the uniformly most powerful unbiased test (UMPU) under normal curve theory."" Parametric tests are generally more powerful than nonparametric counterparts when assumptions are met.","Parametric statistical tests are more powerful than nonparametric tests, meaning that when using a parametric test, you're more likely to reject a false null hypothesis.",Overview of Inferential Statistics,Understand/Apply,2-3,"Parametric statistical tests are more powerful than nonparametric tests when their assumptions are met, meaning they have a greater probability of correctly rejecting a false null hypothesis.",PMET
D1-Ch08,"Testing Ideas: Sampling Distributions, Hypothesis Testing, and Statistical Power",8,201,AP-D1-RMS-201,D1-RMS-201-ac16acbf,True,"Kruschke, J.K. (2010). Bayesian data analysis. Wiley Interdisciplinary Reviews: Cognitive Science, 1(5), 658-676: ""Bayesian analysis uses Bayes' rule to combine the prior distribution with the likelihood function, yielding the posterior distribution."" Bayes' theorem updates the prior probability distribution with observed data (the likelihood function) to produce a posterior (updated) probability distribution for the parameter of interest.",Bayes' theorem combines the prior probability distribution and the likelihood function to obtain a posterior (updated) probability distribution for the parameter.,Overview of Inferential Statistics,Understand/Apply,2-3,Bayes' theorem combines a prior probability distribution with the likelihood function derived from observed data to produce a posterior (updated) probability distribution for the parameter of interest.,PMET
D1-Ch09,"Choosing the Right Test: t-Tests, ANOVA, and Post-Hoc Comparisons",9,09-1,AP-D1-RMS-09-1,D1-RMS-09-1-afdf2544,True,"Cohen, J. (1992). A power primer. Psychological Bulletin, 112(1), 155-159: ""The statistical power of a significance test is the long-term probability, given the population ES, alpha, and N, of rejecting H_0. Power is thus 1 - beta."" Power increases with larger alpha, larger effect size, larger sample size, and use of parametric tests.","Increasing the size of alpha, increasing the effect size, and using a parametric test when appropriate are methods for increasing the statistical power, which is the ability to reject a false null hypothesis, in designing and conducting a research study.",Overview of Inferential Statistics,Apply/Analyze,2-3,"Statistical power (1 − beta) increases with larger alpha, larger effect size, larger sample size, and use of parametric rather than nonparametric tests.",PMET
D1-Ch09,"Choosing the Right Test: t-Tests, ANOVA, and Post-Hoc Comparisons",9,36,AP-D1-RMS-36,D1-RMS-36-525647ed,True,"Cohen, J. (1992). A power primer. Psychological Bulletin, 112(1), 155-159: Cohen's effect size index d = (m_A - m_B) / sigma. Because d is inversely related to sigma, greater population variability (heterogeneity) inflates sigma, shrinks d, and thereby reduces statistical power rather than increasing it.",Statistical power is increased by all factors except population heterogeneity on the dependent variable.,Overview of Inferential Statistics,Apply/Analyze,2-3,Greater population heterogeneity (variability) on the dependent variable reduces statistical power by inflating the population standard deviation and thereby shrinking Cohen's d effect size.,PMET
D1-Ch09,"Choosing the Right Test: t-Tests, ANOVA, and Post-Hoc Comparisons",9,091,AP-D1-RMS-091,D1-RMS-091-89fe085f,True,"Kim, T.K. (2015). T test as a parametric statistic. Korean Journal of Anesthesiology, 68(6), 540-546: In the single-sample t-test, a sample mean is compared against a known or hypothesized population mean (mu).",The t-test for a single sample is used to compare an obtained sample mean to a known population mean.,Inferential Statistical Tests,Apply/Analyze,2-3,The single-sample t-test compares an obtained sample mean to a known or hypothesized population mean (mu).,PMET
D1-Ch09,"Choosing the Right Test: t-Tests, ANOVA, and Post-Hoc Comparisons",9,070,AP-D1-RMS-070,D1-RMS-070-0d06e990,True,"Gueorguieva, R. & Krystal, J.H. (2004). Move over ANOVA. Archives of General Psychiatry, 61(3), 310-317: Repeated-measures designs involve ""multiple measurements of the same individual."" ""Sequential observations of the same individual tend to be closer in value to one another than the same number of observations collected from different individuals."" The correlated-samples t-test compares two sets of scores from the same or matched participants.",The researcher will use a t-test for correlated samples to analyze the data obtained in the study evaluating the effects of a two-hour online lecture on statistics for improving the statistics knowledge of 35 psychologists who have just started studying for the EPPP.,Inferential Statistical Tests,Apply/Analyze,2-3,"The correlated-samples t-test is used when the same participants are measured twice or participants are matched, because repeated observations from the same individual tend to be more similar than observations from different individuals.",PMET
D1-Ch09,"Choosing the Right Test: t-Tests, ANOVA, and Post-Hoc Comparisons",9,11-1,AP-D1-RMS-11-1,D1-RMS-11-1-b4ee1be8,True,"Kim, T.K. (2015). T test as a parametric statistic. Korean Journal of Anesthesiology, 68(6), 540-546: ""Paired t tests can be categorized as a type of t test for a single sample because they test the difference between two paired results."" A t-test for correlated (paired) samples is used to compare the scores that subjects in two groups receive on a measure (such as symptom severity) after they receive treatment, when the subjects in the two groups have been matched on relevant variables prior to the study.","To compare the scores subjects in two groups receive on a measure of symptom severity after they receive treatment, a t-test for correlated samples will be used.",Inferential Statistical Tests,Apply/Analyze,2-3,"A paired (correlated) t-test is used to compare scores from two groups matched on relevant variables prior to the study, functioning statistically as a single-sample test of difference scores.",PMET
D1-Ch09,"Choosing the Right Test: t-Tests, ANOVA, and Post-Hoc Comparisons",9,081,AP-D1-RMS-081,D1-RMS-081-00bf725e,True,"Sawyer, S.F. (2009). Analysis of variance: The fundamental concepts. Journal of Manual & Manipulative Therapy, 17(2), 27E-38E: ""F = Mean Squares_Between Groups / Mean Squares_Within Groups (Error)."" ""The MS_Between Groups term is an indirect measure of differences in group means"" while ""The MS_Within Groups (Error) term is considered to represent statistical noise/error since this variance is not explained by the effect of the independent variable."" The numerator reflects treatment effects plus error; the denominator reflects error alone.","When conducting a one-way ANOVA, the F-ratio is calculated by dividing the mean square between, which provides an estimate of variability in dependent variable scores due to treatment effects plus error, by the mean square within.",Inferential Statistical Tests,Apply/Analyze,2-3,The F-ratio in a one-way ANOVA is calculated by dividing mean square between groups (treatment effects plus error) by mean square within groups (error alone).,PMET
D1-Ch09,"Choosing the Right Test: t-Tests, ANOVA, and Post-Hoc Comparisons",9,11-3,AP-D1-RMS-11-3,D1-RMS-11-3-608f9f31,True,"Sawyer, S.F. (2009). Analysis of variance: The fundamental concepts. Journal of Manual & Manipulative Therapy, 17(2), 27E-38E: ""F = Mean Squares_Between Groups / Mean Squares_Within Groups (Error)."" ""The MS_Between Groups term is an indirect measure of differences in group means"" and reflects ""the effects of the independent variable, or treatment, plus error."" The numerator of the F-ratio (mean square between) estimates variability in dependent variable scores due to treatment effects plus error.",The numerator of the F-ratio produced by a one-way ANOVA is a measure of variability in dependent variable scores that's due to treatment effects plus error.,Inferential Statistical Tests,Apply/Analyze,2-3,The numerator of the F-ratio (mean square between groups) estimates variability in dependent variable scores attributable to treatment effects plus error.,PMET
D1-Ch09,"Choosing the Right Test: t-Tests, ANOVA, and Post-Hoc Comparisons",9,11-2,AP-D1-RMS-11-2,D1-RMS-11-2-b51badda,True,"Armstrong, R.A. (2014). When to use the Bonferroni correction. Ophthalmic and Physiological Optics, 34(5), 502-508: ""As the number of tests increases, so does the likelihood of a type I error."" ANOVA evaluates all mean differences simultaneously, avoiding inflated experimentwise alpha from multiple comparisons.",The advantage of conducting a single one-way ANOVA rather than separate t-tests when a study includes one independent variable with three or more levels is that the ANOVA controls the experimentwise error rate.,Inferential Statistical Tests,Apply/Analyze,2-3,"A one-way ANOVA controls the experimentwise error rate by evaluating all group mean differences simultaneously, avoiding the inflated Type I error risk of conducting multiple separate t-tests.",PMET
D1-Ch09,"Choosing the Right Test: t-Tests, ANOVA, and Post-Hoc Comparisons",9,102,AP-D1-RMS-102,D1-RMS-102-5c04cd65,True,"Sawyer, S.F. (2009). Analysis of variance: The fundamental concepts. Journal of Manual & Manipulative Therapy, 17(2), 27E-38E: ""When an ANOVA has two or more independent variables it is referred to as a factorial ANOVA."" For a two-factor ANOVA, ""there are three Null hypotheses: (i) Main Effect for the GENDER factor... (ii) Main Effect for the TREATMENT factor... (iii) Interaction."" A factorial ANOVA examines the effects of two or more independent variables on a single dependent variable, yielding main effects and an interaction effect.","Dr. Oz will use a two-way ANOVA to analyze the main and interaction effects of treatment (drug, relaxation, and drug plus relaxation) and condition (tobacco use, chronic alcohol use, or obesity) on the systolic blood pressure of patients with secondary hypertension.",Inferential Statistical Tests,Apply/Analyze,2-3,"A factorial (two-way) ANOVA examines the effects of two or more independent variables on a single dependent variable, yielding two main effects and one interaction effect, each tested with a separate null hypothesis.",PMET
D1-Ch09,"Choosing the Right Test: t-Tests, ANOVA, and Post-Hoc Comparisons",9,118,AP-D1-RMS-118,D1-RMS-118-1d3ec1b7,True,"Lee, S. & Lee, D.K. (2018). What is the proper way to apply the multiple comparison test? Korean Journal of Anesthesiology, 71(5), 353-360: ""When the null hypothesis (H0) is rejected after ANOVA... we do not know how one group differs from a certain group."" Post-hoc tests are conducted after a significant omnibus F to determine which specific pairs of means differ significantly, and are applicable when the independent variable has three or more levels.","When a one-way ANOVA produces a statistically significant F-ratio, a post-hoc test would be considered if the independent variable has three or more levels.",Inferential Statistical Tests,Apply/Analyze,2-3,"Post-hoc tests are conducted after a statistically significant omnibus F-ratio to identify which specific pairs of group means differ significantly, and are necessary when the independent variable has three or more levels.",PMET
D1-Ch10,"Advanced Statistical Tests: Chi-Square, MANOVA, Effect Sizes, and Clinical Significance",10,094,AP-D1-RMS-094,D1-RMS-094-faeff158,True,"Tsiatis, A.A. et al. (2008). Covariate adjustment for two-sample treatment comparisons in randomized clinical trials. Statistics in Medicine, 27(23), 4658-4677: The treatment effect beta_Z is ""interpreted as the 'treatment effect after adjusting for the covariates X.'"" ""One goal of adjustment is to exploit covariates associated with outcome to increase precision of estimation of the treatment effect, thereby increasing statistical power."" ANCOVA statistically controls for covariates, reducing error variance for a more precise estimate of treatment effects.",The analysis of covariance (ANCOVA) is used to statistically remove the effects of an extraneous variable on the dependent variable.,Inferential Statistical Tests,Analyze,3,"ANCOVA statistically controls for covariates by removing their effects from the dependent variable, thereby reducing error variance and increasing precision in estimating treatment effects.",PMET
D1-Ch10,"Advanced Statistical Tests: Chi-Square, MANOVA, Effect Sizes, and Clinical Significance",10,059,AP-D1-RMS-059,D1-RMS-059-c5b01acd,True,"Pearson, K. (1900). On the criterion that a given system of deviations... Philosophical Magazine, 50(302), 157-175: The chi-square statistic compares observed frequencies to expected (theoretical) frequencies, with each individual counted in one and only one category. Used to test goodness of fit for a single nominal variable.",The single-sample chi-square test is the appropriate statistical test to determine if there's a significant difference in the number of dog owners who chose each label for the dog food product.,Inferential Statistical Tests,Analyze,3,"The chi-square goodness-of-fit test compares observed to expected frequencies for a single nominal variable, with each participant counted in one and only one category.",PMET
D1-Ch10,"Advanced Statistical Tests: Chi-Square, MANOVA, Effect Sizes, and Clinical Significance",10,10-1,AP-D1-RMS-10-1,D1-RMS-10-1-bd4396ff,True,"Pearson, K. (1900). On the criterion that a given system of deviations... Philosophical Magazine, 50(302), 157-175: The chi-square test for independence tests whether two nominal variables are related or independent across independent groups.","A multiple-sample chi-square test would be used to compare the number of adults living in rural, urban, or suburban communities who have received a diagnosis of a bipolar disorder, depressive disorder, or anxiety disorder.",Inferential Statistical Tests,Analyze,3,The chi-square test for independence determines whether two nominal variables are related or independent in data collected from independent groups.,PMET
D1-Ch10,"Advanced Statistical Tests: Chi-Square, MANOVA, Effect Sizes, and Clinical Significance",10,12-1,AP-D1-RMS-12-1,D1-RMS-12-1-8520d378,True,"Gueorguieva, R. & Krystal, J.H. (2004). Move over ANOVA. Archives of General Psychiatry, 61(3), 310-317: MANOVA analyzes group differences when there are multiple dependent variables measured at the interval/ratio level.",The multivariate analysis of variance (MANOVA) is used when a study includes one or more independent variables and two or more dependent variables that are each measured on an interval or ratio scale.,Inferential Statistical Tests,Analyze,3,MANOVA is used when a study includes one or more independent variables and two or more dependent variables each measured on an interval or ratio scale.,PMET
D1-Ch10,"Advanced Statistical Tests: Chi-Square, MANOVA, Effect Sizes, and Clinical Significance",10,12-2,AP-D1-RMS-12-2,D1-RMS-12-2-ea6248ac,True,"Keselman, H.J. et al. (2001). The analysis of repeated measures designs. British Journal of Mathematical and Statistical Psychology, 54(1), 1-20: ""The simplest of the between-by within-subjects RM designs involves a single between-subjects grouping factor and a single within-subjects RM factor."" A mixed-design (split-plot) ANOVA combines at least one between-subjects factor and one within-subjects factor.",The split-plot ANOVA is used to analyze data collected from a research study that included one between-subjects independent variable and one within-subjects independent variable.,Inferential Statistical Tests,Analyze,3,A split-plot (mixed-design) ANOVA is used when a study includes at least one between-subjects independent variable and at least one within-subjects independent variable.,PMET
D1-Ch10,"Advanced Statistical Tests: Chi-Square, MANOVA, Effect Sizes, and Clinical Significance",10,12-3,AP-D1-RMS-12-3,D1-RMS-12-3-8739470c,True,"Gueorguieva, R. & Krystal, J.H. (2004). Move over ANOVA. Archives of General Psychiatry, 61(3), 310-317: MANOVA (multivariate analysis of variance) is used to analyze data from studies with one or more independent variables and two or more dependent variables measured on an interval or ratio scale. By making a single multivariate comparison rather than multiple separate ANOVAs, MANOVA reduces the probability of making a Type I error (familywise error rate).","The MANOVA can be used to analyze data collected in a study that has one independent variable and two or more dependent variables measured on an interval or ratio scale, as it reduces the probability of making a Type I error.",Inferential Statistical Tests,Analyze,3,MANOVA reduces the probability of a Type I error by making a single multivariate comparison rather than multiple separate ANOVAs when two or more interval/ratio dependent variables are analyzed simultaneously.,PMET
D1-Ch10,"Advanced Statistical Tests: Chi-Square, MANOVA, Effect Sizes, and Clinical Significance",10,10-2,AP-D1-RMS-10-2,D1-RMS-10-2-424d213d,True,"Pearson, K. (1900). On the criterion that a given system of deviations from the probable in the case of a correlated system of variables is such that it can be reasonably supposed to have arisen from random sampling. Philosophical Magazine, 50(302), 157-175: The chi-square test for independence (multiple-sample chi-square) tests whether the distribution of a nominal variable differs across independent groups. It compares observed to expected frequencies when each participant is classified on two categorical variables (e.g., gender and department admission).",The researcher will use a multiple-sample chi-square test to analyze the data collected in the study to determine if there are gender differences in acceptance as a graduate student into the six largest departments at a university.,Inferential Statistical Tests,Analyze,3,The chi-square test for independence (multiple-sample chi-square) tests whether the distribution of a nominal variable differs across independent groups by comparing observed to expected frequencies when participants are classified on two categorical variables.,PMET
D1-Ch10,"Advanced Statistical Tests: Chi-Square, MANOVA, Effect Sizes, and Clinical Significance",10,006,AP-D1-RMS-006,D1-RMS-006-c00b7d8a,True,"Cohen, J. (1992). A power primer. Psychological Bulletin, 112(1), 155-159: For the t test of independent means, ""d = (m_A - m_B) / sigma"" with conventional benchmarks of Small = .20, Medium = .50, Large = .80. A Cohen's d of .60 falls in the medium range and is interpreted in terms of standard deviation units -- meaning the two group means differ by .60 standard deviations.","A Cohen's d of .60 indicates a medium effect, which is interpreted in terms of standard deviation units.",Inferential Statistical Tests,Analyze,3,"Cohen's d of .60 represents a medium effect size, indicating the two group means differ by .60 standard deviations.",PMET
D1-Ch10,"Advanced Statistical Tests: Chi-Square, MANOVA, Effect Sizes, and Clinical Significance",10,003,AP-D1-RMS-003,D1-RMS-003-8bfab5c7,True,"Gueorguieva, R. & Krystal, J.H. (2004). Move over ANOVA. Archives of General Psychiatry, 61(3), 310-317: MANOVA analyzes group differences when there are multiple dependent variables measured at the interval/ratio level. The multivariate analysis of variance simultaneously tests the effects of one or more independent variables on two or more dependent variables, controlling the experimentwise Type I error rate.",The multivariate analysis of variance (MANOVA) is used to simultaneously analyze the effects of one or more independent variables on two or more dependent variables that are each measured on an interval or ratio scale.,Inferential Statistical Tests,Analyze,3,MANOVA simultaneously tests the effects of one or more independent variables on two or more interval/ratio-level dependent variables while controlling the experimentwise Type I error rate.,PMET
D1-Ch10,"Advanced Statistical Tests: Chi-Square, MANOVA, Effect Sizes, and Clinical Significance",10,220,AP-D1-RMS-220,D1-RMS-220-2c813690,True,"Jacobson & Truax (1991): ""A reliable change index (RC) is also proposed to determine whether the magnitude of change for a given client is statistically reliable."" ""RC tells us whether change reflects more than the fluctuations of an imprecise measuring instrument.""","The reliable change index is used to determine if a difference in pre- and post-treatment scores on an outcome measure is reliable - i.e., if it is due to real improvement or deterioration in a person's clinical condition or to measurement error.",Inferential Statistical Tests,Analyze,3,The reliable change index (RCI) determines whether the difference between pre- and post-treatment scores reflects genuine clinical change rather than measurement error.,PMET
D1-Ch11,Threats from Within and Without: Research Design and Validity,11,03-2,AP-D1-RMS-03-2,D1-RMS-03-2-cd2f4648,True,"Slack, M.K. & Draugalis, J.R. (2001). Establishing the internal and external validity of experimental studies. American Journal of Health-System Pharmacy, 58(22), 2173-2181: ""Internal validity is the degree to which a study establishes the cause-and-effect relationship between the treatment and the observed outcome."" Findings can be attributed to the independent variable rather than confounds.",A research study has adequate internal validity when its results allow a researcher to draw accurate conclusions about the effects of an independent variable on a dependent variable.,Research - Internal/External Validity,Analyze/Evaluate,3-4,"Internal validity is the degree to which a study's results allow accurate causal conclusions about an independent variable's effect on a dependent variable, free from confounds.",PMET
D1-Ch11,Threats from Within and Without: Research Design and Validity,11,004,AP-D1-RMS-004,D1-RMS-004-46d290e8,True,"Slack, M.K. & Draugalis, J.R. (2001). Establishing the internal and external validity of experimental studies. American Journal of Health-System Pharmacy, 58(22), 2173-2181: ""History becomes a threat when other factors external to the subjects (in addition to the treatment variable) occur by virtue of the passage of time."" In a study examining the effects of an anti-drug program on middle school students' attitudes toward drug use, history would be the biggest threat to internal validity, as external events during the study period (e.g., media campaigns, community events) may systematically affect the students' attitudes independent of the program.","The biggest threat to the internal validity of Dr. Osprey's study on the effects of an anti-drug program on middle school students' attitudes toward drug use is history, as external events during the study period may have systematically affected the students' attitudes.",Research - Internal/External Validity,Analyze/Evaluate,3-4,"History is a threat to internal validity when external events occurring during a study's timeframe, independent of the treatment, may systematically affect the dependent variable.",PMET
D1-Ch11,Threats from Within and Without: Research Design and Validity,11,03-1,AP-D1-RMS-03-1,D1-RMS-03-1-61ea95d0,True,"Barnett, A.G. et al. (2005). Regression to the mean: What it is and how to deal with it. International Journal of Epidemiology, 34(1), 215-220: ""Relatively high (or relatively low) observations are likely to be followed by less extreme ones nearer the subject's true mean."" When participants are selected for a study because they obtained extreme scores (e.g., high test anxiety), statistical regression is the biggest threat to internal validity because their scores will naturally move toward the mean on retesting, regardless of treatment.",The biggest threat to the internal validity of a study evaluating the effectiveness of a stress reduction technique for alleviating test anxiety is statistical regression.,Research - Internal/External Validity,Analyze/Evaluate,3-4,"When participants are selected based on extreme scores, statistical regression is the primary threat to internal validity because scores naturally move toward the mean on retesting.",PMET
D1-Ch11,Threats from Within and Without: Research Design and Validity,11,012,AP-D1-RMS-012,D1-RMS-012-6731110f,True,"Barnett, A.G. et al. (2005). Regression to the mean: What it is and how to deal with it. International Journal of Epidemiology, 34(1), 215-220: ""Relatively high (or relatively low) observations are likely to be followed by less extreme ones nearer the subject's true mean."" Statistical regression threatens internal validity when participants are selected based on extreme scores; on retesting, those scores will naturally tend toward the population mean, which can be mistakenly attributed to the treatment.",The internal validity of a research study is threatened by statistical regression when participants were chosen for inclusion in the study because they obtained extremely low scores on a pretest.,Research - Internal/External Validity,Analyze/Evaluate,3-4,"Statistical regression threatens internal validity when participants are selected for extreme scores; on retesting, scores naturally move toward the population mean independent of treatment effects.",PMET
D1-Ch11,Threats from Within and Without: Research Design and Validity,11,04-2,AP-D1-RMS-04-2,D1-RMS-04-2-6686db08,True,"Rubin, D.B. (1974). Estimating causal effects of treatments in randomized and nonrandomized studies. Journal of Educational Psychology, 66(5), 688-701: ""If the treatments are randomly assigned, the difference in Y between experimental and control units is an 'unbiased' estimate of the desired typical causal effect."" Random assignment equalizes groups on both known and unknown confounds.","To control for the threat of differential selection to the internal validity of a research study, an investigator will randomly assign participants to different levels of the independent variable.",Research - Internal/External Validity,Analyze/Evaluate,3-4,Random assignment of participants to conditions controls for differential selection by equalizing groups on both known and unknown confounding variables.,PMET
D1-Ch11,Threats from Within and Without: Research Design and Validity,11,04-1,AP-D1-RMS-04-1,D1-RMS-04-1-bc2edee7,True,"Day, S.J. & Altman, D.G. (2000). Blinding in clinical trials and other studies. BMJ, 321(7259), 504: ""In a double blind trial neither the patient nor the caregivers are aware of the treatment assignment."" Controls for both participant expectancy effects and experimenter bias.",The double-blind technique reduces experimenter expectancy when designing a research study.,Research - Internal/External Validity,Analyze/Evaluate,3-4,The double-blind technique controls for both participant expectancy effects and experimenter bias by keeping both participants and caregivers unaware of treatment assignment.,PMET
D1-Ch11,Threats from Within and Without: Research Design and Validity,11,014,AP-D1-RMS-014,D1-RMS-014-f4305d8f,True,"Braver, M.W. & Braver, S.L. (1988). Statistical treatment of the Solomon four-group design. Psychological Bulletin, 104(1), 150-154: The design is ""the only one of the three able to assess the presence of pretest sensitization"" because it includes groups without pretesting. Controls for pretest sensitization by including pretested and non-pretested versions of both treatment and control groups.",The Solomon four-group design is used to control for the threat to internal validity known as pretest sensitization.,Research - Internal/External Validity,Analyze/Evaluate,3-4,The Solomon four-group design controls for pretest sensitization by including both pretested and non-pretested versions of treatment and control groups.,PMET
D1-Ch11,Threats from Within and Without: Research Design and Validity,11,03-3,AP-D1-RMS-03-3,D1-RMS-03-3-6217dfaa,True,"Braver, M.W. & Braver, S.L. (1988). Statistical treatment of the Solomon four-group design. Psychological Bulletin, 104(1), 150-154: The Solomon four-group design is ""the only one of the three able to assess the presence of pretest sensitization"" because it includes pretested and non-pretested versions of both treatment and control groups. It evaluates the effects of pretesting on both internal and external validity.",The Solomon four-group design is used to evaluate the effects of pretesting on a study's internal and external validity.,Research - Internal/External Validity,Analyze/Evaluate,3-4,The Solomon four-group design evaluates the effects of pretesting on both internal and external validity by including pretested and non-pretested treatment and control groups.,PMET
D1-Ch11,Threats from Within and Without: Research Design and Validity,11,015,AP-D1-RMS-015,D1-RMS-015-ac13279e,True,"Brooks, J.L. (2012). Counterbalancing for serial order carryover effects in experimental condition orders. Psychological Methods, 17(4), 600-614: ""Each condition appears in each serial position equally often."" A Latin square ensures each treatment appears in every ordinal position an equal number of times, controlling for order and sequence effects.",The Latin square is a type of counterbalanced design that ensures each level of the independent variable appears an equal number of times in each ordinal position.,Research - Internal/External Validity,Analyze/Evaluate,3-4,"A Latin square is a counterbalanced design ensuring each level of the independent variable appears equally often in each ordinal position, controlling for order and sequence effects.",PMET
D1-Ch11,Threats from Within and Without: Research Design and Validity,11,025,AP-D1-RMS-025,D1-RMS-025-044d9c55,True,"Steckler, A. & McLeroy, K.R. (2008). The importance of external validity. American Journal of Public Health, 98(1), 9-10: External validity concerns ""whether causal relationships can be generalized to different measures, persons, settings, and times."" External validity refers to the degree to which research findings can be generalized beyond the specific conditions of the study.",External validity in research design refers to the generalizability of the results.,Inferential Statistical Tests,Analyze/Evaluate,3-4,"External validity refers to the degree to which research findings can be generalized to different people, settings, measures, and times beyond the original study conditions.",PMET
D1-Ch12,Building Consistent Measures: Classical Test Theory and the Foundations of Reliability,12,02-1,AP-D1-TES-02-1,D1-TES-02-1-769ec5cd,True,"Novick, M.R. (1966). The axioms and principal results of classical test theory. Journal of Mathematical Psychology, 3(1), 1-18: Error scores are ""uncorrelated with each other and with true scores."" The error of measurement is ""unsystematic, random, and due to chance.""",Classical test theory assumes that measurement error is random.,Item Analysis and Test Reliability,Understand/Apply,2-3,"Classical test theory assumes that measurement error is random, unsystematic, and uncorrelated with true scores.",PMET
D1-Ch12,Building Consistent Measures: Classical Test Theory and the Foundations of Reliability,12,016-2,AP-D1-TES-016-2,D1-TES-016-2-18207907,True,"Novick, M.R. (1966). The axioms and principal results of classical test theory. Journal of Mathematical Psychology, 3(1), 1-18: The classical test theory model: ""X = T + E"" where ""X, T, and E are random variables."" The observed score X is the composite of the true score T and a random error component E.","According to classical test theory, variability in test scores is due to a combination of true score variability and random error.",Item Analysis and Test Reliability,Understand/Apply,2-3,"Classical test theory (Novick, 1966) holds that an observed score (X) equals true score (T) plus random error (E): X = T + E.",PMET
D1-Ch12,Building Consistent Measures: Classical Test Theory and the Foundations of Reliability,12,016-1,AP-D1-TES-016-1,D1-TES-016-1-75bc17d2,True,"Novick, M.R. (1966) / Harvill, L.M. (1991): Reliability is ""the ratio of between-person variance to total variance"" -- the proportion of observed score variance attributable to true score variance. Reliability coefficients are interpreted directly: when the reliability coefficient is .80, this means that 80% of the variability in test scores is due to true score variability and 20% is due to measurement error.","Reliability coefficients are interpreted directly as the percent of variability in test scores that is due to true score variability, and when the reliability coefficient is .80, this means that 80% of variability in scores is due to true score variability and 20% is due to measurement error.",Item Analysis and Test Reliability,Understand/Apply,2-3,Reliability coefficients are interpreted directly as the proportion of observed score variance due to true score variance; a reliability of .80 means 80% true score variance and 20% error variance.,PMET
D1-Ch12,Building Consistent Measures: Classical Test Theory and the Foundations of Reliability,12,1,AP-D1-TES-1,D1-TES-1-7a087e37,True,"Novick, M.R. (1966). The axioms and principal results of classical test theory. Journal of Mathematical Psychology, 3(1), 1-18: The correlation between observed and true scores -- the reliability index -- equals the square root of the reliability coefficient. Reliability index = sqrt(r_xx).","The reliability index is calculated by taking the square root of the reliability coefficient, so that when a test's reliability coefficient is .81, the reliability index is .90.",Item Analysis and Test Reliability,Understand/Apply,2-3,"The reliability index equals the square root of the reliability coefficient, so a reliability coefficient of .81 yields a reliability index of .90.",PMET
D1-Ch12,Building Consistent Measures: Classical Test Theory and the Foundations of Reliability,12,02-3,AP-D1-TES-02-3,D1-TES-02-3-1901ef8a,True,"Harvill, L.M. (1991). Standard error of measurement. Educational Measurement: Issues and Practice, 10(2), 33-41: ""SEM = S_X sqrt(1 - r_xx)."" ""In order to get an estimate of the SEM, subtract the test reliability from one, take the square root of that difference, and multiply the square root value times the standard deviation of the test scores."" Computing SEM requires the standard deviation and the reliability coefficient.","To calculate the standard error of measurement for a newly developed test, you need the test's standard deviation and reliability coefficient.",Item Analysis and Test Reliability,Understand/Apply,2-3,"The standard error of measurement (SEM) is calculated using the formula SEM = SD√(1 − r), requiring both the test's standard deviation and reliability coefficient.",PMET
D1-Ch12,Building Consistent Measures: Classical Test Theory and the Foundations of Reliability,12,049-1,AP-D1-TES-049-1,D1-TES-049-1-9d2e3643,True,"Harvill, L.M. (1991). Standard error of measurement. Educational Measurement: Issues and Practice, 10(2), 33-41: ""If the reliability of the test is zero, the SEM will be equal to the standard deviation of the obtained test scores. If the reliability of the test is +1.00, the highest possible value, the SEM is zero."" SEM ranges from zero (perfect reliability) to the full standard deviation (zero reliability) and decreases as reliability increases.",The standard error of measurement for a test that has a standard deviation of 10 ranges from 0 when the reliability coefficient is 1.0 to 10 when the reliability coefficient is 0.,Item Analysis and Test Reliability,Understand/Apply,2-3,"The SEM ranges from zero when test reliability is perfect (1.0) to the full standard deviation of obtained scores when reliability is zero, decreasing as reliability increases.",PMET
D1-Ch12,Building Consistent Measures: Classical Test Theory and the Foundations of Reliability,12,001,AP-D1-TES-001,D1-TES-001-335a4f5a,True,"Cronbach (1951): ""A general formula (alpha) of which a special case is the Kuder-Richardson coefficient of equivalence is shown to be the mean of all split-half coefficients resulting from different splittings of a test."" Alpha measures internal consistency -- the degree to which items consistently measure the same construct.",A test's internal consistency reliability is indicated by a Cronbach's alpha coefficient of .93.,Item Analysis and Test Reliability,Understand/Apply,2-3,"Cronbach's alpha measures internal consistency reliability by calculating the mean of all possible split-half coefficients, indicating the degree to which test items consistently measure the same construct.",PMET
D1-Ch12,Building Consistent Measures: Classical Test Theory and the Foundations of Reliability,12,03-1,AP-D1-TES-03-1,D1-TES-03-1-5910cbf8,True,"Cronbach, L.J. (1951). Coefficient alpha and the internal structure of tests. Psychometrika, 16(3), 297-334: ""Alpha is an index of reliability associated with the variation accounted for by the true score of the 'underlying construct.'"" Coefficient alpha (Cronbach's alpha) estimates a test's internal consistency reliability -- the degree to which items on a test measure the same construct. It is based on the average intercorrelation among test items and the number of items.","Coefficient alpha, also known as Cronbach's alpha, is used to determine a test's internal consistency reliability.",Item Analysis and Test Reliability,Understand/Apply,2-3,"Coefficient alpha (Cronbach's alpha) estimates internal consistency reliability based on the average intercorrelation among items and number of items, reflecting how well items measure the same construct.",PMET
D1-Ch12,Building Consistent Measures: Classical Test Theory and the Foundations of Reliability,12,04-1,AP-D1-TES-04-1,D1-TES-04-1-e94577fe,True,"Weng, L.J. (2004). Impact of the number of response categories and anchor labels on coefficient alpha and test-retest reliability. Educational and Psychological Measurement, 64(6), 956-972: ""The scales with few response categories tended to result in lower reliability."" Fewer response options increase the probability of guessing correctly, contributing more error variance and lowering reliability.",A true/false test is likely to have the lowest reliability coefficient compared to three-item and four-item multiple-choice tests and fill-in-the-blanks tests.,Item Analysis and Test Reliability,Understand/Apply,2-3,"Tests with fewer response categories (e.g., true/false) produce lower reliability coefficients because fewer options increase guessing probability, contributing more error variance than formats with more response categories.",PMET
D1-Ch12,Building Consistent Measures: Classical Test Theory and the Foundations of Reliability,12,03-3,AP-D1-TES-03-3,D1-TES-03-3-840683dd,True,"Cortina, J.M. (1993). What is coefficient alpha? An examination of theory and applications. Journal of Applied Psychology, 78(1), 98-104: ""Number of items has a profound effect on alpha, especially at low levels of average item intercorrelation."" More items increase reliability. Additionally, a heterogeneous sample of examinees produces greater between-person variability, which increases the ratio of true score variance to total variance and thus increases the reliability coefficient. To maximize reliability: use more items and a heterogeneous sample.",A psychologist developing a reading achievement test for middle school students is likely to obtain the highest reliability for the test if it contains 50 items and examinees in the tryout sample are heterogeneous with regard to reading ability.,Item Analysis and Test Reliability,Understand/Apply,2-3,"Reliability is maximized by increasing the number of test items and using a heterogeneous sample, because more items and greater score variability increase the ratio of true score variance to total variance.",PMET
D1-Ch13,"Reliability in Practice: Methods, Agreement, and the Factors That Shape Consistency",13,027-1,AP-D1-TES-027-1,D1-TES-027-1-3c53bfc1,True,"Kuder, G.F. & Richardson, M.W. (1937). The theory of the estimation of test reliability. Psychometrika, 2(3), 151-160: ""The items in question are capable of two grades only, right or wrong."" KR-20 estimates internal consistency for dichotomously scored items and is a special case of coefficient alpha.",The Kuder-Richardson Formula 20 (KR-20) can be used to estimate a test's internal consistency reliability when test items are scored dichotomously.,Item Analysis and Test Reliability,Apply/Analyze,3,KR-20 (Kuder-Richardson Formula 20) estimates internal consistency reliability specifically for tests with dichotomously scored items and is a special case of coefficient alpha.,PMET
D1-Ch13,"Reliability in Practice: Methods, Agreement, and the Factors That Shape Consistency",13,038-1,AP-D1-TES-038-1,D1-TES-038-1-394fbee0,True,"Cohen, J. (1960). A coefficient of agreement for nominal scales. Educational and Psychological Measurement, 20(1), 37-46: ""A certain amount of agreement is to be expected by chance."" Percent agreement is misleading because it does not correct for chance agreement.",Percent agreement as a measure of inter-rater reliability may overestimate reliability because it is affected by chance agreement.,Item Analysis and Test Reliability,Apply/Analyze,3,Percent agreement overestimates inter-rater reliability because it does not correct for the level of agreement expected by chance alone.,PMET
D1-Ch13,"Reliability in Practice: Methods, Agreement, and the Factors That Shape Consistency",13,049-2,AP-D1-TES-049-2,D1-TES-049-2-29bf05c1,True,"Cortina, J.M. (1993). What is coefficient alpha? Journal of Applied Psychology, 78(1), 98-104: ""Number of items has a profound effect on alpha, especially at low levels of average item intercorrelation."" Increasing items from 6 to 18 raises alpha from .72 to .95. Reliability increases with more test items. A more heterogeneous sample produces greater between-person variance, also increasing the reliability coefficient.","To increase the test-retest reliability of a newly developed measure of intelligence, the test developer should increase the number of test items and make sure the new sample of examinees is heterogeneous with regard to level of intelligence.",Item Analysis and Test Reliability,Apply/Analyze,3,"Reliability coefficients increase by adding more test items and testing a more heterogeneous sample, which increases between-person variance relative to error variance.",PMET
D1-Ch13,"Reliability in Practice: Methods, Agreement, and the Factors That Shape Consistency",13,027-2,AP-D1-TES-027-2,D1-TES-027-2-f39d2f6e,True,"Eisinga, R. et al. (2013). The reliability of a two-item scale. International Journal of Public Health, 58(4), 637-642: The Spearman-Brown prophecy formula corrects split-half reliability to full test length: ""rho = 2r / (1 + r)."" It estimates how changing test length affects reliability.",The Spearman-Brown formula is used to estimate the effect of adding or subtracting items on a test's reliability coefficient.,Item Analysis and Test Reliability,Apply/Analyze,3,The Spearman-Brown prophecy formula (rho = 2r / 1 + r) estimates how changing test length affects the reliability coefficient by correcting split-half reliability to full test length.,PMET
D1-Ch13,"Reliability in Practice: Methods, Agreement, and the Factors That Shape Consistency",13,038-2,AP-D1-TES-038-2,D1-TES-038-2-0401452f,True,"Cohen (1960): ""Kappa is simply the portion of agreement corrected for chance."" Kappa assesses inter-rater reliability for nominal-scale data while correcting for chance agreement.",The kappa coefficient is used to evaluate the inter-rater reliability of a test when scores or ratings on the test represent a nominal scale of measurement.,Item Analysis and Test Reliability,Apply/Analyze,3,"Cohen's kappa assesses inter-rater reliability for nominal-scale data by correcting for chance agreement, unlike simple percent agreement.",PMET
D1-Ch13,"Reliability in Practice: Methods, Agreement, and the Factors That Shape Consistency",13,03-2,AP-D1-TES-03-2,D1-TES-03-2-b793aa24,True,"Kazdin, A.E. (1977). Artifact, bias, and complexity of assessment: The ABCs of reliability. Journal of Applied Behavior Analysis, 10(1), 141-150: ""Observer drift"" refers to the tendency of observers who work together to gradually and mutually shift in their interpretation of behavioral codes over time. Consensual observer drift tends to artificially inflate inter-rater reliability because the observers' shared deviations from the original definitions produce spuriously high agreement -- agreement with each other but not necessarily with the original operationalized criteria.",Consensual observer drift tends to artificially increase a measure's inter-rater reliability.,Item Analysis and Test Reliability,Apply/Analyze,3,"Consensual observer drift artificially inflates inter-rater reliability because raters develop shared deviations from original coding criteria, producing high agreement with each other but not with the original definitions.",PMET
D1-Ch13,"Reliability in Practice: Methods, Agreement, and the Factors That Shape Consistency",13,011,AP-D1-TES-011,D1-TES-011-f27c58db,True,"Cortina, J.M. (1993). What is coefficient alpha? An examination of theory and applications. Journal of Applied Psychology, 78(1), 98-104: ""Number of items has a profound effect on alpha, especially at low levels of average item intercorrelation."" Increasing items from 6 to 18 raises alpha from .72 to .95. Additionally, a heterogeneous sample produces greater between-person variance, increasing the reliability coefficient. A split-half reliability coefficient of .75 obtained from a restricted-range sample (GPAs 3.5-4.0) would be expected to increase when the test is administered to a more heterogeneous sample (GPAs 2.0-4.0), because greater score variability inflates the proportion of true score variance relative to total variance.","A newly developed aptitude test with a split-half reliability coefficient of .75 was administered to 100 high school seniors whose grade point averages ranged from 3.5 to 4.0, and then to another sample of 100 high school seniors whose grade point averages ranged from 2.0 to 4.0, resulting in a split-half reliability coefficient that was larger than .75.",Item Analysis and Test Reliability,Apply/Analyze,3,"Reliability coefficients increase with more items and with greater sample heterogeneity, because wider score variability increases the proportion of true score variance relative to total variance.",PMET
D1-Ch13,"Reliability in Practice: Methods, Agreement, and the Factors That Shape Consistency",13,073,AP-D1-TES-073,D1-TES-073-fe01fe39,True,"Cohen, J. (1960). A coefficient of agreement for nominal scales. Educational and Psychological Measurement, 20(1), 37-46: ""Kappa is simply the portion of agreement corrected for chance."" Cohen's kappa is the appropriate technique for evaluating inter-rater reliability when ratings are on a nominal scale (e.g., ready vs. not ready for promotion), because it corrects for the proportion of agreement expected by chance alone.",Cohen's kappa coefficient is the appropriate technique for determining the inter-rater reliability of the ratings made by the manager and assistant manager when they categorized employees as being ready or not ready for promotion.,Item Analysis and Test Reliability,Apply/Analyze,3,Cohen's kappa is the appropriate inter-rater reliability statistic for nominal-scale ratings because it corrects observed agreement for the proportion expected by chance alone.,PMET
D1-Ch13,"Reliability in Practice: Methods, Agreement, and the Factors That Shape Consistency",13,168,AP-D1-TES-168,D1-TES-168-bf49e77f,True,"Cortina, J.M. (1993). What is coefficient alpha? Journal of Applied Psychology, 78(1), 98-104: Unrestricted score range (preserving full between-person variance) combined with homogeneous content (items measuring the same construct, maximizing interitem correlations) maximizes reliability.",An unrestricted range of scores and homogeneous content of test items are likely to produce the largest reliability coefficient for a newly developed achievement test.,Item Analysis and Test Reliability,Apply/Analyze,3,"Reliability is maximized by an unrestricted score range, which preserves between-person variance, combined with homogeneous item content, which maximizes interitem correlations.",PMET
D1-Ch13,"Reliability in Practice: Methods, Agreement, and the Factors That Shape Consistency",13,05,AP-D1-RMS-05,D1-RMS-05-963ba370,True,"Barlow, D.H. & Hersen, M. (1973). Single-case experimental designs. Archives of General Psychiatry, 29(3), 319-325: ""Unlike group designs, however, continuous measurements are taken throughout each phase of the study."" ""Baseline measurements are generally continued until a stable pattern emerges."" Single-subject designs require continuous measurement of the target behavior at regular intervals throughout all phases.",All single-subject designs involve measuring the dependent variable multiple times at regular intervals during each baseline phase and each treatment phase.,Research - Internal/External Validity,Apply/Analyze,3,All single-subject designs require continuous measurement of the target behavior at regular intervals throughout every baseline and treatment phase until stable patterns emerge.,PMET
D1-Ch14,Measuring What Matters: Construct Validity and the Multitrait-Multimethod Matrix,14,05-1,AP-D1-TES-05-1,D1-TES-05-1-2676913f,True,"Messick, S. (1995). Validity of psychological assessment. American Psychologist, 50(9), 741-749: ""Validity is an overall evaluative judgment of the degree to which empirical evidence and theoretical rationales support the adequacy and appropriateness of interpretations and actions on the basis of test scores."" ""Validity is not a property of the test or assessment as such, but rather of the meaning of the test scores.""",Assessing the validity of a test means evaluating its accuracy in measuring what it was designed to measure.,Test Validity - Content and Construct Validity,Analyze,3,"According to Messick, validity is not a property of the test itself but of the interpretations and actions based on test scores, supported by empirical evidence and theoretical rationale.",PMET
D1-Ch14,Measuring What Matters: Construct Validity and the Multitrait-Multimethod Matrix,14,05-2,AP-D1-TES-05-2,D1-TES-05-2-ff5a1ec0,True,"Mosier (1947): ""A test which is to be used in a practical situation should, in addition to having pragmatic or statistical validity, appear practical, pertinent and related to the purpose of the test."" Face validity concerns whether a test appears to measure what it claims but does not constitute actual validity evidence.","Face validity refers to the degree to which test items ""look like"" they measure what the test purports to measure, which can affect test performance, but it does not provide information on whether or not the test accurately measures what it was designed to measure.",Test Validity - Content and Construct Validity,Analyze,3,"Face validity refers to whether test items appear relevant to the construct being measured, but it does not constitute evidence of actual measurement accuracy.",PMET
D1-Ch14,Measuring What Matters: Construct Validity and the Multitrait-Multimethod Matrix,14,060-1,AP-D1-TES-060-1,D1-TES-060-1-8b99f138,True,"Campbell & Fiske (1959): The MTMM organizes convergent and discriminant validity evidence. Tests measuring the same construct should correlate highly (convergent), and the construct should not correlate highly with different constructs (discriminant).",The multitrait-multimethod matrix is used to evaluate a test's construct validity.,Test Validity - Content and Construct Validity,Analyze,3,"The multitrait-multimethod matrix (Campbell & Fiske, 1959) is used to evaluate construct validity by organizing convergent and discriminant validity evidence across traits and methods.",PMET
D1-Ch14,Measuring What Matters: Construct Validity and the Multitrait-Multimethod Matrix,14,060-2,AP-D1-TES-060-2,D1-TES-060-2-cddc03a2,True,"Campbell & Fiske (1959): ""Tests can be invalidated by too low correlations with other measures of the same trait."" High correlation between measures of the same construct using different methods demonstrates convergent validity.",The multitrait-multimethod matrix provides evidence of a test's convergent validity when scores on the test have high correlations with scores on other tests that measure the same or a related construct.,Test Validity - Content and Construct Validity,Analyze,3,The multitrait-multimethod matrix provides convergent validity evidence when the same construct measured by different methods yields high correlations in monotrait-heteromethod cells.,PMET
D1-Ch14,Measuring What Matters: Construct Validity and the Multitrait-Multimethod Matrix,14,060-3,AP-D1-TES-060-3,D1-TES-060-3-5e148af2,True,Campbell & Fiske (1959): Large correlations in the monotrait-heteromethod cells indicate the same trait measured by different methods yields consistent results -- supporting convergent validity.,"In a multitrait-multimethod matrix, a large monotrait-heteromethod coefficient provides evidence of a test's convergent validity.",Test Validity - Content and Construct Validity,Analyze,3,"In the multitrait-multimethod matrix, a large monotrait-heteromethod coefficient supports convergent validity by showing the same trait measured by different methods yields consistent results.",PMET
D1-Ch14,Measuring What Matters: Construct Validity and the Multitrait-Multimethod Matrix,14,05-3,AP-D1-TES-05-3,D1-TES-05-3-5e46e5d1,True,"Campbell & Fiske (1959): Small correlations in monotrait-heteromethod cells suggest the measures are not converging on the same construct, indicating insufficient convergent validity.",A small monotrait-heteromethod coefficient indicates that the test lacks adequate convergent validity.,Test Validity - Content and Construct Validity,Analyze,3,"In the multitrait-multimethod matrix, a small monotrait-heteromethod coefficient indicates that the test lacks adequate convergent validity.",PMET
D1-Ch14,Measuring What Matters: Construct Validity and the Multitrait-Multimethod Matrix,14,005,AP-D1-TES-005,D1-TES-005-0e1efff2,True,Campbell & Fiske (1959): Small correlations in heterotrait-monomethod cells demonstrate that different constructs measured by the same method remain distinct -- supporting divergent validity. Both convergent and divergent evidence are necessary to establish construct validity.,"A small heterotrait-monomethod coefficient provides evidence of a test's divergent validity, which, along with convergent validity, demonstrates the test's construct validity.",Test Validity - Content and Construct Validity,Analyze,3,"A small heterotrait-monomethod correlation coefficient provides evidence of divergent validity, which along with convergent validity establishes construct validity in a multitrait-multimethod framework.",PMET
D1-Ch14,Measuring What Matters: Construct Validity and the Multitrait-Multimethod Matrix,14,06-1,AP-D1-TES-06-1,D1-TES-06-1-3d65c1f0,True,"Campbell & Fiske (1959): ""Tests can be invalidated by too high correlations with other tests from which they were intended to differ."" Low correlation between measures of theoretically unrelated constructs supports divergent/discriminant validity.",The multitrait-multimethod matrix provides evidence of a test's divergent validity when scores on the test have low correlations with scores on tests that measure unrelated constructs.,Test Validity - Content and Construct Validity,Analyze,3,"The multitrait-multimethod matrix (Campbell & Fiske, 1959) provides divergent validity evidence when a test shows low correlations with measures of theoretically unrelated constructs.",PMET
D1-Ch14,Measuring What Matters: Construct Validity and the Multitrait-Multimethod Matrix,14,06-2,AP-D1-TES-06-2,D1-TES-06-2-8fe03b53,True,Campbell & Fiske (1959): Large correlations in heterotrait-monomethod cells suggest the correlation is due to shared method variance rather than shared construct variance -- indicating poor divergent validity.,A large heterotrait-monomethod coefficient in a multitrait-multimethod matrix assessment indicates inadequate divergent validity.,Test Validity - Content and Construct Validity,Analyze,3,"In the multitrait-multimethod matrix, a large heterotrait-monomethod coefficient indicates poor divergent validity because shared variance reflects method rather than construct overlap.",PMET
D1-Ch14,Measuring What Matters: Construct Validity and the Multitrait-Multimethod Matrix,14,071-2,AP-D1-TES-071-2,D1-TES-071-2-6e7235e6,True,"Fabrigar, L.R. et al. (1999). Evaluating the use of exploratory factor analysis in psychological research. Psychological Methods, 4(3), 272-299: The squared factor loading represents the proportion of variance in that variable explained by the factor (e.g., a loading of .70 squared = .49, meaning 49% of variance explained).","When the correlation between a test and a factor is .60, this means that 36% of variability in test scores is explained by variability in the factor.",Test Validity - Content and Construct Validity,Analyze,3,"In factor analysis, the proportion of variance in a test explained by a factor equals the squared factor loading (e.g., loading of .70 means 49% of variance is explained).",PMET
D1-Ch15,"Predicting Outcomes: Criterion Validity, Decision Accuracy, and the Limits of Prediction",15,08-1,AP-D1-TES-08-1,D1-TES-08-1-4f6ad6e9,True,"Messick, S. (1995). Validity of psychological assessment: Validation of inferences from persons' responses and performances as scientific inquiry into score meaning. American Psychologist, 50(9), 741-749: When the predictor test is administered first and the criterion measure is collected at a later time, the correlation between them constitutes predictive validity evidence. Predictive validity is the appropriate form of criterion-related validity when using test scores to forecast future performance rather than to assess current status.","Evaluating a selection test's predictive validity is important when using the test scores to estimate an applicant's future job performance, as opposed to their current status.",Test Validity - Criterion-Related Validity,Analyze/Evaluate,3-4,"Predictive validity is the appropriate form of criterion-related validity when test scores are used to forecast future performance, with the predictor administered before the criterion is measured.",PMET
D1-Ch15,"Predicting Outcomes: Criterion Validity, Decision Accuracy, and the Limits of Prediction",15,082,AP-D1-TES-082,D1-TES-082-71e5ecf2,True,"Messick, S. (1995). Validity of psychological assessment. American Psychologist, 50(9), 741-749: Predictive validity involves using a test to predict success on a future criterion measure, with the predictor administered first and the criterion assessed later.","Before using a selection test to estimate how well job applicants will do on a measure of job performance on their first few days of work, one would want to ensure the selection test has adequate predictive validity.",Test Validity - Criterion-Related Validity,Analyze/Evaluate,3-4,"Predictive validity requires administering the predictor first and measuring the criterion at a later time, making it the appropriate validity type when forecasting future job performance.",PMET
D1-Ch15,"Predicting Outcomes: Criterion Validity, Decision Accuracy, and the Limits of Prediction",15,009,AP-D1-TES-009,D1-TES-009-507700e3,True,"Messick, S. (1995). Validity of psychological assessment. American Psychologist, 50(9), 741-749: When the predictor test is administered first and the criterion measure is collected at a later time, the correlation between the two constitutes predictive validity evidence.","A test developer administers an aptitude test to a sample of high school juniors and seniors admitted to college without use of their aptitude test scores, obtains the GPAs of the same students at the end of their second year of college, and calculates a correlation coefficient for the students' aptitude test scores and GPAs, which provides information about the test's predictive validity.",Test Validity - Criterion-Related Validity,Analyze/Evaluate,3-4,Predictive validity evidence is obtained when a predictor test is administered first and correlated with a criterion measure collected at a later time.,PMET
D1-Ch15,"Predicting Outcomes: Criterion Validity, Decision Accuracy, and the Limits of Prediction",15,043,AP-D1-TES-043,D1-TES-043-9b209fef,True,Sechrest (1963): Incremental validity = positive hit rate minus base rate.,The incremental validity of a new selection test (predictor) is calculated by subtracting the base rate from the positive hit rate.,Test Validity - Criterion-Related Validity,Analyze/Evaluate,3-4,Incremental validity is calculated by subtracting the base rate from the positive hit rate of a new predictor test.,PMET
D1-Ch15,"Predicting Outcomes: Criterion Validity, Decision Accuracy, and the Limits of Prediction",15,104,AP-D1-TES-104,D1-TES-104-b51cb526,True,"Sechrest, L. (1963). Incremental validity: A recommendation. Educational and Psychological Measurement, 23(1), 153-158: ""Validity must be claimed for a test in terms of some increment in predictive efficiency over the information otherwise easily and cheaply available."" Incremental validity is the gain in prediction accuracy from adding a new predictor to an existing selection battery.",Adding a new selection test to the current hiring decision procedure will increase decision-making accuracy through incremental validity.,Test Validity - Criterion-Related Validity,Analyze/Evaluate,3-4,Incremental validity is the gain in predictive accuracy obtained by adding a new predictor to an existing selection battery beyond what is already predicted.,PMET
D1-Ch15,"Predicting Outcomes: Criterion Validity, Decision Accuracy, and the Limits of Prediction",15,10-2,AP-D1-TES-10-2,D1-TES-10-2-910637bc,True,"Yerushalmy (1947): ""Specificity would indicate the capacity for correct diagnosis in confirmed negative cases."" Specificity = TN / (TN + FP).","A test's specificity refers to its ability to accurately identify people who do not have the disorder or other attribute the test was designed to identify, calculated by dividing the number of true negatives by the number of true negatives plus false positives.",Test Validity - Criterion-Related Validity,Analyze/Evaluate,3-4,"Specificity is the proportion of individuals who truly lack a disorder and are correctly identified as negative, calculated as TN / (TN + FP).",PMET
D1-Ch15,"Predicting Outcomes: Criterion Validity, Decision Accuracy, and the Limits of Prediction",15,10-1,AP-D1-TES-10-1,D1-TES-10-1-0d12522a,True,"Spearman (1904): The correction for attenuation formula estimates what the correlation between two variables would be if measurement error were eliminated. In applied settings, this formula is used to estimate the effect of increasing a predictor's reliability on its criterion-related validity coefficient -- that is, how much higher the validity coefficient would be if the predictor measured with perfect reliability.",The correction for attenuation formula is used to estimate the effect of increasing a predictor's reliability on its criterion-related validity coefficient.,Test Validity - Criterion-Related Validity,Analyze/Evaluate,3-4,The correction for attenuation formula estimates how much higher a predictor's criterion-related validity coefficient would be if the predictor were measured with perfect reliability.,PMET
D1-Ch15,"Predicting Outcomes: Criterion Validity, Decision Accuracy, and the Limits of Prediction",15,183,AP-D1-TES-183,D1-TES-183-f6407bc5,True,"Spearman, C. (1904). The proof and measurement of association between two things. American Journal of Psychology, 15(1), 72-101: The correction for attenuation formula estimates what the correlation between predictor and criterion would be if one or both measures had perfect reliability. It is used to estimate the effects of increasing the reliability of a predictor and/or criterion on the criterion-related validity coefficient by mathematically removing the attenuating influence of measurement error.",The correction for attenuation formula is used to estimate the effects of increasing the reliability of a predictor and/or criterion on the criterion-related validity coefficient.,Test Validity - Criterion-Related Validity,Analyze/Evaluate,3-4,"The correction for attenuation formula estimates what the predictor-criterion correlation would be if one or both measures had perfect reliability, revealing the attenuating effect of measurement error on validity coefficients.",PMET
D1-Ch15,"Predicting Outcomes: Criterion Validity, Decision Accuracy, and the Limits of Prediction",15,09-3,AP-D1-TES-09-3,D1-TES-09-3-179614c5,True,"Novick, M.R. (1966). The axioms and principal results of classical test theory. Journal of Mathematical Psychology, 3(1), 1-18: The maximum possible validity coefficient is bounded by the square root of the reliability coefficient. When a predictor has a reliability coefficient of .64, its criterion-related validity coefficient can be no larger than sqrt(.64) = .80. The reliability index (sqrt of reliability) sets the ceiling for a test's validity.","When a predictor has a reliability coefficient of .64, its criterion-related validity coefficient can be no larger than .80.",Test Validity - Criterion-Related Validity,Analyze/Evaluate,3-4,"A predictor's maximum possible criterion-related validity coefficient equals the square root of its reliability coefficient (the reliability index), so a reliability of .64 yields a validity ceiling of .80.",PMET
D1-Ch15,"Predicting Outcomes: Criterion Validity, Decision Accuracy, and the Limits of Prediction",15,218,AP-D1-TES-218,D1-TES-218-4574e484,True,"Ozer, D.J. (1985). Correlation and the coefficient of determination. Psychological Bulletin, 97(2), 307-315: ""r^2 is the percent of determination of y by x."" Squaring a validity coefficient yields the coefficient of determination (e.g., validity of .80 = 64% of criterion variance accounted for).","When a predictor has a criterion-related validity coefficient of 0.80, this means that 64% of variability in scores on the criterion is explained by variability in scores on the predictor.",Test Validity - Criterion-Related Validity,Analyze/Evaluate,3-4,"Squaring a validity coefficient yields the coefficient of determination, representing the proportion of criterion variance explained by the predictor (e.g., r = .80 means 64% of criterion variance is explained).",PMET
D2-Ch01,The Genetic Compass and the Ecological Map: Foundations of Developmental Science,1,01-3,AP-D2-LIF-01-3,D2-LIF-01-3-b7ce58d8,True,"Plomin, DeFries, Knopik, & Neiderhiser (2016): Males (XY) are more likely to express X-linked recessive traits because they have only one X chromosome — a single recessive allele will be expressed with no dominant allele on the Y to mask it. Females (XX) need two copies of the recessive allele to express the trait.","A male expresses an X-linked trait whether it's due to a recessive or a dominant allele, while females express the trait only when they have inherited the X-linked recessive allele from both parents.",Early Influences on Development - Nature vs. Nurture,Remember/Understand,1-2,"Males (XY) express X-linked recessive traits with only one recessive allele because the Y chromosome lacks a dominant allele to mask it, while females (XX) must inherit two copies to express the trait.",LDEV
D2-Ch01,The Genetic Compass and the Ecological Map: Foundations of Developmental Science,1,007,AP-D2-LIF-007,D2-LIF-007-281d722e,True,"Plomin, DeFries, Knopik, & Neiderhiser (2016): ""The fundamental tenet of the theory is that individuals in a population differ for both genetic and nongenetic reasons. How can we assess the extent to which phenotypic (observed) variability is due to genetic variation among individuals or to nongenetic differences?"" The phenotype results from the interaction of genotype and environment.","The shorter-than-average height of the 22-year-old biological son of taller-than-average parents can be explained by the phenotype, which is the result of a combination of genetic and environmental factors.",Early Influences on Development - Nature vs. Nurture,Remember/Understand,1-2,"The phenotype results from the interaction of genotype and environment, and heritability research assesses the extent to which phenotypic variability in a population is due to genetic versus nongenetic factors.",LDEV
D2-Ch01,The Genetic Compass and the Ecological Map: Foundations of Developmental Science,1,01-1,AP-D2-LIF-01-1,D2-LIF-01-1-ba0e46e5,True,"Waddington (1957) / Berk (2018): ""Canalization refers to the tendency of genotype to restrict phenotype to a narrow range of developmental outcomes. Highly canalized traits (e.g., motor milestones) are strongly buffered against environmental variation, while less canalized traits (e.g., intelligence, personality) are more susceptible to environmental influence.""",Canalization refers to the extent to which genotype restricts phenotype to a limited number of developmental outcomes regardless of environmental circumstances.,Early Influences on Development - Nature vs. Nurture,Remember/Understand,1-2,"Canalization refers to the degree to which genotype restricts phenotype to a narrow range of outcomes; highly canalized traits like motor milestones are strongly buffered against environmental variation, while traits like intelligence are more susceptible.",LDEV
D2-Ch01,The Genetic Compass and the Ecological Map: Foundations of Developmental Science,1,02-1,AP-D2-LIF-02-1,D2-LIF-02-1-9f0ce873,True,"Plomin, DeFries, Knopik, & Neiderhiser (2016): ""Heritability describes 'what is' in a population; it does not predict what could be or should be in that or any other population... heritability does not refer to a single individual but rather to individual differences in a particular population at a particular time."" Heritability (0 to 1.0) indicates the proportion of observed variation attributable to genetic differences; applies to populations, not individuals.",A heritability estimate indicates the extent to which variability in phenotype in a given population is attributable to differences in genotype.,Early Influences on Development - Nature vs. Nurture,Remember/Understand,1-2,"A heritability estimate (ranging 0 to 1.0) indicates the proportion of phenotypic variation in a specific population attributable to genetic differences; it applies to populations, not individuals.",LDEV
D2-Ch01,The Genetic Compass and the Ecological Map: Foundations of Developmental Science,1,011,AP-D2-LIF-011,D2-LIF-011-8dd61bf8,True,"Plomin, DeFries, Knopik, & Neiderhiser (2016): ""The coefficient of genetic relationship is 1.0 for identical twins and .50 for fraternal twins."" Full biological siblings share ~50% of their segregating genes; half-siblings share ~25%.","Full siblings, fraternal twins, and other first degree relatives share about 50% of their genetic material, while half siblings share about 25%.",Early Influences on Development - Nature vs. Nurture,Remember/Understand,1-2,"Full biological siblings and fraternal twins share approximately 50% of their segregating genes, while half-siblings share approximately 25%.",LDEV
D2-Ch01,The Genetic Compass and the Ecological Map: Foundations of Developmental Science,1,31,AP-D2-LIF-31,D2-LIF-31-81177884,True,"Bouchard & McGue (1981): ""Biological parent-child pairs living apart show the lowest IQ correlation among familial relationships.""",The median correlation coefficients for IQ scores reported by Bouchard and McGue indicate that the correlation is lowest for biological parent and child living apart.,Early Influences on Development - Nature vs. Nurture,Remember/Understand,1-2,Bouchard and McGue found that biological parent-child pairs living apart show the lowest IQ correlation among all familial relationships.,LDEV
D2-Ch01,The Genetic Compass and the Ecological Map: Foundations of Developmental Science,1,01-2,AP-D2-LIF-01-2,D2-LIF-01-2-3edef15b,True,"Bronfenbrenner (1979) / Berk (2018): ""The exosystem encompasses settings that the developing person does not directly participate in but that nonetheless exert an indirect influence on development (e.g., parent's workplace, legal services, mass media).""","According to Bronfenbrenner's (2004) ecological systems theory, available legal and social services are part of the exosystem, which consists of elements in the environment that the child may not have direct contact with but affect the child's immediate environment.",Early Influences on Development - Nature vs. Nurture,Remember/Understand,1-2,"In Bronfenbrenner's ecological systems theory, the exosystem consists of settings the child does not directly participate in but that indirectly influence development, such as a parent's workplace, legal services, and mass media.",LDEV
D2-Ch01,The Genetic Compass and the Ecological Map: Foundations of Developmental Science,1,02-2,AP-D2-LIF-02-2,D2-LIF-02-2-16cb4133,True,"Bronfenbrenner (1979) / Berk (2018): ""The exosystem refers to social settings that do not contain the developing person but nonetheless affect experiences in immediate settings."" Examples include a parent's workplace policies, extended family networks, community resources, and mass media — all of which indirectly shape the child's development through their influence on microsystem participants.","In Bronfenbrenner's ecological theory, a parent's workplace, the child's extended family, and the mass media are part of the child's exosystem.",Early Influences on Development - Nature vs. Nurture,Remember/Understand,1-2,"In Bronfenbrenner's ecological theory, the exosystem includes social settings that indirectly affect the child's development through microsystem participants, such as a parent's workplace, extended family, and mass media.",LDEV
D2-Ch01,The Genetic Compass and the Ecological Map: Foundations of Developmental Science,1,022-1,AP-D2-LIF-022-1,D2-LIF-022-1-d6d12122,True,"Bronfenbrenner (1979) / Berk (2018): ""The mesosystem consists of connections and interactions between two or more microsystems in which the developing person actively participates (e.g., the relationship between home and school).""",Bronfenbrenner's bioecological theory's mesosystem consists of the interactions between elements of the microsystem.,Early Influences on Development - Nature vs. Nurture,Remember/Understand,1-2,"In Bronfenbrenner's bioecological theory, the mesosystem consists of connections and interactions between two or more microsystems in which the developing person actively participates, such as the home-school relationship.",LDEV
D2-Ch01,The Genetic Compass and the Ecological Map: Foundations of Developmental Science,1,029,AP-D2-LIF-029,D2-LIF-029-585bc168,True,"Scarr & McCartney (1983) / Berk (2018): ""Niche-picking refers to the tendency of individuals to actively seek environments compatible with their genetic predispositions. This is an active genotype-environment correlation.""",Niche-picking refers to the tendency of children and adolescents to seek experiences and environments that complement and reinforce their genetic predispositions.,Early Influences on Development - Nature vs. Nurture,Remember/Understand,1-2,"Niche-picking, described by Scarr & McCartney, is an active genotype-environment correlation in which individuals seek environments compatible with their genetic predispositions.",LDEV
D2-Ch02,"When Chromosomes Carry Consequences: Prenatal Development, Genetic Disorders, and Environmental Threats",2,001,AP-D2-LIF-001,D2-LIF-001-144961e0,True,"Cassidy & Driscoll (2009): ""Prader-Willi syndrome results from loss of function of genes on the paternally inherited chromosome 15q11-q13 region, most commonly due to a deletion."" Angelman syndrome results from loss of function of the maternally inherited UBE3A gene in the same 15q11-q13 region. Both disorders exemplify genomic imprinting, where expression depends on the parent of origin.","Prader-Willi syndrome is most often the result of the deletion of a segment on paternal chromosome 15, while Angelman syndrome is usually the result of the deletion of a segment on maternal chromosome 15.",Early Influences on Development - Prenatal Development,Remember/Understand,1-2,"Prader-Willi syndrome results from loss of function in the paternally inherited chromosome 15q11-q13 region, while Angelman syndrome results from loss of function in the maternally inherited region, exemplifying genomic imprinting.",LDEV
D2-Ch02,"When Chromosomes Carry Consequences: Prenatal Development, Genetic Disorders, and Environmental Threats",2,03-1,AP-D2-LIF-03-1,D2-LIF-03-1-daa7bd11,True,"Cassidy & Driscoll (2009): ""Prader-Willi syndrome — characterized by intellectual disability, short stature, small hands/feet, and obesity — results from a chromosomal deletion on paternal chromosome 15.""","Prader-Willi syndrome, characterized by intellectual disability, short stature, small hands and feet, and obesity, is the only disorder in the list caused by a chromosomal deletion.",Early Influences on Development - Prenatal Development,Remember/Understand,1-2,"Prader-Willi syndrome, characterized by intellectual disability, short stature, small hands and feet, and obesity, results from a chromosomal deletion on paternal chromosome 15.",LDEV
D2-Ch02,"When Chromosomes Carry Consequences: Prenatal Development, Genetic Disorders, and Environmental Threats",2,033,AP-D2-LIF-033,D2-LIF-033-670066e8,True,"Visootsak & Graham (2006) / Berk (2018): Klinefelter syndrome affects males with an extra X chromosome (47,XXY). Males with this condition typically have tall stature, small testes, and often infertility, along with a number of other physical abnormalities.","Klinefelter syndrome affects males, is due to the presence of an extra X chromosome, and causes a number of physical abnormalities.",Early Influences on Development - Prenatal Development,Remember/Understand,1-2,"Klinefelter syndrome affects males with an extra X chromosome (47,XXY), typically producing tall stature, small testes, infertility, and other physical abnormalities.",LDEV
D2-Ch02,"When Chromosomes Carry Consequences: Prenatal Development, Genetic Disorders, and Environmental Threats",2,22,AP-D2-LIF-22,D2-LIF-22-c5a84e51,True,"Visootsak & Graham (2006) / Berk (2018): ""Klinefelter syndrome (47,XXY) is caused by the presence of an extra X chromosome in males — a sex chromosome aneuploidy, not a chromosomal deletion."" Males with Klinefelter syndrome typically present with tall stature, small testes, reduced fertility, and may have learning difficulties.","Klinefelter syndrome is not caused by a chromosomal deletion, but rather by the presence of two or more X chromosomes in addition to a single Y chromosome in males.",Early Influences on Development - Prenatal Development,Remember/Understand,1-2,"Klinefelter syndrome (47,XXY) results from the presence of one or more extra X chromosomes in males, causing tall stature, small testes, reduced fertility, and potential learning difficulties.",LDEV
D2-Ch02,"When Chromosomes Carry Consequences: Prenatal Development, Genetic Disorders, and Environmental Threats",2,080,AP-D2-LIF-080,D2-LIF-080-6a1b7003,True,"Hook (1981) / Berk (2018): ""Risk for trisomy 21 (Down syndrome) increases with maternal age, with greatest risk for women 42+.""",Women who are 42 years of age or older at the time of conception are at the greatest risk for having a child with standard (nondisjunction) trisomy 21.,Early Influences on Development - Prenatal Development,Remember/Understand,1-2,"Risk for trisomy 21 (Down syndrome) increases with maternal age, with women aged 42 and older at greatest risk for nondisjunction trisomy 21.",LDEV
D2-Ch02,"When Chromosomes Carry Consequences: Prenatal Development, Genetic Disorders, and Environmental Threats",2,009,AP-D2-LIF-009,D2-LIF-009-ace1dda7,True,"Moore, Persaud, & Torchia (2016): ""The embryonic period (weeks 3-8) is the most critical for teratogenic effects because this is when major organ systems undergo rapid differentiation."" Alcohol exposure during the embryonic period produces the most severe structural birth defects; exposure during the fetal period is more likely to cause functional and behavioral impairments.",Consumption of alcohol by pregnant women is most likely to cause major birth defects in their offspring when drinking occurs during the embryonic period (weeks 3 through 8).,Early Influences on Development - Prenatal Development,Remember/Understand,1-2,"Alcohol exposure during the embryonic period (weeks 3–8) causes the most severe structural birth defects, while fetal-period exposure more likely causes functional and behavioral impairments.",LDEV
D2-Ch02,"When Chromosomes Carry Consequences: Prenatal Development, Genetic Disorders, and Environmental Threats",2,044,AP-D2-LIF-044,D2-LIF-044-63f7c7b8,True,"Jones & Smith (1973) / Berk (2018): ""FAS produces irreversible, lifelong deficits including facial abnormalities, growth deficiency, and CNS dysfunction (intellectual disability, learning disabilities, behavioral problems). The damage is permanent.""",The symptoms of fetal alcohol syndrome are lifelong and irreversible.,Early Influences on Development - Prenatal Development,Remember/Understand,1-2,"Fetal alcohol syndrome (FAS) causes permanent, irreversible deficits including facial abnormalities, growth deficiency, intellectual disability, learning disabilities, and behavioral problems.",LDEV
D2-Ch02,"When Chromosomes Carry Consequences: Prenatal Development, Genetic Disorders, and Environmental Threats",2,04-1,AP-D2-LIF-04-1,D2-LIF-04-1-2d39e3de,True,"Dollard, Grosse, & Ross (2007): ""CMV is the most common infectious cause of sensorineural hearing loss in infants.""",Congenital cytomegalovirus (CMV) during prenatal development is most likely to cause sensorineural hearing loss in infants.,Early Influences on Development - Prenatal Development,Remember/Understand,1-2,Congenital cytomegalovirus (CMV) is the most common infectious cause of sensorineural hearing loss in infants.,LDEV
D2-Ch02,"When Chromosomes Carry Consequences: Prenatal Development, Genetic Disorders, and Environmental Threats",2,04-2,AP-D2-LIF-04-2,D2-LIF-04-2-ad68b280,True,"Tyson, Parikh, Langer, Green, & Higgins (2008) / Berk (2018): ""The age of viability — the earliest point at which the fetus can survive outside the womb — is generally considered to be between 22 and 26 weeks of gestation."" Survival depends on lung maturity and medical intervention; outcomes improve substantially with each additional week of gestation.","The earliest age at which a baby can survive outside the womb is referred to as the age of viability, which is between 22 and 26 weeks after conception.",Early Influences on Development - Prenatal Development,Remember/Understand,1-2,"The age of viability — the earliest point at which a fetus can survive outside the womb — is generally between 22 and 26 weeks of gestation, with survival improving substantially with each additional week.",LDEV
D2-Ch02,"When Chromosomes Carry Consequences: Prenatal Development, Genetic Disorders, and Environmental Threats",2,040,AP-D2-LIF-040,D2-LIF-040-f70812a0,True,"Tyson, Parikh, Langer, Green, & Higgins (2008): ""We prospectively studied a cohort of 4446 infants born at 22 to 25 weeks' gestation."" The age of viability is the earliest point at which a fetus can survive outside the womb, generally between 22-26 weeks.","The age of viability, the earliest time in fetal development when the fetus has a good chance of survival outside the womb, is generally considered to be between 22 and 26 weeks after conception.",Early Influences on Development - Prenatal Development,Remember/Understand,1-2,"The age of viability is the earliest point at which a fetus can survive outside the womb, generally considered to be between 22 and 26 weeks of gestation.",LDEV
D2-Ch03,Where Biology Meets Biography: Gene-Environment Interplay and the Roots of Individual Differences,3,018,AP-D2-LIF-018,D2-LIF-018-8b3694f6,True,"Bornstein (1989) / Berk (2018): ""A sensitive period is a developmental window during which certain abilities are most readily acquired. Unlike a critical period, development is still possible outside the window but is more difficult or less optimal.""","The acquisition of most aspects of human development has a sensitive period, meaning these skills can be acquired most easily during a particular period of time but can still be acquired later, although it may be more difficult.",Early Influences on Development - Nature vs. Nurture,Understand,2,"A sensitive period is a developmental window during which skills are most easily acquired; unlike a critical period, acquisition is still possible afterward but is more difficult or less optimal.",LDEV
D2-Ch03,Where Biology Meets Biography: Gene-Environment Interplay and the Roots of Individual Differences,3,06,AP-D2-LIF-06,D2-LIF-06-448e8c7d,True,"Barker (1995): ""The 'fetal origins' hypothesis (also called fetal programming or the Barker hypothesis) proposes that conditions during prenatal development permanently alter the structure, physiology, and metabolism of the offspring, predisposing to disease in later life."" Maternal overnutrition during pregnancy programs metabolic pathways in the fetus, increasing the offspring's risk for obesity, metabolic syndrome, and type 2 diabetes.","Fetal programming, which occurs when exposure to certain events during embryonic and fetal development affects the offspring's characteristics at birth and long-term health, explains the link between maternal overnutrition during pregnancy and her offspring's increased risk for obesity, metabolic syndrome, and type 2 diabetes mellitus in childhood and adulthood.",Early Influences on Development - Nature vs. Nurture,Understand,2,"The Barker hypothesis (fetal programming) proposes that maternal overnutrition during pregnancy permanently alters fetal metabolic pathways, increasing offspring risk for obesity, metabolic syndrome, and type 2 diabetes.",LDEV
D2-Ch03,Where Biology Meets Biography: Gene-Environment Interplay and the Roots of Individual Differences,3,022-2,AP-D2-LIF-022-2,D2-LIF-022-2-49a13a65,True,"Laufer et al. (2013): ""Prenatal alcohol exposure produces epigenetic modifications — alterations in gene expression without changing the DNA sequence — contributing to fetal alcohol spectrum disorders.""",Prenatal exposure to alcohol can trigger epigenetic changes that result in fetal alcohol spectrum disorders.,Early Influences on Development - Nature vs. Nurture,Understand,2,Prenatal alcohol exposure can produce epigenetic modifications — changes in gene expression without altering DNA sequence — contributing to fetal alcohol spectrum disorders.,LDEV
D2-Ch03,Where Biology Meets Biography: Gene-Environment Interplay and the Roots of Individual Differences,3,143,AP-D2-LIF-143,D2-LIF-143-1a5e5053,True,"Scarr & McCartney (1983): ""Active genotype-environment correlation occurs when individuals actively select environments that correspond to their genetic predispositions — also called niche-picking."" This becomes increasingly important with age as children gain greater autonomy in choosing their environments, activities, and companions.","The active genotype-environment correlation is the association between an individual's genetic predisposition and the niches (environments) the individual chooses, which is also referred to as niche-picking and niche-building.",Early Influences on Development - Nature vs. Nurture,Understand,2,"Active genotype-environment correlation (niche-picking), described by Scarr and McCartney (1983), occurs when individuals seek out environments matching their genetic predispositions and becomes increasingly important as children gain autonomy with age.",LDEV
D2-Ch03,Where Biology Meets Biography: Gene-Environment Interplay and the Roots of Individual Differences,3,062,AP-D2-LIF-062,D2-LIF-062-b8666644,True,"Bauer et al. (2005) / Berk (2018): ""Prenatal cocaine exposure is associated with prematurity, low birth weight, irritability, feeding/sleep disturbances, exaggerated startle response, and high-pitched cry.""","When a woman uses cocaine during pregnancy, her baby may be premature and have a low birth weight, may be irritable, restless, and difficult to comfort, and may have feeding and sleep problems, an exaggerated startle response, and a high-pitched cry.",Early Influences on Development - Prenatal Development,Understand,2,"Prenatal cocaine exposure is associated with prematurity, low birth weight, irritability, feeding and sleep disturbances, exaggerated startle response, and high-pitched cry.",LDEV
D2-Ch03,Where Biology Meets Biography: Gene-Environment Interplay and the Roots of Individual Differences,3,051,AP-D2-LIF-051,D2-LIF-051-90958631,True,"Blau, van Spronsen, & Levy (2010) / Berk (2018): ""PKU is a metabolic disorder in which the body cannot metabolize phenylalanine. Strict dietary restriction beginning in early infancy prevents the intellectual disability that would otherwise develop.""",A special diet is used to prevent the intellectual disabilities caused by phenylketonuria (PKU).,Early Influences on Development - Prenatal Development,Understand,2,PKU is a metabolic disorder in which phenylalanine cannot be metabolized; strict dietary restriction beginning in early infancy prevents the intellectual disability that would otherwise develop.,LDEV
D2-Ch03,Where Biology Meets Biography: Gene-Environment Interplay and the Roots of Individual Differences,3,03-2,AP-D2-LIF-03-2,D2-LIF-03-2-f429abae,True,"Amir et al. (1999): ""Rett syndrome is caused by mutations in the MECP2 gene located on the X chromosome. It primarily affects females because affected males rarely survive to birth."" Characterized by normal early development followed by regression in motor and language skills, stereotypic hand movements, and intellectual disability.",Rett syndrome primarily affects females and is caused by a mutation in an X-linked gene.,Early Influences on Development - Prenatal Development,Understand,2,"Rett syndrome is caused by mutations in the MECP2 gene on the X chromosome, primarily affecting females, and is characterized by normal early development followed by regression in motor and language skills and stereotypic hand movements.",LDEV
D2-Ch03,Where Biology Meets Biography: Gene-Environment Interplay and the Roots of Individual Differences,3,207,AP-D2-LIF-207,D2-LIF-207-3ebac607,True,"Scriver (2007): ""PKU follows autosomal recessive inheritance — it occurs only in individuals homozygous for the recessive allele.""",Phenylketonuria (PKU) occurs in individuals who are homozygous for a recessive allele.,Early Influences on Development - Prenatal Development,Understand,2,"Phenylketonuria (PKU) follows autosomal recessive inheritance, occurring only in individuals who are homozygous for the recessive allele.",LDEV
D2-Ch04,How Minds Begin: Piaget's Sensorimotor Stage and the Construction of Infant Knowledge,4,181,AP-D2-LIF-181,D2-LIF-181-2750eb88,True,"Piaget (1964): ""The development of knowledge is a spontaneous process, tied to the whole process of embryogenesis... it concerns the totality of the structures of knowledge."" Development progresses through qualitatively distinct stages; children are active constructors of knowledge through direct interaction with the environment.",Piaget's stage theory of cognitive development views development as being discontinuous and active.,Cognitive Development,Understand,2,"Piaget's stage theory views cognitive development as discontinuous and active, with children as constructors of knowledge through direct interaction with the environment.",LDEV
D2-Ch04,How Minds Begin: Piaget's Sensorimotor Stage and the Construction of Infant Knowledge,4,088,AP-D2-LIF-088,D2-LIF-088-f4ee5fb5,True,"Piaget (1964): ""To know an object is to act on it. To know is to modify, to transform the object, and to understand the process of this transformation."" Assimilation incorporates new information into existing schemas; accommodation modifies schemas in response to information that doesn't fit. For example, a child who applies the word ""doggie"" to all furry four-legged animals is demonstrating assimilation -- fitting new experiences into an existing schema.","Piaget proposed that the construction of knowledge involves adaptation, which consists of two processes - assimilation and accommodation, and applying the word ""doggie"" to all furry four-legged animals is an example of assimilation.",Cognitive Development,Understand,2,"In Piaget's theory, assimilation incorporates new information into existing schemas, as when a child applies the word ""doggie"" to all furry four-legged animals.",LDEV
D2-Ch04,How Minds Begin: Piaget's Sensorimotor Stage and the Construction of Infant Knowledge,4,003,AP-D2-LIF-003,D2-LIF-003-7c1fb19c,True,"Piaget (1964): ""I shall distinguish four main stages. The first is a sensory-motor, pre-verbal stage, lasting approximately the first 18 months of life."" In substage 3 (secondary circular reactions, ~4-8 months), infants repeat actions that produce interesting effects on external objects.","During substage 3 (secondary circular reactions) of the sensorimotor stage, an infant repeats behaviors that elicit a response from a person or object.",Cognitive Development,Understand,2,"In Piaget's sensorimotor substage 3 (secondary circular reactions, ~4–8 months), infants repeat actions that produce interesting effects on external objects or people.",LDEV
D2-Ch04,How Minds Begin: Piaget's Sensorimotor Stage and the Construction of Infant Knowledge,4,11-1,AP-D2-LIF-11-1,D2-LIF-11-1-cb4f61f6,True,"Piaget (1964): In substage 5 (tertiary circular reactions, ~12-18 months), infants intentionally vary actions to observe different outcomes — deliberate experimentation. Piaget describes this as the child ""discovering a property of the action of ordering.""","A child exploring the use of a block by banging it against the tray on his highchair, using it to push another block across the tray, and dropping it while sitting in his high chair is an example of tertiary circular reaction, as described by Piaget.",Cognitive Development,Understand,2,"Tertiary circular reactions in Piaget's substage 5 (12–18 months) involve infants deliberately varying their actions to observe different outcomes, reflecting intentional experimentation.",LDEV
D2-Ch04,How Minds Begin: Piaget's Sensorimotor Stage and the Construction of Infant Knowledge,4,10-1,AP-D2-LIF-10-1,D2-LIF-10-1-527a836b,True,"Piaget (1962) / Berk (2018): ""According to Piaget, deferred imitation — the ability to reproduce a previously observed behavior after a delay — first appears in substage 6 of the sensorimotor period (18-24 months), reflecting the capacity for mental representation."" Subsequent research by Meltzoff (1988) demonstrated that deferred imitation can occur as early as 9-14 months.","According to Piaget, children begin to be able to observe another child perform a complex action and then imitate that action for the first time on the following day when they're between 18 and 24 months of age.",Cognitive Development,Understand,2,"Piaget placed deferred imitation at sensorimotor substage 6 (18–24 months), but Meltzoff demonstrated it can occur as early as 9–14 months, challenging Piaget's timeline.",LDEV
D2-Ch04,How Minds Begin: Piaget's Sensorimotor Stage and the Construction of Infant Knowledge,4,090,AP-D2-LIF-090,D2-LIF-090-ced4cf8c,True,"Piaget (1962): Deferred imitation and make-believe play emerge during the sixth and final substage of the sensorimotor period, at approximately 18 months of age. These abilities reflect the child's capacity to create mental representations -- internal images of objects and events that can be recalled and acted upon in the absence of the original stimulus. The emergence of representational thought marks the transition from sensorimotor to preoperational intelligence.","Piaget attributed children's ability to engage in deferred imitation and make-believe play to the ability to create mental representations, which emerges during the final substage of the sensorimotor period at about 18 months of age.",Cognitive Development,Understand,2,"Piaget attributed deferred imitation and make-believe play to the emergence of mental representation during substage 6 of the sensorimotor period at approximately 18 months, marking the transition to preoperational intelligence.",LDEV
D2-Ch04,How Minds Begin: Piaget's Sensorimotor Stage and the Construction of Infant Knowledge,4,091,AP-D2-LIF-091,D2-LIF-091-57f92fa8,True,"Bauer (2007) / Berk (2018): ""Childhood (infantile) amnesia is the inability to recall autobiographical events from before age 3–4, attributed to immature brain structures, lack of coherent self-concept, and limited language for encoding narrative memories.""","Sense of self and language skills are most useful for understanding childhood amnesia, the inability of adults to recall events they experienced before the age of 3 or 4.",Cognitive Development,Understand,2,"Childhood (infantile) amnesia—the inability to recall autobiographical events before age 3–4—is attributed to immature brain structures, lack of a coherent self-concept, and limited language for encoding narrative memories.",LDEV
D2-Ch04,How Minds Begin: Piaget's Sensorimotor Stage and the Construction of Infant Knowledge,4,11-2,AP-D2-LIF-11-2,D2-LIF-11-2-f4d6874d,True,"Piaget (1964) / Berk (2018): ""Accommodation involves modifying an existing schema or creating a new one to incorporate information that does not fit existing cognitive structures."" When a child recognizes that a cat does not belong in the 'dog' schema and creates a new 'cat' schema, this is accommodation — adjusting mental structures to account for new experiences.","A young child's realization that the neighbor's cat is not the same as the family dog and starting to call it ""kitty"" instead of ""doggie"" is an example of accommodation according to Piaget's theory.",Cognitive Development,Understand,2,"Accommodation, per Piaget, involves modifying an existing schema or creating a new one when new information cannot fit existing cognitive structures, as when a child creates a separate ""cat"" schema after recognizing a cat is not a dog.",LDEV
D2-Ch04,How Minds Begin: Piaget's Sensorimotor Stage and the Construction of Infant Knowledge,4,13-3,AP-D2-LIF-13-3,D2-LIF-13-3-e4059428,True,"Piaget (1964) / Berk (2018): ""Assimilation is the process of incorporating new information into an existing cognitive schema without modifying the schema."" When a child interprets the moon's apparent movement as 'following' them, the child is assimilating this observation into the existing schema that things that move alongside you are following you.","In this situation, the child is assimilating the apparent movement of the moon into what he already knows - i.e., things that move with you are following you.",Cognitive Development,Understand,2,"Assimilation, per Piaget, is incorporating new information into an existing schema without modifying it, as when a child interprets the moon as ""following"" them based on an existing schema about moving objects.",LDEV
D2-Ch04,How Minds Begin: Piaget's Sensorimotor Stage and the Construction of Infant Knowledge,4,24,AP-D2-LIF-24,D2-LIF-24-c0b85721,True,"Case (1985) / Shaffer & Kipp (2014): ""Neo-Piagetian theories retain Piaget's constructivist stage framework but integrate concepts from information-processing theory — particularly working memory capacity, processing speed, and executive function — to explain stage transitions.""",Neo-Piagetian theories of cognitive development are best described as a combination of elements of Piaget's constructivist theory and information processing theories.,Cognitive Development,Understand,2,"Neo-Piagetian theories (Case, 1985) retain Piaget's constructivist stage framework while integrating information-processing concepts such as working memory capacity, processing speed, and executive function to explain stage transitions.",LDEV
D2-Ch05,The First Words: How Infants Build a Language from Sound and Meaning,5,08-2,AP-D2-LIF-08-2,D2-LIF-08-2-e8060d04,True,"Brown & Bellugi (1964): ""In English the order of words in a sentence is an important grammatical signal. Order is used to distinguish among subject, direct object, and indirect object."" Phonemes are the smallest units of sound that signal a difference in meaning.",The smallest distinctive units of sound in a language are referred to as phonemes.,Language Development,Understand/Apply,2,Phonemes are the smallest units of sound in a language that signal a difference in meaning.,LDEV
D2-Ch05,The First Words: How Infants Build a Language from Sound and Meaning,5,08-3,AP-D2-LIF-08-3,D2-LIF-08-3-02bcb884,True,"Brown (1973) / Berk (2018): ""A morpheme is the smallest unit of language that carries meaning. Free morphemes (e.g., 'do,' 'cat,' 'run') can stand alone as words. Bound morphemes (e.g., '-ed,' '-ing,' 'un-') must be attached to other morphemes to convey meaning.""","An example of a morpheme is ""do"".",Language Development,Understand/Apply,2,A morpheme is the smallest unit of language that carries meaning; free morphemes can stand alone while bound morphemes must attach to other morphemes to convey meaning.,LDEV
D2-Ch05,The First Words: How Infants Build a Language from Sound and Meaning,5,134,AP-D2-LIF-134,D2-LIF-134-6007fe76,True,"Brown & Bellugi (1964): Children's speech preserves the word order of adult models but omits functors — inflections, auxiliary verbs, articles, prepositions, and conjunctions. Free morphemes can stand alone as words (e.g., 'do'); bound morphemes cannot stand alone and must attach to another morpheme (e.g., 'pre-,' '-ism').","Morphemes are the smallest meaningful units in a language, such as ""inter,"" ""er,"" ""ism,"" ""pre,"" and ""post"" in English.",Language Development,Understand/Apply,2,"Free morphemes can stand alone as words, while bound morphemes must attach to another morpheme; children's telegraphic speech preserves adult word order but omits bound grammatical morphemes and functors.",LDEV
D2-Ch05,The First Words: How Infants Build a Language from Sound and Meaning,5,181,AP-D2-LIF-181,D2-LIF-181-0d409606,True,"Brown (1973) / Berk (2018): ""Morphemes are the smallest meaningful units of language. The word 'unsustainable' contains three morphemes: the bound morpheme 'un-' (prefix meaning 'not'), the free morpheme 'sustain' (can stand alone as a word), and the bound morpheme '-able' (suffix meaning 'capable of'). Thus it has two bound morphemes and one free morpheme.""","The word ""unsustainable"" has two bound morphemes and one free morpheme.",Language Development,Understand/Apply,2,"The word ""unsustainable"" contains three morphemes: one free morpheme (sustain) and two bound morphemes (un- and -able).",LDEV
D2-Ch05,The First Words: How Infants Build a Language from Sound and Meaning,5,07,AP-D2-LIF-07,D2-LIF-07-8547dd03,True,"Wolff (1969) / Berk (2018): ""Newborns produce three distinct cry patterns: the basic (hunger) cry, the angry cry (louder and more intense), and the pain cry (sudden onset, long initial cry followed by breath holding).""","Newborns emit three different cries that indicate hunger, anger, or pain.",Language Development,Understand/Apply,2,"Wolff identified three distinct newborn cry patterns: the basic/hunger cry, the angry cry (louder and more intense), and the pain cry (sudden onset with a long initial cry followed by breath holding).",LDEV
D2-Ch05,The First Words: How Infants Build a Language from Sound and Meaning,5,08-1,AP-D2-LIF-08-1,D2-LIF-08-1-30b20636,True,"Oller (2000): ""Babbling emerges between 3–6 months with repetition of vowel-consonant combinations, initially including sounds from multiple languages.""",Babbling emerges between 3 and 6 months of age and initially involves the repetition of single vowel-consonant combinations that include sounds from different languages.,Language Development,Understand/Apply,2,Babbling emerges between 3–6 months with repetition of vowel-consonant combinations and initially includes sounds from multiple languages before narrowing to the native language.,LDEV
D2-Ch05,The First Words: How Infants Build a Language from Sound and Meaning,5,196,AP-D2-LIF-196,D2-LIF-196-dfc85129,True,"Kuhl (2004): ""Infant babbling narrows to primarily native-language phonemes by approximately 9–10 months, reflecting perceptual narrowing.""",Infant babbling initially includes sounds from all languages but begins to narrow to the sounds of the infant's native language by about 9 months of age.,Language Development,Understand/Apply,2,"By approximately 9–10 months, infant babbling narrows to native-language phonemes through perceptual narrowing, having initially included sounds from all languages.",LDEV
D2-Ch05,The First Words: How Infants Build a Language from Sound and Meaning,5,09-1,AP-D2-LIF-09-1,D2-LIF-09-1-ab0ea8be,True,"Goldfield & Reznick (1990): ""The vocabulary spurt typically begins around 18 months when children have acquired approximately 50 words, with word learning accelerating dramatically.""","The vocabulary spurt, when babies use about 50 words, usually begins around 18 months of age.",Language Development,Understand/Apply,2,"The vocabulary spurt typically begins around 18 months when children have acquired approximately 50 words, after which word learning accelerates dramatically.",LDEV
D2-Ch05,The First Words: How Infants Build a Language from Sound and Meaning,5,10,AP-D2-LIF-10,D2-LIF-10-c0aabb97,True,"Chomsky (1959): ""The fact that all normal children acquire essentially comparable grammars of great complexity with remarkable rapidity suggests that human beings are somehow specially designed to do this."" Humans possess an innate capacity for language allowing detection of native language structure from limited input.",Noam Chomsky attributed language acquisition to an innate language acquisition device.,Language Development,Understand/Apply,2,Chomsky proposed that humans possess an innate language acquisition device that enables rapid acquisition of complex grammar from limited input.,LDEV
D2-Ch06,Words in the World: How Language Meets Social Context,6,09-2,AP-D2-LIF-09-2,D2-LIF-09-2-4f2ab597,True,"Clark (1973) / Berk (2018): ""Underextension occurs when a child restricts a word to only a specific instance of the category rather than applying it to all members.""","Underextension occurs when a child applies a word only to a specific person, object, or event rather than to all the people, objects, or events it applies to.",Language Development,Apply/Analyze,2-3,Underextension occurs when a child restricts a word to only a specific instance of a category rather than applying it to all members of that category.,LDEV
D2-Ch06,Words in the World: How Language Meets Social Context,6,145,AP-D2-LIF-145,D2-LIF-145-05fe6c04,True,"Clark (1973): ""Overextension occurs when a child applies a word too broadly — using it for objects sharing some perceptual feature with the referent but not belonging to the correct category.""","When a child learns the word ""dada,"" she initially applies it to all adult males, which is an example of overextension.",Language Development,Apply/Analyze,2-3,"Overextension occurs when a child applies a word too broadly to objects sharing a perceptual feature with the correct referent, as when ""dada"" is used for all adult males.",LDEV
D2-Ch06,Words in the World: How Language Meets Social Context,6,123,AP-D2-LIF-123,D2-LIF-123-a3d49fe9,True,"Brown & Bellugi (1964): ""At about eighteen months children are likely to begin constructing two-word utterances; such a one, for instance, as Push car."" Two-word combinations (telegraphic speech) emerge between 18-24 months, using high-content words in grammatically meaningful order while omitting functors.","Children use two words to create a simple sentence, such as ""juice gone,"" ""get toy,"" and ""big doggie,"" by about 18 to 24 months of age.",Language Development,Apply/Analyze,2-3,"Telegraphic speech, emerging between 18–24 months, consists of two-word utterances that preserve meaningful word order while omitting grammatical functors such as articles and prepositions.",LDEV
D2-Ch06,Words in the World: How Language Meets Social Context,6,025,AP-D2-LIF-025,D2-LIF-025-c4b998ae,True,"Grice (1975) / Berk (2018): ""Pragmatics is the social use of language in context, including understanding humor, sarcasm, implied meaning, conversational rules, and interpreting nonliteral language.""",People who struggle with pragmatic language often have difficulty understanding humor and sarcasm.,Language Development,Apply/Analyze,2-3,"Pragmatics is the social use of language in context, encompassing humor, sarcasm, implied meaning, conversational rules, and nonliteral language interpretation.",LDEV
D2-Ch06,Words in the World: How Language Meets Social Context,6,152,AP-D2-LIF-152,D2-LIF-152-a7002d9f,True,"Gumperz (1982) / Berk (2018): ""Code-switching is the practice of alternating between two or more languages or language varieties within a single conversation or utterance."" Bilingual and multilingual speakers use code-switching strategically to signal group identity, establish solidarity, convey emphasis, or navigate social contexts.",Code-switching is used by bilingual and multilingual speakers to establish solidarity with listeners belonging to their own minority group.,Language Development,Apply/Analyze,2-3,"Code-switching is the practice of alternating between languages or language varieties to signal group identity, establish solidarity, convey emphasis, or navigate social contexts.",LDEV
D2-Ch06,Words in the World: How Language Meets Social Context,6,015,AP-D2-LIF-015,D2-LIF-015-e79687f0,True,"Morales & Hanson (2005): ""Language brokering can have both positive effects (cognitive benefits) and negative effects (role reversal stress).""","Language brokering, the act of translating and interpreting within immigrant families by children and adolescents for their parents, can have both positive and negative effects on the child and the parent-child relationship.",Language Development,Apply/Analyze,2-3,Language brokering — children and adolescents translating for immigrant parents — can have both positive effects (cognitive benefits) and negative effects (role reversal stress) on the child and parent-child relationship.,LDEV
D2-Ch06,Words in the World: How Language Meets Social Context,6,10-2,AP-D2-LIF-10-2,D2-LIF-10-2-2ab327a4,True,"Wertsch (1984): ""Vygotsky defined the zone of proximal development as 'the distance between the actual developmental level as determined by independent problem solving and the level of potential development as determined through problem solving under adult guidance or in collaboration with more capable peers.'"" Higher mental functions first appear on the social plane before being internalized on the individual plane.","According to Vygotsky's theory, the acquisition of knowledge depends primarily on social interactions.",Cognitive Development,Apply/Analyze,2-3,Vygotsky's zone of proximal development is the distance between a child's independent problem-solving level and the level achievable with adult guidance or collaboration with more capable peers.,LDEV
D2-Ch06,Words in the World: How Language Meets Social Context,6,12-2,AP-D2-LIF-12-2,D2-LIF-12-2-31c7407c,True,"Vygotsky (1978): ""The zone of proximal development is the distance between the actual developmental level as determined by independent problem solving and the level of potential development as determined through problem solving under adult guidance or in collaboration with more capable peers."" The ZPD defines the range between what a child can do alone and what they can achieve with support.",Vygotsky's zone of proximal development is defined by the child's independent performance and the child's performance with assistance.,Cognitive Development,Apply/Analyze,2-3,Vygotsky's zone of proximal development (ZPD) is the distance between a child's independent problem-solving level and the higher level achievable with adult guidance or collaboration with more capable peers.,LDEV
D2-Ch07,"The Relational Foundation: Attachment, Aggression, and the Social World of Childhood",7,010,AP-D2-LIF-010,D2-LIF-010-ecad57f4,True,"Bowlby (1958): Attachment is a biologically based behavioral system shaped by natural selection, rooted in ethological theory. Infants are biologically predisposed to form attachments to caregivers because proximity to a protective adult enhances survival.",Bowlby's theory of attachment was most influenced by ethological theory.,"Socioemotional Development - Attachment, Emotions, and Social Relationships",Understand/Apply,2,"Bowlby's attachment theory was most influenced by ethological theory, proposing that infants are biologically predisposed to seek proximity to caregivers because it enhances survival.",LDEV
D2-Ch07,"The Relational Foundation: Attachment, Aggression, and the Social World of Childhood",7,182,AP-D2-LIF-182,D2-LIF-182-c4bec222,True,"Harlow (1958) / Berk (2018): ""Contact comfort (soft physical contact) is more critical for attachment formation than feeding, as demonstrated by Harlow's experiments showing infant monkeys preferred a soft cloth surrogate over a wire surrogate that provided milk.""","According to Harlow and Zimmerman's research, contact comfort is most important for the development of attachment in young rhesus monkeys.","Socioemotional Development - Attachment, Emotions, and Social Relationships",Understand/Apply,2,"Harlow's experiments demonstrated that contact comfort (soft physical touch) is more critical than feeding for attachment formation, as infant monkeys preferred a soft cloth surrogate over a wire surrogate that provided milk.",LDEV
D2-Ch07,"The Relational Foundation: Attachment, Aggression, and the Social World of Childhood",7,18,AP-D2-LIF-18,D2-LIF-18-5fe6fbc8,True,"Ainsworth et al. (1978): ""The Strange Situation procedure assesses attachment patterns in infants aged 12–24 months through a series of separations and reunions with the caregiver and a stranger.""","Ainsworth and her colleagues used the ""strange situation"" to study attachment in babies one to two years of age.","Socioemotional Development - Attachment, Emotions, and Social Relationships",Understand/Apply,2,Ainsworth's Strange Situation procedure assesses attachment patterns in infants aged 12–24 months through a standardized series of separations and reunions with a caregiver and stranger.,LDEV
D2-Ch07,"The Relational Foundation: Attachment, Aggression, and the Social World of Childhood",7,174-1,AP-D2-LIF-174-1,D2-LIF-174-1-9be3bd54,True,"Ainsworth et al. (1978) / Berk (2018): ""Insecure-avoidant attachment: infants show little distress at separation and avoid the caregiver upon return. Associated with rejecting, unresponsive, or overstimulating caregiving.""","Ainsworth and her colleagues distinguished between two types of insecure attachment patterns: avoidant and ambivalent, and parents of children with the avoidant pattern are often either rejecting and unresponsive or intrusive and overstimulating.","Socioemotional Development - Attachment, Emotions, and Social Relationships",Understand/Apply,2,"Insecure-avoidant attachment is characterized by little distress at separation and avoidance of the caregiver upon reunion, associated with rejecting, unresponsive, or overstimulating caregiving.",LDEV
D2-Ch07,"The Relational Foundation: Attachment, Aggression, and the Social World of Childhood",7,19-2,AP-D2-LIF-19-2,D2-LIF-19-2-3022d613,True,"Bowlby (1958): Internal working models are mental representations of the self, the attachment figure, and the relationship between them. These templates guide expectations about relationships throughout life.","According to Bowlby (1980), an infant's early attachment relationships lead to the development of internal working models that consist of beliefs about the self, others, and the self in relationship to others, which affect future relationships.","Socioemotional Development - Attachment, Emotions, and Social Relationships",Understand/Apply,2,"Bowlby's internal working models are mental representations of the self, attachment figures, and their relationship that form through early attachment and serve as templates guiding relationship expectations throughout life.",LDEV
D2-Ch07,"The Relational Foundation: Attachment, Aggression, and the Social World of Childhood",7,168,AP-D2-LIF-168,D2-LIF-168-06fa4dc6,True,"Feinman (1982) / Berk (2018): Social referencing is using another person's emotional reaction to guide one's own response in ambiguous situations. It is often studied by placing infants in situations involving a stranger, a novel object, or the visual cliff, in which the infant looks to a parent's facial expression to determine how to respond.","Social referencing refers to the use of the emotional reactions of a parent or other person to determine how to respond in ambiguous situations, often studied by placing infants in situations involving a stranger, a novel object, or the visual cliff.","Socioemotional Development - Attachment, Emotions, and Social Relationships",Understand/Apply,2,"Social referencing is using another person's emotional reaction to guide one's own response in ambiguous situations, commonly studied using strangers, novel objects, or the visual cliff.",LDEV
D2-Ch07,"The Relational Foundation: Attachment, Aggression, and the Social World of Childhood",7,21-1,AP-D2-LIF-21-1,D2-LIF-21-1-70930bc9,True,"Crick & Dodge (1994): ""High aggression is attributed to hostile attribution bias — interpreting ambiguous social cues as intentionally hostile.""",Crick and Dodge's social information-processing model attributes high levels of aggression in children to a hostile attribution bias.,"Socioemotional Development - Attachment, Emotions, and Social Relationships",Understand/Apply,2,Crick and Dodge's social information-processing model attributes high aggression in children to a hostile attribution bias — interpreting ambiguous social cues as intentionally hostile.,LDEV
D2-Ch07,"The Relational Foundation: Attachment, Aggression, and the Social World of Childhood",7,180,AP-D2-LIF-180,D2-LIF-180-7374e3b5,True,"/ [23] Patterson (1982): ""High childhood aggression is linked to coercive parent-child cycles: parent makes a demand, child responds aversively, parent backs down — negatively reinforcing coercion. Intervention targets parent behavior.""",The Oregon model of parent management training developed by Gerald Patterson and his colleagues (1982) was based on their research that found a link between high levels of aggressiveness in children and coercive family interactions.,"Socioemotional Development - Attachment, Emotions, and Social Relationships",Understand/Apply,2,Patterson's Oregon model of parent management training is based on research linking childhood aggression to coercive parent-child cycles in which parental capitulation negatively reinforces the child's aversive behavior.,LDEV
D2-Ch07,"The Relational Foundation: Attachment, Aggression, and the Social World of Childhood",7,22-1,AP-D2-LIF-22-1,D2-LIF-22-1-24f507aa,True,"Damon (1977): ""Three friendship stages: handy playmate (early childhood), mutual trust (middle childhood), intimacy and loyalty (adolescence).""","Damon's three stages of friendship development are handy playmate, mutual trust and assistance, and intimacy and loyalty.","Socioemotional Development - Attachment, Emotions, and Social Relationships",Understand/Apply,2,Damon's three friendship stages progress from handy playmate (early childhood) to mutual trust (middle childhood) to intimacy and loyalty (adolescence).,LDEV
D2-Ch07,"The Relational Foundation: Attachment, Aggression, and the Social World of Childhood",7,134,AP-D2-LIF-134,D2-LIF-134-900e538a,True,"Rowe & Kahn (1997): Successful aging requires three components: (1) reducing disease risk and disease-related disability, (2) maintaining high cognitive and physical functioning, and (3) active engagement with life. Notably, acceptance of the normal effects of aging is not included as a component of this model.","Rowe and Kahn's model of successful aging includes reducing the risk for disease and disease-related disability, maintaining high cognitive and physical functioning, and staying actively engaged in life, but not acceptance of the normal effects of aging.","Socioemotional Development - Attachment, Emotions, and Social Relationships",Understand/Apply,2,"Rowe and Kahn's model of successful aging includes reducing disease risk, maintaining high cognitive and physical functioning, and active engagement with life, but does not include acceptance of normal aging effects.",LDEV
D2-Ch08,"Thinking in Symbols: Preoperational Cognition, Play, and the Growing Brain",8,106,AP-D2-LIF-106,D2-LIF-106-958f7357,True,"Piaget (1964): ""In a second stage, we have pre-operational representation — the beginnings of language, of the symbolic function, and therefore of thought, or representation."" Animistic thinking is a preoperational characteristic in which children attribute life to inanimate objects.","When a child says the moon is following them because it wants to help them see where they're going, this is an example of animistic thinking.",Cognitive Development,Apply,2-3,"Animistic thinking, a characteristic of Piaget's preoperational stage, is the tendency to attribute life and intentions to inanimate objects.",LDEV
D2-Ch08,"Thinking in Symbols: Preoperational Cognition, Play, and the Growing Brain",8,199,AP-D2-LIF-199,D2-LIF-199-b67cc1c3,True,"Wimmer & Perner (1983) / Berk (2018): ""Theory of mind is commonly assessed using the false belief task: a character places an object, leaves, and the object is moved. Children who pass (~age 4) predict the character will look in the original location.""",The change-of-location task is most often used to assess theory of mind.,Cognitive Development,Apply,2-3,Theory of mind is commonly assessed using the false belief (change-of-location) task; children who pass at approximately age 4 correctly predict a character will search where an object was originally placed.,LDEV
D2-Ch08,"Thinking in Symbols: Preoperational Cognition, Play, and the Growing Brain",8,128,AP-D2-LIF-128,D2-LIF-128-23704a16,True,"Wood, Bruner, & Ross (1976): ""This scaffolding consists essentially of the adult 'controlling' those elements of the task that are initially beyond the learner's capacity, thus permitting him to concentrate upon and complete only those elements that are within his range of competence."" Scaffolding adjusts support level and gradually withdraws assistance as competence increases, within the ZPD.","According to Vygotsky, assistance from adults and more experienced peers (scaffolding) helps a learner advance within his/her zone of proximal development.",Cognitive Development,Apply,2-3,"Scaffolding, as described by Wood, Bruner, and Ross (1976), involves an adult controlling task elements beyond the learner's current capacity and gradually withdrawing support as competence increases within the ZPD.",LDEV
D2-Ch08,"Thinking in Symbols: Preoperational Cognition, Play, and the Growing Brain",8,13-1,AP-D2-LIF-13-1,D2-LIF-13-1-98917109,True,"Lillard, Lerner, Hopkins, Dore, Smith, & Palmquist (2013): ""For Vygotsky (1978), pretense has a crucial developmental role, because it is the activity by which children learn to separate referent from object... children also develop inhibitory control through pretend play (Bodrova & Leong, 1996)."" Make-believe play provides a context for practicing self-regulation and skills beyond current independent ability.","According to Vygotsky, children's make-believe play provides them with a zone of proximal development.",Cognitive Development,Apply,2-3,"Vygotsky argued that children's make-believe play functions as a zone of proximal development, providing a context for practicing self-regulation and skills beyond their current independent ability.",LDEV
D2-Ch08,"Thinking in Symbols: Preoperational Cognition, Play, and the Growing Brain",8,14-2,AP-D2-LIF-14-2,D2-LIF-14-2-ab9b8c46,True,"Chomsky (1959/1965): Syntax specifies how words combine to form grammatically correct sentences, including word order and relationships between elements. Two sentences can have the same meaning (semantics) but differ in syntax -- for example, ""The cat chased the mouse"" and ""The mouse was chased by the cat"" convey the same meaning but have different syntactic structures (active vs. passive voice).","The sentences ""The mouse was chased by the cat"" and ""The cat chased the mouse"" have the same meaning but differ in terms of syntax.",Cognitive Development,Apply,2-3,"Syntax governs how words combine into grammatically correct sentences; two sentences can share the same semantic meaning but differ syntactically, as in the active ""The cat chased the mouse"" versus the passive ""The mouse was chased by the cat.""",LDEV
D2-Ch08,"Thinking in Symbols: Preoperational Cognition, Play, and the Growing Brain",8,055,AP-D2-LIF-055,D2-LIF-055-91c16d63,True,"Casey, Getz, & Galvan (2008): ""The prefrontal cortex is the last brain region to fully mature, continuing development into the early-to-mid 20s. Responsible for executive functions including planning, impulse control, and decision-making.""",The prefrontal cortex is the last area of the brain to become fully functional and continues to develop into the early or mid-20s.,Physical Development,Apply,2-3,"The prefrontal cortex, responsible for executive functions including planning, impulse control, and decision-making, is the last brain region to fully mature, continuing development into the early-to-mid 20s.",LDEV
D2-Ch08,"Thinking in Symbols: Preoperational Cognition, Play, and the Growing Brain",8,086,AP-D2-LIF-086,D2-LIF-086-b398128e,True,"Yoshinaga-Itano (2006): ""Early sign language exposure does not hinder spoken language development but rather facilitates it by providing a foundation for linguistic concepts and communication.""",The research suggests that learning sign language benefits the acquisition of spoken language for deaf and hard-of-hearing children.,Language Development,Apply,2-3,Early sign language exposure facilitates rather than hinders spoken language development in deaf and hard-of-hearing children by providing a foundation for linguistic concepts and communication.,LDEV
D2-Ch08,"Thinking in Symbols: Preoperational Cognition, Play, and the Growing Brain",8,027,AP-D2-LIF-027,D2-LIF-027-d4024def,True,"Oller (2000) / Berk (2018): ""Canonical babbling onset ranges from 5–10 months. Absence at 5 months is within normal range and not a red flag for referral.""","No canonical babbling at 5 months of age is not a ""red flag"" suggesting a young child should be referred for a speech/language evaluation.",Language Development,Apply,2-3,"Canonical babbling onset ranges from 5–10 months, so absence at 5 months is within normal range and not a red flag requiring referral for speech/language evaluation.",LDEV
D2-Ch08,"Thinking in Symbols: Preoperational Cognition, Play, and the Growing Brain",8,22,AP-D2-LIF-22,D2-LIF-22-3d10c8b1,True,"Gottman (1994): ""Contempt is the single strongest predictor of divorce.""","Gottman and Levenson found that, of the four behaviors listed in the answers to this question, contempt (which is characterized by hostility, disrespect, and disgust) is the most damaging to a couple's relationship and is the single best predictor of divorce.",School and Family Influences,Apply,2-3,"Gottman identified contempt — characterized by hostility, disrespect, and disgust — as the single strongest predictor of divorce among couples.",LDEV
D2-Ch09,"Logic Takes Hold: Conservation, Moral Reasoning, and the Competent Child",9,117,AP-D2-LIF-117,D2-LIF-117-6786ee39,True,"Piaget (1968): ""Conservation of substance is simply a logical necessity. The child now understands that when there is a transformation something must be conserved because by reversing the transformation you can come back to the point of departure."" Conservation develops through reversibility, decentration, and transformational thinking.","Piaget proposed that the ability to conserve emerges during the concrete operational stage as the result of the emergence of reversibility of thought, decentration, and transformational thinking.",Cognitive Development,Apply/Analyze,2-3,"Piaget proposed that conservation emerges in the concrete operational stage through reversibility, decentration, and transformational thinking, enabling children to understand that quantity remains constant despite perceptual changes.",LDEV
D2-Ch09,"Logic Takes Hold: Conservation, Moral Reasoning, and the Competent Child",9,12-1,AP-D2-LIF-12-1,D2-LIF-12-1-34ef708e,True,"Piaget (1968): ""The notion of substance is attained before either weight or volume... conservation of substance is simply a logical necessity."" Horizontal decalage is the gradual, uneven acquisition of abilities within a single Piagetian stage (e.g., conservation of number before conservation of weight).","Piaget used the term horizontal decalage to describe the gradual acquisition of abilities within a stage (e.g., the gradual development of conservation skills within the concrete operational stage).",Cognitive Development,Apply/Analyze,2-3,"Piaget's horizontal decalage refers to the gradual, uneven acquisition of abilities within a single stage, such as children mastering conservation of number before conservation of weight in the concrete operational stage.",LDEV
D2-Ch09,"Logic Takes Hold: Conservation, Moral Reasoning, and the Competent Child",9,200,AP-D2-LIF-200,D2-LIF-200-906e4e6e,True,"Piaget (1968): ""At the level of operatory conservation, children judge two collections to be equal or unequal by looking for a one-to-one correspondence between their elements."" In the heteronomous stage, children judge behavior based on consequences rather than intentions.","As described by Piaget, children in the heteronomous stage of moral reasoning base their judgments about a person's behavior on the consequences of the behavior.",Socioemotional Development - Moral Development,Apply/Analyze,2-3,"In Piaget's heteronomous stage of moral development, children judge behavior based on the magnitude of consequences rather than the actor's intentions.",LDEV
D2-Ch09,"Logic Takes Hold: Conservation, Moral Reasoning, and the Competent Child",9,014,AP-D2-LIF-014,D2-LIF-014-72c1cab1,True,"Colby, Kohlberg, Gibbs, & Lieberman (1983): ""Moral judgment was found to be positively correlated with age, socioeconomic status, IQ, and education."" Both Piaget and Kohlberg viewed the influence of peers as more important than the influence of parents for children's moral development. Peer interaction through negotiation and egalitarian relationships promotes autonomous moral reasoning beyond what parental authority relationships can provide.",Piaget and Kohlberg both viewed the influence of peers as more important than the influence of parents for the moral development of children.,Socioemotional Development - Moral Development,Apply/Analyze,2-3,"Both Piaget and Kohlberg viewed peer influence as more important than parental influence for children's moral development, because egalitarian peer relationships promote autonomous moral reasoning.",LDEV
D2-Ch09,"Logic Takes Hold: Conservation, Moral Reasoning, and the Competent Child",9,186,AP-D2-LIF-186,D2-LIF-186-a01fe3e0,True,"Colby, Kohlberg, Gibbs, & Lieberman (1983): ""Level 1: Preconventional: Stage 1. Heteronomous morality — What Is Right: Following rules only as backed by punishment; obedience for its own sake; and avoiding physical damage to persons and property. Reasons for Doing Right: Avoidance of punishment, and the superior power of authorities."" Stage 1 moral judgments are based on avoiding punishment.","Individuals in the first stage of Kohlberg's preconventional level of moral development base their judgments on the consequences of the act, and a person in this stage would say that Heinz should not steal the drug because of the negative consequences of doing so.",Socioemotional Development - Moral Development,Apply/Analyze,2-3,"In Kohlberg's Stage 1 (Heteronomous Morality) of the Preconventional level, moral judgments are based on avoiding punishment and obedience to authority, not on the intrinsic nature of the act.",LDEV
D2-Ch09,"Logic Takes Hold: Conservation, Moral Reasoning, and the Competent Child",9,23,AP-D2-LIF-23,D2-LIF-23-46171c1b,True,"Kohlberg (1976): Stage 4 of moral development, the ""law and order"" orientation, is part of the conventional level. At this stage, ""right behavior consists of doing one's duty, showing respect for authority, and maintaining the given social order for its own sake."" A child who refrains from stealing because it is against the law is reasoning at the law and order stage of the conventional level.",The child who doesn't steal because it's against the law is in the law and order orientation stage of Kohlberg's conventional level of moral development.,Socioemotional Development - Moral Development,Apply/Analyze,2-3,"In Kohlberg's Stage 4 law-and-order orientation (conventional level), moral reasoning is based on doing one's duty, respecting authority, and maintaining social order, exemplified by avoiding theft because it is illegal.",LDEV
D2-Ch09,"Logic Takes Hold: Conservation, Moral Reasoning, and the Competent Child",9,125,AP-D2-LIF-125,D2-LIF-125-3e3888a1,True,"Colby, Kohlberg, Gibbs, & Lieberman (1983): ""Stage 6. Universal ethical principles — What Is Right: Following self-chosen ethical principles. Particular laws or social agreements are usually valid because they rest on such principles. When laws violate these principles, one acts in accordance with the principle."" Stage 6 involves self-chosen ethical principles transcending specific laws.",Stage 6 of Kohlberg's model of moral development is the universal ethical principles stage.,Socioemotional Development - Moral Development,Apply/Analyze,2-3,Kohlberg's Stage 6 (universal ethical principles) involves acting according to self-chosen ethical principles that supersede specific laws when those laws violate the principles.,LDEV
D2-Ch09,"Logic Takes Hold: Conservation, Moral Reasoning, and the Competent Child",9,188,AP-D2-LIF-188,D2-LIF-188-0bbdb545,True,"Colby, Kohlberg, Gibbs, & Lieberman (1983): ""Moral judgment was found to be positively correlated with age, socioeconomic status, IQ, and education. Stage scores in childhood were significantly correlated with adulthood scores."" The longitudinal data show moral development continuing through adulthood, contradicting Piaget's claim it concludes in late childhood.","Kohlberg's theory of moral development has been criticized for claiming that moral development ends in late childhood, but this claim was actually made by Piaget, not Kohlberg, and has been challenged by research on moral development during adolescence and adulthood.",Socioemotional Development - Moral Development,Apply/Analyze,2-3,"Kohlberg's longitudinal research showed moral development continues through adulthood and is positively correlated with age, IQ, education, and socioeconomic status, contradicting Piaget's claim that it ends in late childhood.",LDEV
D2-Ch09,"Logic Takes Hold: Conservation, Moral Reasoning, and the Competent Child",9,156,AP-D2-LIF-156,D2-LIF-156-bc6da415,True,"Baumrind (1966): ""Three models of parental control — permissive, authoritarian, and authoritative — are described and contrasted... the position defended that authoritative control may effectively generate in the child, behavior which while well socialized is also wilful and independent."" Authoritative parenting combines high expectations with warmth, open communication, and age-appropriate autonomy.","Authoritative parenting style is characterized by high demandingness and high responsiveness, which leads to the best outcomes for children and adolescents, as found by research by Baumrind (1971) and others.",Socioemotional Development - Temperament and Personality,Apply/Analyze,2-3,"Authoritative parenting (Baumrind) combines high demandingness with high responsiveness — warmth, open communication, and age-appropriate autonomy — producing the best developmental outcomes.",LDEV
D2-Ch10,"The Storm and the Search: Puberty, Identity, and Adolescent Cognition",10,101,AP-D2-LIF-101,D2-LIF-101-976d3980,True,"Elkind (1967): The personal fable is the adolescent belief in one's uniqueness and invulnerability -- that rules and consequences applying to others do not apply to oneself. For example, an adolescent who believes there is no way she could get pregnant from unprotected sex with her boyfriend is demonstrating the personal fable.","Elkind's concept of the personal fable refers to the adolescent belief that one is unique and not subject to the rules or consequences that apply to other people, as exemplified by Samantha's belief that there is no way she could get pregnant from unprotected sex with her boyfriend.",Cognitive Development,Analyze,3,Elkind's personal fable is the adolescent belief in one's uniqueness and invulnerability—that rules and consequences applying to others do not apply to oneself.,LDEV
D2-Ch10,"The Storm and the Search: Puberty, Identity, and Adolescent Cognition",10,005,AP-D2-LIF-005,D2-LIF-005-51aa6690,True,"Kling et al. (1999): ""Males show higher self-esteem than females."" This gender difference in self-esteem emerges in late childhood and persists into late adulthood, with the largest difference appearing in late adolescence.",Males have higher levels of self-esteem than females do beginning in late childhood and persisting into late adulthood.,Cognitive Development,Analyze,3,"Males show higher self-esteem than females beginning in late childhood and persisting into late adulthood, with the largest difference emerging in late adolescence.",LDEV
D2-Ch10,"The Storm and the Search: Puberty, Identity, and Adolescent Cognition",10,18,AP-D2-LIF-18,D2-LIF-18-f9b01ad7,True,"Marcia (1966) / Berk (2018): ""Four identity statuses based on exploration and commitment: diffusion (no exploration/no commitment), foreclosure (commitment/no exploration), moratorium (exploration/no commitment), achievement (commitment after exploration).""",Marcia's (1966) identity development model identifies four identity statuses that differ with regard to crisis and choice.,Socioemotional Development - Temperament and Personality,Analyze,3,"Marcia's four identity statuses — diffusion, foreclosure, moratorium, and achievement — are defined by the presence or absence of exploration and commitment.",LDEV
D2-Ch10,"The Storm and the Search: Puberty, Identity, and Adolescent Cognition",10,176,AP-D2-LIF-176,D2-LIF-176-ae9cb9a6,True,"Marcia (1966): ""Moratorium status: actively exploring identity options but not yet committed.""","Marcia's moratorium status is characterized by the adolescent currently experiencing an identity crisis and a lack of commitment to a particular identity in terms of college major, career, or marriage.",Socioemotional Development - Temperament and Personality,Analyze,3,Marcia's moratorium identity status is characterized by active exploration of identity options without yet having made a commitment.,LDEV
D2-Ch10,"The Storm and the Search: Puberty, Identity, and Adolescent Cognition",10,15-2,AP-D2-LIF-15-2,D2-LIF-15-2-af365cfa,True,"Sneed, Whitbourne, & Culang (2006): Erikson's industry vs. inferiority stage spans ages 6-11, during which children turn energy toward mastering culturally valued knowledge and skills. This stage co-occurs with Freud's latency stage, which also covers approximately ages 6-11, during which sexual impulses are dormant and the child focuses on developing social and intellectual skills.",Freud's latency stage and Erikson's industry versus inferiority stage both occur when children are between the ages of six and 11.,Socioemotional Development - Temperament and Personality,Analyze,3,"Freud's latency stage and Erikson's industry vs. inferiority stage both span approximately ages 6–11, with Freud emphasizing dormant sexual impulses and Erikson emphasizing mastery of culturally valued knowledge and skills.",LDEV
D2-Ch10,"The Storm and the Search: Puberty, Identity, and Adolescent Cognition",10,150,AP-D2-LIF-150,D2-LIF-150-01ba82eb,True,"Sneed, Whitbourne, & Culang (2006): ""Erikson's (1963) theory of personality development characterizes individual development as occurring through a series of eight bipolar stages across the lifespan."" The virtue of the autonomy vs. shame and doubt stage (toddlerhood) is will — the determination to exercise free choice and self-restraint.","The positive outcome (""virtue"") of Erikson's autonomy vs. shame and doubt stage of psychosocial development is will (initiative and self-determination), not purpose.",Socioemotional Development - Temperament and Personality,Analyze,3,The virtue of Erikson's autonomy vs. shame and doubt stage (toddlerhood) is will — the determination to exercise free choice and self-restraint.,LDEV
D2-Ch10,"The Storm and the Search: Puberty, Identity, and Adolescent Cognition",10,084,AP-D2-LIF-084,D2-LIF-084-1e5524f0,True,"Ge, Conger, & Elder (2001): ""Early physical/sexual maturation is associated with increased depressive symptoms and psychological distress for both boys and girls, with effects especially pronounced for early-maturing girls who face greater risk of depression, earlier sexual activity, and negative body image.""",Early physical and sexual maturation during adolescence is associated with better outcomes for adolescent boys than for adolescent girls.,Physical Development,Analyze,3,"Early physical and sexual maturation is associated with increased depression, earlier sexual activity, and negative body image, with effects especially pronounced for early-maturing girls.",LDEV
D2-Ch10,"The Storm and the Search: Puberty, Identity, and Adolescent Cognition",10,07-2,AP-D2-LIF-07-2,D2-LIF-07-2-8062b3ac,True,"Carskadon (2011): ""The 'perfect storm' model: biological circadian phase delay + early school start times + psychosocial factors converge to produce chronic adolescent sleep deprivation.""","Carskadon's (2011) ""perfect storm"" model of adolescent sleep deprivation includes biological factors like circadian phase delay, societal factors like early school start times, and psychosocial factors like greater autonomy over bedtimes, increased academic pressures, and excessive screen time, but not bedtime snacking.",Physical Development,Analyze,3,"Carskadon's perfect storm model explains chronic adolescent sleep deprivation as the convergence of biological circadian phase delay, early school start times, and psychosocial factors such as greater autonomy and academic pressures.",LDEV
D2-Ch10,"The Storm and the Search: Puberty, Identity, and Adolescent Cognition",10,12,AP-D2-LIF-12,D2-LIF-12-1a387ad7,True,"Ellis & Garber (2000): The relationship between maternal mood disorder and early-onset puberty in girls was mediated by biological father absence with stepfather presence and stressful family relationships. That is, maternal mood disorder predicted these family stressors, which in turn predicted earlier pubertal timing in daughters.",The research by Ellis and Garber (2000) found that the relationship between maternal mood disorder and early onset puberty in girls was mediated by biological father absence with stepfather presence and stressful family relationships.,Physical Development,Analyze,3,Ellis and Garber (2000) found that the link between maternal mood disorder and early-onset puberty in girls was mediated by biological father absence with stepfather presence and stressful family relationships.,LDEV
D2-Ch11,"Becoming Ourselves: Gender, Temperament, and Identity Across the Lifespan",11,162,AP-D2-LIF-162,D2-LIF-162-d4c6fab5,True,"Bem (1981): ""Bem's gender schema theory combines cognitive developmental and social learning approaches. Children develop gender schemas from culturally transmitted information, which become cognitive lenses for processing information.""",Bem's gender schema theory combines elements of cognitive developmental theory and social learning theory to explain how children learn about gender roles and acquire a gender identity.,Socioemotional Development - Temperament and Personality,Analyze,3,"Bem's gender schema theory combines cognitive developmental and social learning approaches, positing that children develop gender schemas from culturally transmitted information that become cognitive lenses for processing information.",LDEV
D2-Ch11,"Becoming Ourselves: Gender, Temperament, and Identity Across the Lifespan",11,15-1,AP-D2-LIF-15-1,D2-LIF-15-1-1f37f69a,True,"Ruble, Martin, & Berenbaum (2006): ""As proposed by Kohlberg (1966), children's developing sense of the permanence of categorical sex ('I am a girl and will always be a girl') is a critical organizer... Slaby and Frey (1975) demonstrated that children move through a series of stages: first learning to identify their own and others' sex (basic gender identity or labeling), next learning that gender remains stable over time (gender stability), and finally learning that gender is a fixed and immutable characteristic (gender consistency)."" Gender constancy parallels Piagetian conservation.","Kohlberg's three stages of gender-role development are gender identity, gender stability, and gender constancy.",Socioemotional Development - Temperament and Personality,Analyze,3,"Kohlberg's three stages of gender-role development are gender identity (labeling), gender stability (gender persists over time), and gender constancy (gender is fixed regardless of appearance or situation).",LDEV
D2-Ch11,"Becoming Ourselves: Gender, Temperament, and Identity Across the Lifespan",11,013,AP-D2-LIF-013,D2-LIF-013-81823f19,True,"Rothbart & Derryberry (1981): ""Temperament is constitutionally based individual differences in reactivity and self-regulation, influenced by heredity, maturation, and experience.""","Rothbart and Derryberry (1981) describe temperament as constitutional differences in reactivity and self-regulation, influenced by heredity, maturation, and experience.",Socioemotional Development - Temperament and Personality,Analyze,3,"Rothbart and Derryberry (1981) define temperament as constitutionally based individual differences in reactivity and self-regulation, influenced by heredity, maturation, and experience.",LDEV
D2-Ch11,"Becoming Ourselves: Gender, Temperament, and Identity Across the Lifespan",11,142,AP-D2-LIF-142,D2-LIF-142-248aaa48,True,"Thomas, Chess, & Birch (1970): ""If the two sets of demands are severely conflicting, the child may be unable to make an adaptation that reconciles the double standard."" Developmental outcomes depend on the match between a child's temperament and environmental demands; no temperament is inherently problematic.",The goodness-of-fit model developed by Thomas and Chess (1977) focuses on the match between a child's temperament and the demands of the social environment.,Socioemotional Development - Temperament and Personality,Analyze,3,"Thomas and Chess's goodness-of-fit model holds that developmental outcomes depend on the match between a child's temperament and environmental demands, with no temperament being inherently problematic.",LDEV
D2-Ch11,"Becoming Ourselves: Gender, Temperament, and Identity Across the Lifespan",11,16-2,AP-D2-LIF-16-2,D2-LIF-16-2-fe1f37bb,True,"Colby, Kohlberg, Gibbs, & Lieberman (1983): At the conventional level of Kohlberg's moral development, moral reasoning is based on conforming to social expectations, maintaining relationships, and upholding laws and social order (Stages 3 and 4). A response in the Heinz dilemma that emphasizes social expectations, relationships, or maintaining the social order would indicate reasoning at the conventional level.",Morgan's response in the Heinz dilemma suggests that he is at the conventional level of Kohlberg's moral development.,Socioemotional Development - Temperament and Personality,Analyze,3,"At Kohlberg's conventional level of moral development, reasoning is based on conforming to social expectations, maintaining relationships, and upholding laws and social order (Stages 3 and 4).",LDEV
D2-Ch11,"Becoming Ourselves: Gender, Temperament, and Identity Across the Lifespan",11,158,AP-D2-LIF-158,D2-LIF-158-d1e8fef0,True,"Sneed, Whitbourne, & Culang (2006): ""Ego Integrity versus Despair crisis in later adulthood when older adults reflect on the meaning of life and how they have lived it... Ego integrity involves a sense of wholeness, integration, and a deep sense of acceptance of the life as it has been lived."" The virtue of ego integrity vs. despair is wisdom — a detached yet active concern with life in the face of death.","According to Erikson's theory of psychosocial development, the positive outcome (""virtue"") of the ego integrity versus despair stage is wisdom.",Socioemotional Development - Temperament and Personality,Analyze,3,The virtue of Erikson's ego integrity vs. despair stage is wisdom — a detached yet active concern with life in the face of death.,LDEV
D2-Ch11,"Becoming Ourselves: Gender, Temperament, and Identity Across the Lifespan",11,17,AP-D2-LIF-17,D2-LIF-17-00ae2ea0,True,"Rubin, Provenzano, & Luria (1974): ""Parents perceive and treat infants differently by sex from birth — describing boys as 'strong' and girls as 'delicate' despite no objective differences.""","Mothers and fathers tend to perceive and treat boys and girls differently on the basis of sex as soon as their children are born, often describing newborn boys as ""strong"" and ""big"" and handling them more firmly, and describing newborn girls as ""delicate"" and ""little"" and handling them more gently.",Cognitive Development,Analyze,3,"Parents perceive and treat infants differently by sex from birth, describing boys as strong and girls as delicate despite no objective physical differences (Rubin, Provenzano, & Luria, 1974).",LDEV
D2-Ch11,"Becoming Ourselves: Gender, Temperament, and Identity Across the Lifespan",11,007,AP-D2-LIF-007,D2-LIF-007-816db3f4,True,"Hess, Auman, Colcombe, & Rahhal (2003): Late middle-aged adults who had an ""older identity"" showed significantly poorer word recall when told their performance would be compared to that of older adults, compared to those told their performance would be compared to younger adults or given no comparison information. Those with an older identity were more susceptible to stereotype threat effects on memory performance.",Late middle-aged adults who had an older identity had significantly poorer word recall when they were told their performance would be compared to that of older adults than did those who were told their performance would be compared to that of younger adults or were not given any comparison information.,Cognitive Development,Analyze,3,Hess et al. (2003) found that late middle-aged adults with an older identity showed significantly poorer word recall under stereotype threat when told their performance would be compared to older adults.,LDEV
D2-Ch12,"The Maturing Mind: Adult Cognition, Memory, and the Reshaping of Relationships",12,137,AP-D2-LIF-137,D2-LIF-137-ed9d7ff7,True,"Craik (1977): ""Secondary (long-term) memory shows the greatest age-related decline among memory systems.""","In adulthood, secondary memory is most negatively affected by increasing age.",Cognitive Development,Analyze/Evaluate,3,Secondary (long-term) memory shows the greatest age-related decline among memory systems in adulthood.,LDEV
D2-Ch12,"The Maturing Mind: Adult Cognition, Memory, and the Reshaping of Relationships",12,13-2,AP-D2-LIF-13-2,D2-LIF-13-2-82983efa,True,"Hasher, Zacks, & May (1999): ""The synchrony effect refers to the finding that cognitive performance is optimal when testing occurs at one's circadian peak: older adults perform best in the morning, younger adults in the late afternoon/evening."" This age-related difference in optimal time of day for cognitive performance reflects shifts in circadian arousal patterns across the lifespan.","The synchrony effect, where older adults perform better on certain cognitive tasks in the morning while younger adults perform better in the afternoon or evening, is due to age-related differences in circadian rhythms and peak times of arousal.",Cognitive Development,Analyze/Evaluate,3,"The synchrony effect refers to the finding that older adults perform best on cognitive tasks in the morning while younger adults perform best in the late afternoon or evening, reflecting age-related shifts in circadian arousal patterns.",LDEV
D2-Ch12,"The Maturing Mind: Adult Cognition, Memory, and the Reshaping of Relationships",12,112,AP-D2-LIF-112,D2-LIF-112-5d9a49cd,True,"Rubin, Rahhal, & Poon (1998): ""The distribution of autobiographical memories across the lifespan shows a recency effect (most memories from recent past), childhood amnesia (few memories before age 5), and a reminiscence bump — a disproportionate number of memories from approximately ages 10-30."" The bump is attributed to identity formation, novelty of experiences, and emotional significance during this period.","When older adults are asked to recall events from their past, the largest number of recalled events are from the recent past, with a ""reminiscence bump"" which is a spike in memory for events that occurred in mid-adolescence to early adulthood (from about ages 15 to 25).",Cognitive Development,Analyze/Evaluate,3,"Autobiographical memory across the lifespan shows three patterns: a recency effect, childhood amnesia for events before age 5, and a reminiscence bump of disproportionate recall for events from approximately ages 10–30.",LDEV
D2-Ch12,"The Maturing Mind: Adult Cognition, Memory, and the Reshaping of Relationships",12,11-3,AP-D2-LIF-11-3,D2-LIF-11-3-370afdd1,True,"Rubin, Rahhal, & Poon (1998): ""The reminiscence bump — increased autobiographical recall for events from approximately ages 10–30 — is linked to identity formation.""","The ""reminiscence bump"" in older adults' recall of past events is related to personal identity formation during adolescence and early adulthood when memories of autobiographical events receive preferential encoding and retention.",Cognitive Development,Analyze/Evaluate,3,"The reminiscence bump refers to older adults' disproportionate autobiographical recall of events from approximately ages 10–30, attributed to identity formation during adolescence and early adulthood.",LDEV
D2-Ch12,"The Maturing Mind: Adult Cognition, Memory, and the Reshaping of Relationships",12,095,AP-D2-LIF-095,D2-LIF-095-cf6747f1,True,"Glasser & Campbell (1998): Presbyopia (farsightedness) is the age-related inability to focus on near objects, caused by a gradual loss of flexibility in the crystalline lens. It typically becomes noticeable around age 40.","Presbyopia (farsightedness) is the inability to focus on near objects and, for many adults, is first evident at about 40 years of age.",Physical Development,Analyze/Evaluate,3,"Presbyopia, the age-related inability to focus on near objects caused by loss of flexibility in the crystalline lens, typically becomes noticeable around age 40.",LDEV
D2-Ch12,"The Maturing Mind: Adult Cognition, Memory, and the Reshaping of Relationships",12,214,AP-D2-LIF-214,D2-LIF-214-1ab81585,True,"Diamond (2008): ""Sexual fluidity occurs in both men and women, with somewhat higher rates in women.""","Sexual fluidity, which refers to changes in a person's sexual attractions and/or behaviors that are inconsistent with their self-described sexual orientation, is reported by both heterosexual and homosexual men and women, with somewhat greater frequencies reported by women.",Physical Development,Analyze/Evaluate,3,"Sexual fluidity — changes in attraction or behavior inconsistent with self-described orientation — occurs in both men and women, with somewhat higher rates reported by women.",LDEV
D2-Ch12,"The Maturing Mind: Adult Cognition, Memory, and the Reshaping of Relationships",12,198,AP-D2-LIF-198,D2-LIF-198-d311f345,True,"Carstensen, Isaacowitz, & Charles (1999): ""As people age, emotionally meaningful goals gain priority while knowledge-seeking goals decline. When time is perceived as limited, people prioritize emotionally meaningful goals and close relationships.""","Carstensen's socioemotional selectivity theory proposes that, as we get older, emotionally meaningful goals become more important and knowledge-related goals become less important.",Socioemotional Development - Temperament and Personality,Analyze/Evaluate,3,"Carstensen's socioemotional selectivity theory holds that when time is perceived as limited, emotionally meaningful goals and close relationships are prioritized over knowledge-seeking goals.",LDEV
D2-Ch12,"The Maturing Mind: Adult Cognition, Memory, and the Reshaping of Relationships",12,02,AP-D2-LIF-02,D2-LIF-02-83dc55f2,True,"Trager (1958): ""Paralanguage includes vocal features that accompany speech — tone, pitch, loudness, speech rate, pauses, and inflection — that convey emotion and modify verbal meaning.""","Paralanguage refers to variations in tone, rhythm, volume, and stress used to express emotions and modify or clarify the meaning of verbal communication.",Cognitive Development,Analyze/Evaluate,3,"Paralanguage refers to vocal features accompanying speech — including tone, pitch, loudness, rate, and inflection — that convey emotion and modify verbal meaning.",LDEV
D2-Ch13,"The Lifespan in Full: Memory, Perception, and the Long View of Development",13,03,AP-D2-LIF-03,D2-LIF-03-0263de58,True,"Singer & Salovey (1993): ""Self-defining memories are vivid, affectively intense, repetitively recalled, linked to other similar memories, and focused on enduring concerns or unresolved conflicts."" These autobiographical memories serve identity construction and maintenance as a subtype of episodic memory. Resistance to change is not among their defining characteristics.","Self-defining memory (SDM) is a component of episodic memory and consists of memories that contribute to the construction and maintenance of one's personal identity, which have five characteristics: emotional intensity, vividness, high levels of repetition, linkage to similar memories, and connections to enduring concerns or unresolved conflicts, except for resistance to change.",Cognitive Development,Evaluate,3-4,"Self-defining memories, per Singer & Salovey, are characterized by emotional intensity, vividness, repetitive recall, linkage to similar memories, and connections to enduring concerns — resistance to change is not a defining feature.",LDEV
D2-Ch13,"The Lifespan in Full: Memory, Perception, and the Long View of Development",13,012,AP-D2-LIF-012,D2-LIF-012-b6104c7f,True,"Krull et al. (2013): ""Chemotherapy and cranial irradiation for childhood ALL are both associated with neurocognitive deficits.""",Chemotherapy and cranial irradiation are both associated with deficits in neurocognitive functioning when used to treat childhood acute lymphoblastic leukemia (ALL).,Cognitive Development,Evaluate,3-4,Both chemotherapy and cranial irradiation used to treat childhood acute lymphoblastic leukemia (ALL) are associated with neurocognitive deficits.,LDEV
D2-Ch13,"The Lifespan in Full: Memory, Perception, and the Long View of Development",13,077,AP-D2-LIF-077,D2-LIF-077-5882c3ab,True,"Kellman & Arterberry (2006): Depth perception develops sequentially: kinematic/kinetic cues (motion-based depth information) are perceived first, from approximately 1 to 3 months of age; binocular depth cues (stereoscopic vision) emerge around 3-5 months; and pictorial (monocular) cues develop last, around 5-7 months of age.","The development of depth perception in infancy involves becoming sensitive to kinetic cues at one to three months of age, binocular cues at three to five months, and pictorial cues at five to seven months.",Physical Development,Evaluate,3-4,"Depth perception develops sequentially: kinematic/kinetic cues emerge at 1–3 months, binocular/stereoscopic cues at 3–5 months, and pictorial/monocular cues last at 5–7 months.",LDEV
D2-Ch13,"The Lifespan in Full: Memory, Perception, and the Long View of Development",13,073,AP-D2-LIF-073,D2-LIF-073-52c761d3,True,"Morrongiello (1988) / Berk (2018): Auditory localization is present at birth, disappears at approximately 2-3 months (reflecting a transition from subcortical to cortical processing), then re-emerges in voluntary form at 3-4 months. This ability improves steadily and reaches nearly adult levels by approximately 12 months of age.","Infants exhibit some degree of auditory localization soon after birth, but this ability disappears between two and four months of age and then reappears and improves to nearly adult levels by about 12 months of age.",Physical Development,Evaluate,3-4,"Auditory localization is present at birth, disappears at 2–3 months as processing shifts from subcortical to cortical, re-emerges voluntarily at 3–4 months, and reaches near-adult levels by 12 months.",LDEV
D2-Ch13,"The Lifespan in Full: Memory, Perception, and the Long View of Development",13,06-1,AP-D2-LIF-06-1,D2-LIF-06-1-c23937a8,True,"Norcia & Tyler (1985): ""This visual acuity estimate increased from a mean of 4.5 c/deg during the first month to about 20 c/deg at 8-13 months of age."" Vision is the least developed sense at birth; newborn visual acuity is approximately 20/400 to 20/600.","Of the five senses, sight is least well-developed at birth.",Physical Development,Evaluate,3-4,"Vision is the least developed sense at birth, with newborn visual acuity approximately 20/400 to 20/600.",LDEV
D3-Ch01,"Wired Differently from the Start: ADHD, Autism, and Neurodevelopmental Conditions",1,02-1,AP-D3-PPA-02-1,D3-PPA-02-1-298ce60f,True,The DSM-5 diagnosis of attention-deficit/hyperactivity disorder (ADHD) requires the onset of some symptoms before 12 years of age.,,Neurodevelopmental Disorders,Remember/Understand,1-2,DSM-5 requires that some symptoms of ADHD be present before age 12 for diagnosis.,CPAT
D3-Ch01,"Wired Differently from the Start: ADHD, Autism, and Neurodevelopmental Conditions",1,02-2,AP-D3-PPA-02-2,D3-PPA-02-2-d68f3130,True,"APA (2013), DSM-5: ""Six (or more) symptoms of inattention [or hyperactivity-impulsivity] have persisted for at least 6 months,"" and ""several inattentive or hyperactive-impulsive symptoms were present prior to age 12 years."" The 6-month duration requirement ensures symptoms are persistent rather than transient responses to situational stressors.",The DSM-5 diagnosis of attention-deficit/hyperactivity disorder (ADHD) requires an onset of symptoms before 12 years of age and a duration of symptoms for at least 6 months.,Neurodevelopmental Disorders,Remember/Understand,1-2,DSM-5 ADHD requires symptoms to be present before age 12 and to persist for at least 6 months across multiple settings.,CPAT
D3-Ch01,"Wired Differently from the Start: ADHD, Autism, and Neurodevelopmental Conditions",1,034,AP-D3-PPA-034,D3-PPA-034-60886d34,True,"APA (2013): ""ADHD diagnostic criteria specify symptoms present prior to age 12, present in two or more settings, and persisting for at least 6 months.""","The DSM-5 diagnosis of ADHD requires the presence of characteristic symptoms in at least two settings (e.g., at home and at school) with an onset before 12 years of age and a duration of at least six months.",Neurodevelopmental Disorders,Remember/Understand,1-2,"DSM-5 ADHD diagnosis requires symptoms present before age 12, in two or more settings, and persisting for at least 6 months.",CPAT
D3-Ch01,"Wired Differently from the Start: ADHD, Autism, and Neurodevelopmental Conditions",1,045,AP-D3-PPA-045,D3-PPA-045-7f9b4edc,True,"APA (2013): ""For adults age 17+, the DSM-5 requires at least 5 symptoms in either the inattention or hyperactivity-impulsivity domain, reduced from 6 for children.""","To assign a diagnosis of ADHD to Adam, a 19-year-old college sophomore, he must have at least five symptoms of inattention and/or five symptoms of hyperactivity and impulsivity.",Neurodevelopmental Disorders,Remember/Understand,1-2,"DSM-5 requires at least 5 symptoms of inattention and/or hyperactivity-impulsivity for an ADHD diagnosis in individuals age 17 and older, compared to 6 symptoms required for younger children.",CPAT
D3-Ch01,"Wired Differently from the Start: ADHD, Autism, and Neurodevelopmental Conditions",1,137,AP-D3-PPA-137,D3-PPA-137-76e0a8c5,True,"Hoogman et al. (2017), *The Lancet Psychiatry*, 4(4), 310-319: ""In the largest neuroimaging study of ADHD to date (N = 3,242), individuals with ADHD showed significantly smaller volumes in the caudate nucleus, putamen, nucleus accumbens, amygdala, and hippocampus compared to controls. Effect sizes were largest in children and diminished with age.""","Individuals with ADHD tend to have a smaller volume in five brain structures: caudate nucleus, putamen, nucleus accumbens, amygdala, and hippocampus.",Neurodevelopmental Disorders,Remember/Understand,1-2,"Individuals with ADHD show significantly smaller volumes in the caudate nucleus, putamen, nucleus accumbens, amygdala, and hippocampus, with effects largest in children and diminishing with age.",CPAT
D3-Ch01,"Wired Differently from the Start: ADHD, Autism, and Neurodevelopmental Conditions",1,013,AP-D3-PPA-013,D3-PPA-013-43ee20be,True,"APA (2013): ""ASD symptoms must be present in the early developmental period. Symptoms are typically recognized during the second year of life (12-24 months) but may appear earlier or later depending on severity.""","For the diagnosis of autism spectrum disorder, the DSM-5 requires symptoms to be present during the early developmental period, with symptoms usually recognized by the time the child is between 12 and 24 months of age but may occur earlier or later, depending on the severity of the symptoms.",Neurodevelopmental Disorders,Remember/Understand,1-2,"DSM-5 requires ASD symptoms to be present in the early developmental period, typically recognized between 12 and 24 months, though onset may vary based on symptom severity.",CPAT
D3-Ch01,"Wired Differently from the Start: ADHD, Autism, and Neurodevelopmental Conditions",1,024,AP-D3-PPA-024,D3-PPA-024-e9efb5e8,True,"APA (2013): ""Specific learning disorder requires difficulties learning and using academic skills that persist for at least 6 months despite provision of interventions, with skills substantially below expected for age and causing significant interference.""",A child with dyslexia whose reading problems significantly interfere with their academic performance and have not substantially improved with appropriate intervention would receive a DSM-5 diagnosis of specific learning disorder.,Neurodevelopmental Disorders,Remember/Understand,1-2,"DSM-5 specific learning disorder requires academic skill difficulties persisting at least 6 months despite intervention, with skills substantially below age expectations and causing significant functional interference.",CPAT
D3-Ch01,"Wired Differently from the Start: ADHD, Autism, and Neurodevelopmental Conditions",1,04,AP-D3-PPA-04,D3-PPA-04-6551911a,True,"APA (2013): ""Provisional tic disorder: motor and/or vocal tics present for less than 1 year since first tic onset.""",The correct DSM-5 diagnosis for a 12-year-old boy who has two motor tics that began nine months ago is provisional tic disorder.,Neurodevelopmental Disorders,Remember/Understand,1-2,Provisional tic disorder is the DSM-5 diagnosis when motor and/or vocal tics have been present for less than 1 year since first onset.,CPAT
D3-Ch01,"Wired Differently from the Start: ADHD, Autism, and Neurodevelopmental Conditions",1,056,AP-D3-PPA-056,D3-PPA-056-7c1b4dcb,True,"APA (2013): ""Tourette's disorder requires both multiple motor and one or more vocal tics, persisting for more than 1 year since first tic onset.""",The most likely DSM-5 diagnosis for a 15-year-old boy who has three motor tics and one vocal tic that started 14 months ago is Tourette's disorder.,Neurodevelopmental Disorders,Remember/Understand,1-2,"Tourette's disorder requires both multiple motor tics and at least one vocal tic, persisting for more than 1 year since first tic onset.",CPAT
D3-Ch02,"The Architecture of Fear: Anxiety Disorders, Phobias, and Worry Gone Wrong",2,11,AP-D3-PPA-11,D3-PPA-11-6ae64437,True,"APA (2013): ""Separation anxiety disorder may develop after a life stress such as the death of a pet, a school change, or a move.""","Jessie's fear of being separated from her parents is characteristic of separation anxiety disorder which may be triggered by a life stress, such as the death of a pet.",Anxiety Disorders and Obsessive-Compulsive Disorder,Understand,2,"Separation anxiety disorder may be triggered by life stressors such as the death of a pet, a school change, or a move.",CPAT
D3-Ch02,"The Architecture of Fear: Anxiety Disorders, Phobias, and Worry Gone Wrong",2,148,AP-D3-PPA-148,D3-PPA-148-87e91d70,True,"APA (2013): ""Separation anxiety disorder involves excessive fear or anxiety about separation from attachment figures. Symptoms may include school refusal, nightmares involving separation themes, and physical complaints.""","School refusal due to separation anxiety disorder is characterized by excessive fear or anxiety about being separated from an attachment figure, accompanied by symptoms such as repeated nightmares related to separation and physical symptoms.",Anxiety Disorders and Obsessive-Compulsive Disorder,Understand,2,"Separation anxiety disorder involves excessive fear of separation from attachment figures and may include school refusal, separation-themed nightmares, and physical complaints.",CPAT
D3-Ch02,"The Architecture of Fear: Anxiety Disorders, Phobias, and Worry Gone Wrong",2,15,AP-D3-PPA-15,D3-PPA-15-0c4bd877,True,"APA (2013): ""Specific phobias typically develop in early childhood, with a median age at onset between 7 and 11 years.""",The median age of onset of specific phobia is between 7 and 11 years of age according to the DSM-5.,Anxiety Disorders and Obsessive-Compulsive Disorder,Understand,2,"Specific phobias typically develop in early childhood, with a median age of onset between 7 and 11 years.",CPAT
D3-Ch02,"The Architecture of Fear: Anxiety Disorders, Phobias, and Worry Gone Wrong",2,077,AP-D3-PPA-077,D3-PPA-077-e796e93b,True,"APA (2013): ""Emetophobia (fear of vomiting) is classified as specific phobia, other type.""","Anna's symptoms are characteristic of emetophobia, a fear of vomiting, which is categorized in the DSM as a specific phobia, other type.",Anxiety Disorders and Obsessive-Compulsive Disorder,Understand,2,"Emetophobia, the fear of vomiting, is classified in the DSM-5 as specific phobia, other type.",CPAT
D3-Ch02,"The Architecture of Fear: Anxiety Disorders, Phobias, and Worry Gone Wrong",2,112,AP-D3-PPA-112,D3-PPA-112-bf13a4aa,True,"Page (1994): ""Blood-injection-injury phobia uniquely involves a vasovagal fainting response (parasympathetic drop in heart rate and blood pressure) rather than the sustained sympathetic arousal typical of other phobias.""",People with the blood-injection-injury type of specific phobia are more likely to experience vasovagal fainting instead of increased sympathetic nervous system arousal when confronted with the feared object or event.,Anxiety Disorders and Obsessive-Compulsive Disorder,Understand,2,Blood-injection-injury phobia uniquely triggers a vasovagal fainting response (parasympathetic drop in heart rate and blood pressure) rather than the sustained sympathetic arousal characteristic of other specific phobias.,CPAT
D3-Ch02,"The Architecture of Fear: Anxiety Disorders, Phobias, and Worry Gone Wrong",2,14,AP-D3-PPA-14,D3-PPA-14-3c82720b,True,"APA (2013): ""Social anxiety disorder involves marked fear about social situations in which the individual may be scrutinized, with fear of being humiliated or embarrassed.""","For a DSM-5 diagnosis of social anxiety disorder, the client must exhibit a fear of being embarrassed or humiliated in social situations.",Anxiety Disorders and Obsessive-Compulsive Disorder,Understand,2,"Social anxiety disorder involves marked fear of social situations where one may be scrutinized, with fear of embarrassment or humiliation.",CPAT
D3-Ch02,"The Architecture of Fear: Anxiety Disorders, Phobias, and Worry Gone Wrong",2,10,AP-D3-PPA-10,D3-PPA-10-6d6f589c,True,"APA (2013): Agoraphobia requires marked fear or anxiety about two or more of five situations: using public transportation, being in open spaces, being in enclosed places, standing in line or being in a crowd, and being outside the home alone. Learning that a client has anxiety attacks not only when using public transportation but also when going outside the house alone would help confirm this diagnosis, as it establishes fear in at least two of the five required situations.","The DSM-5 diagnosis of agoraphobia requires the presence of marked anxiety related to at least two of five situations - using public transportation, being in open spaces, being in enclosed spaces, standing in line or being in a crowd, and being outside of the home alone, and learning that Sonia has anxiety attacks not only when she uses public transportation but also when she goes outside her house alone would help confirm this diagnosis.",Anxiety Disorders and Obsessive-Compulsive Disorder,Understand,2,"DSM-5 agoraphobia requires marked fear or anxiety in at least two of five situations: public transportation, open spaces, enclosed places, crowds/lines, and being outside the home alone.",CPAT
D3-Ch02,"The Architecture of Fear: Anxiety Disorders, Phobias, and Worry Gone Wrong",2,028,AP-D3-PPA-028,D3-PPA-028-aa6aa948,True,"APA (2013): ""Panic attack symptoms include depersonalization, fear of losing control, and paresthesias, among 13 total symptoms. Increased sensitivity to environmental stimuli is NOT a DSM-5 panic attack symptom.""","Increased sensitivity to environmental stimuli is not included in the DSM-5 as a symptom of a panic attack, whereas depersonalization, fear of losing control or ""going crazy,"" and paresthesias (numbness or tingling sensations) are included.",Anxiety Disorders and Obsessive-Compulsive Disorder,Understand,2,"Increased sensitivity to environmental stimuli is not a DSM-5 panic attack symptom, whereas depersonalization, fear of losing control, and paresthesias are among the 13 recognized symptoms.",CPAT
D3-Ch02,"The Architecture of Fear: Anxiety Disorders, Phobias, and Worry Gone Wrong",2,134,AP-D3-PPA-134,D3-PPA-134-55f48907,True,"Weems, Silverman, & La Greca (2000): ""The most common worry themes for children with GAD include academic/athletic performance and natural disasters.""",Children with generalized anxiety disorder are most likely to worry about academic and athletic performance and about natural disasters.,Anxiety Disorders and Obsessive-Compulsive Disorder,Understand,2,Children with GAD most commonly worry about academic and athletic performance and natural disasters.,CPAT
D3-Ch02,"The Architecture of Fear: Anxiety Disorders, Phobias, and Worry Gone Wrong",2,154,AP-D3-PPA-154,D3-PPA-154-ff891040,True,"APA (2013): ""GAD is distinguished from normal anxiety by excessive worry that is difficult to control, accompanied by physical symptoms, and the individual's perceived uncontrollability of the worry.""","According to DSM-5, in contrast to people with nonpathological anxiety, those with generalized anxiety disorder are more likely to experience physical symptoms in conjunction with worrying and to experience worrying as uncontrollable.",Anxiety Disorders and Obsessive-Compulsive Disorder,Understand,2,"GAD is distinguished from normal anxiety by excessive, uncontrollable worry accompanied by physical symptoms.",CPAT
D3-Ch03,"When the Light Goes Out: Depression, Its Models, and Who It Strikes",3,132,AP-D3-PPA-132,D3-PPA-132-3277db27,True,"APA (2013): ""A major depressive episode requires five or more symptoms during a 2-week period. At least one must be depressed mood or loss of interest/pleasure (anhedonia).""",The DSM-5 diagnosis of major depressive disorder requires the presence of at least five characteristic symptoms with at least one symptom being a depressed mood or a loss of interest or pleasure in usual activities.,Bipolar and Depressive Disorders,Understand/Apply,2-3,"A DSM-5 diagnosis of major depressive disorder requires five or more symptoms over 2 weeks, with at least one being depressed mood or anhedonia.",CPAT
D3-Ch03,"When the Light Goes Out: Depression, Its Models, and Who It Strikes",3,07,AP-D3-PPA-07,D3-PPA-07-39567585,True,"APA (2013), DSM-5: ""A major depressive episode requires five or more of the following symptoms during the same 2-week period, with at least one being (1) depressed mood or (2) loss of interest or pleasure: depressed mood, markedly diminished interest or pleasure, significant weight change or appetite change, insomnia or hypersomnia, psychomotor agitation or retardation, fatigue or loss of energy, feelings of worthlessness or excessive guilt, diminished ability to think or concentrate, and recurrent thoughts of death."" Loss of interest/pleasure (anhedonia), difficulty concentrating, fatigue, appetite loss, and hypersomnia each map to established MDD criteria.","Alicia's diagnosis of major depressive disorder is confirmed by the presence of a loss of interest or pleasure in most activities, along with feelings of trouble concentrating, low energy, loss of appetite, and excessive sleeping.",Bipolar and Depressive Disorders,Understand/Apply,2-3,"A major depressive episode requires five or more symptoms over 2 weeks, with at least one being depressed mood or anhedonia; symptoms include fatigue, concentration difficulties, appetite change, and hypersomnia.",CPAT
D3-Ch03,"When the Light Goes Out: Depression, Its Models, and Who It Strikes",3,09-1,AP-D3-PPA-09-1,D3-PPA-09-1-e0f2d255,True,"Benca, Obermeyer, Thisted, & Gillin (1992): ""Characteristic MDD sleep changes include: decreased REM latency, reduced slow-wave sleep, prolonged sleep onset latency, and increased REM density.""","Major depressive disorder has been linked to decreased REM latency, reduced slow-wave (stages 3 and 4) sleep, prolonged sleep latency, and increased REM density, but not increased REM latency.",Bipolar and Depressive Disorders,Understand/Apply,2-3,"Major depressive disorder is associated with decreased REM latency, reduced slow-wave sleep, prolonged sleep onset latency, and increased REM density — but not increased REM latency.",CPAT
D3-Ch03,"When the Light Goes Out: Depression, Its Models, and Who It Strikes",3,08-1,AP-D3-PPA-08-1,D3-PPA-08-1-a9ea8622,True,"Lewy et al. (1980) / Rosenthal et al. (1984), *Archives of General Psychiatry*, 41, 72-80: ""Seasonal affective disorder (SAD) is a syndrome characterized by recurrent depressions that occur annually at the same time each year."" Patients with affective disorders ""have been shown to be hypersensitive to the suppressant effects of light on melatonin, the pineal hormone that mediates various light-dependent seasonal rhythms in animals."" ""Preliminary studies in 11 patients suggest that extending the photoperiod with bright artificial light has an antidepressant effect.""","Major depressive disorder with seasonal pattern, also known as seasonal affective disorder (SAD), has been linked to a disruption in normal levels of melatonin, a hormone secreted by the pineal gland.",Bipolar and Depressive Disorders,Understand/Apply,2-3,"Seasonal affective disorder is linked to hypersensitivity to light's suppression of melatonin, and extending photoperiod with bright artificial light has demonstrated antidepressant effects (Lewy et al., 1980; Rosenthal et al., 1984).",CPAT
D3-Ch03,"When the Light Goes Out: Depression, Its Models, and Who It Strikes",3,018,AP-D3-PPA-018,D3-PPA-018-c879cc20,True,"Lewinsohn (1974): ""Depression results from a low rate of response-contingent positive reinforcement, which may stem from few reinforcing events in the environment, lack of social skills to obtain reinforcement, or increased aversive experiences.""","Lewinsohn's model of depression attributes it to a low rate of response-contingent reinforcement, based on the principles of operant conditioning.",Bipolar and Depressive Disorders,Understand/Apply,2-3,"Lewinsohn's behavioral model attributes depression to a low rate of response-contingent positive reinforcement, stemming from few reinforcing events, poor social skills, or increased aversive experiences.",CPAT
D3-Ch03,"When the Light Goes Out: Depression, Its Models, and Who It Strikes",3,090,AP-D3-PPA-090,D3-PPA-090-44828f1d,True,"Abramson, Metalsky, & Alloy (1989): ""The hopelessness model proposes that attributing negative events to stable (enduring) and global (pervasive) causes produces hopelessness, which leads to depression.""","According to the hopelessness model of depression, the tendency to attribute negative life events to stable and global factors produces hopelessness, which then leads to a specific type of depression.",Bipolar and Depressive Disorders,Understand/Apply,2-3,"The hopelessness model (Abramson, Metalsky, & Alloy, 1989) proposes that attributing negative events to stable and global causes produces hopelessness, which in turn leads to depression.",CPAT
D3-Ch03,"When the Light Goes Out: Depression, Its Models, and Who It Strikes",3,003,AP-D3-PPA-003,D3-PPA-003-bda8c4e9,True,"Hankin et al. (1998): ""Depression rates are similar for boys and girls before puberty, but rates substantially increase for girls between ages 13 and 18, approaching the adult 2:1 female-to-male ratio.""",The rates of major depressive disorder are about the same for boys and girls until puberty when there's a substantial increase in the rates for girls and the difference begins to approach the 2:1 female-to-male ratio that is found among adults.,Bipolar and Depressive Disorders,Understand/Apply,2-3,"Depression rates are similar for boys and girls before puberty, but between ages 13 and 18 rates substantially increase for girls, approaching the adult 2:1 female-to-male ratio.",CPAT
D3-Ch03,"When the Light Goes Out: Depression, Its Models, and Who It Strikes",3,10-2,AP-D3-PPA-10-2,D3-PPA-10-2-20579f35,True,"Nolen-Hoeksema (2001): ""Beginning in early adolescence (around age 13-15), females experience MDD at approximately 1.5-3 times the rate of males.""","Starting in early adolescence, the rate of major depressive disorder for females is about 1.5 to 3.0 times the rate for boys.",Bipolar and Depressive Disorders,Understand/Apply,2-3,"Beginning in early adolescence, females experience major depressive disorder at approximately 1.5 to 3 times the rate of males (Nolen-Hoeksema, 2001).",CPAT
D3-Ch03,"When the Light Goes Out: Depression, Its Models, and Who It Strikes",3,09-2,AP-D3-PPA-09-2,D3-PPA-09-2-db2609f6,True,"APA (2022): ""Approximately 3-7% of women experience a major depressive episode between birth and 12 months postpartum.""","According to the DSM-5-TR, just under 7% of women experience a major depressive episode between birth of their offspring and 12 months postpartum.",Bipolar and Depressive Disorders,Understand/Apply,2-3,"Approximately 3–7% of women experience a major depressive episode between birth and 12 months postpartum, according to DSM-5-TR.",CPAT
D3-Ch03,"When the Light Goes Out: Depression, Its Models, and Who It Strikes",3,11,AP-D3-PPA-11,D3-PPA-11-ee4800f4,True,"APA (2013): ""Persistent depressive disorder (dysthymia) requires depressed mood for most of the day, more days than not, for at least 2 years (1 year for children/adolescents).""",The DSM-5 diagnosis of persistent depressive disorder requires the presence of symptoms for at least 24 months for adults and at least 12 months for children and adolescents.,Bipolar and Depressive Disorders,Understand/Apply,2-3,"Persistent depressive disorder (dysthymia) requires depressed mood for most of the day, more days than not, for at least 2 years in adults and 1 year in children/adolescents.",CPAT
D3-Ch04,"The Mood That Overshoots: Bipolar Disorders, Suicide Risk, and Worry That Will Not Yield",4,06,AP-D3-PPA-06,D3-PPA-06-6a887d8c,True,"APA (2013), DSM-5: ""Bipolar I disorder requires at least one manic episode -- a distinct period of abnormally and persistently elevated, expansive, or irritable mood and abnormally and persistently increased goal-directed activity or energy, lasting at least 7 days (or any duration if hospitalization is necessary)."" Elevated mood, increased goal-directed activity, racing thoughts (flight of ideas), and decreased need for sleep are among the defining symptoms of a manic episode.","Gina's symptoms, including elevated mood, increased goal activity, racing thoughts, and decreased need for sleep, are most suggestive of bipolar I disorder, which is diagnosed when a person has had at least one manic episode that lasted for at least one week.",Bipolar and Depressive Disorders,Apply/Analyze,3,"Bipolar I disorder requires at least one manic episode lasting at least 7 days, characterized by elevated or irritable mood, increased goal-directed activity, racing thoughts, and decreased need for sleep.",CPAT
D3-Ch04,"The Mood That Overshoots: Bipolar Disorders, Suicide Risk, and Worry That Will Not Yield",4,110,AP-D3-PPA-110,D3-PPA-110-c1fb3c43,True,"APA (2013): ""Bipolar I disorder requires at least one manic episode -- a distinct period of elevated, expansive, or irritable mood with increased goal-directed activity or energy, lasting at least 7 days (or any duration if hospitalization is necessary).""","The nature and duration of Maureen's symptoms, including increased energy and talkativeness, distractibility, increased goal activity, decreased need for sleep, and impaired functioning, are most suggestive of bipolar I disorder.",Bipolar and Depressive Disorders,Apply/Analyze,3,"Bipolar I disorder requires at least one manic episode — a distinct period of elevated, expansive, or irritable mood with increased energy lasting at least 7 days or requiring hospitalization.",CPAT
D3-Ch04,"The Mood That Overshoots: Bipolar Disorders, Suicide Risk, and Worry That Will Not Yield",4,150,AP-D3-PPA-150,D3-PPA-150-f4939fc3,True,"APA (2013), DSM-5: ""Bipolar II disorder requires at least one hypomanic episode and at least one major depressive episode. There has never been a manic episode."" The presence of even one manic episode reclassifies the diagnosis to bipolar I disorder. Hypomanic episodes last at least 4 consecutive days, in contrast to manic episodes which last at least 7 days.","For a DSM diagnosis of bipolar II disorder, a person must have had at least one hypomanic episode and one major depressive episode.",Bipolar and Depressive Disorders,Apply/Analyze,3,"Bipolar II disorder requires at least one hypomanic episode and one major depressive episode, with no history of a manic episode; the presence of a manic episode reclassifies the diagnosis to bipolar I.",CPAT
D3-Ch04,"The Mood That Overshoots: Bipolar Disorders, Suicide Risk, and Worry That Will Not Yield",4,079,AP-D3-PPA-079,D3-PPA-079-dc4a4f9e,True,"APA (2013): ""Cyclothymic disorder requires numerous periods of subthreshold hypomanic and depressive symptoms for at least 2 years (1 year for children/adolescents), without symptom-free periods longer than 2 months.""",A person must have experienced depressive symptoms that do not meet the criteria for a major depressive episode and hypomanic symptoms that do not meet the criteria for a hypomanic episode for at least 24 months for adults or 12 months for children and adolescents to receive a DSM-5 diagnosis of cyclothymic disorder.,Bipolar and Depressive Disorders,Apply/Analyze,3,"Cyclothymic disorder requires numerous periods of subthreshold hypomanic and depressive symptoms for at least 2 years in adults (1 year in children/adolescents), with no symptom-free period exceeding 2 months.",CPAT
D3-Ch04,"The Mood That Overshoots: Bipolar Disorders, Suicide Risk, and Worry That Will Not Yield",4,123,AP-D3-PPA-123,D3-PPA-123-13ca12c0,True,"APA (2022): ""Twin studies demonstrate bipolar disorder heritability estimates of approximately 90%.""","According to the DSM-5-TR, twin studies have produced heritability estimates of around 90% for bipolar disorder.",Bipolar and Depressive Disorders,Apply/Analyze,3,Twin studies demonstrate a heritability estimate of approximately 90% for bipolar disorder.,CPAT
D3-Ch04,"The Mood That Overshoots: Bipolar Disorders, Suicide Risk, and Worry That Will Not Yield",4,12,AP-D3-PPA-12,D3-PPA-12-a76bcc60,True,"CDC (2022): ""The highest suicide rate is among men aged 75 and older.""","In 2020, the suicide rate was highest for men 75 years of age and older.",Bipolar and Depressive Disorders,Apply/Analyze,3,The highest suicide rate occurs among men aged 75 and older.,CPAT
D3-Ch04,"The Mood That Overshoots: Bipolar Disorders, Suicide Risk, and Worry That Will Not Yield",4,08-2,AP-D3-PPA-08-2,D3-PPA-08-2-23dfd6e5,True,"Rudd, Mandrusiak, & Joiner (2006): ""No-suicide contracts have no empirical evidence supporting their effectiveness in reducing suicide risk, and they do not provide legal protection for clinicians."" The use of no-suicide contracts may create a false sense of security and discourage honest disclosure of suicidal ideation. Safety planning (Stanley & Brown, 2012) is recommended as an evidence-based alternative.",No-suicide contracts don't reduce clients' risk for suicide or provide legal protection for therapists.,Bipolar and Depressive Disorders,Apply/Analyze,3,"No-suicide contracts have no empirical evidence supporting their effectiveness in reducing suicide risk and do not provide legal protection for clinicians (Rudd, Mandrusiak, & Joiner, 2006).",CPAT
D3-Ch04,"The Mood That Overshoots: Bipolar Disorders, Suicide Risk, and Worry That Will Not Yield",4,10-1,AP-D3-PPA-10-1,D3-PPA-10-1-dde3bb03,True,"Rudd, Mandrusiak, & Joiner (2006): ""No-suicide contracts lack empirical support, may provide a false sense of security, and may be counterproductive by discouraging honest disclosure of suicidal ideation.""",There is growing consensus that no-suicide contracts are not an effective tool for preventing suicide and should not be used or should be used with caution.,Bipolar and Depressive Disorders,Apply/Analyze,3,"No-suicide contracts lack empirical support, may create a false sense of security, and can be counterproductive by discouraging honest disclosure of suicidal ideation.",CPAT
D3-Ch04,"The Mood That Overshoots: Bipolar Disorders, Suicide Risk, and Worry That Will Not Yield",4,044,AP-D3-PPA-044,D3-PPA-044-6ab4672b,True,"Etkin & Wager (2007): ""Anxiety disorders are associated with reduced prefrontal regulatory control over amygdala reactivity."" The insufficient top-down control hypothesis of GAD proposes that reduced functional connectivity between the prefrontal cortex (PFC), anterior cingulate cortex (ACC), and amygdala impairs the ability to regulate emotional responses, resulting in chronic, uncontrollable worry. Neuroimaging studies have demonstrated that individuals with GAD show decreased PFC-amygdala connectivity during emotion regulation tasks.","The insufficient top-down control hypothesis predicts that generalized anxiety disorder (GAD) is due to reduced connectivity between the prefrontal cortex, amygdala, and anterior cingulate cortex.",Anxiety Disorders and Obsessive-Compulsive Disorder,Apply/Analyze,3,"The insufficient top-down control hypothesis of GAD proposes that reduced functional connectivity between the prefrontal cortex, anterior cingulate cortex, and amygdala impairs emotional regulation, resulting in chronic uncontrollable worry.",CPAT
D3-Ch04,"The Mood That Overshoots: Bipolar Disorders, Suicide Risk, and Worry That Will Not Yield",4,34,AP-D3-PPY-34,D3-PPY-34-bbbde57d,True,"The four factors of the intolerance of uncertainty model that contribute to the chronic worry of individuals with generalized anxiety disorder are intolerance of uncertainty, negative problem orientation, positive beliefs about worry, and cognitive avoidance of threatening mental images.",,Anxiety Disorders and Obsessive-Compulsive Disorders,Apply/Analyze,3,"The intolerance of uncertainty model identifies four factors contributing to GAD's chronic worry: intolerance of uncertainty, negative problem orientation, positive beliefs about worry, and cognitive avoidance of threatening mental images.",CPAT
D3-Ch05,"When Reality Breaks: Schizophrenia, Psychotic Disorders, and the Architecture of Delusion",5,03,AP-D3-PPA-03,D3-PPA-03-001b0525,True,"Gottesman & Shields (1972), *Psychological Medicine*, 2(1), 65-77: ""When one first-degree relative has schizophrenia, risk for another first-degree relative is 6-17%, varying by relationship: siblings ~9%, children of one affected parent ~13%.""","When one first-degree relative who shares 50% of their genes has schizophrenia, the chance that their relative also receives the diagnosis is 6 to 17%.",Schizophrenia Spectrum/Other Psychotic Disorders,Analyze,3,"When one first-degree relative has schizophrenia, risk for another first-degree relative ranges from 6–17%, with siblings at approximately 9% and children of one affected parent at approximately 13%.",CPAT
D3-Ch05,"When Reality Breaks: Schizophrenia, Psychotic Disorders, and the Architecture of Delusion",5,06-2,AP-D3-PPA-06-2,D3-PPA-06-2-efc46160,True,"APA (2013), DSM-5: ""Schizophreniform disorder requires two or more of the following: delusions, hallucinations, disorganized speech, grossly disorganized or catatonic behavior, and negative symptoms. The total duration of the illness is at least 1 month but less than 6 months."" Kevin's auditory and visual hallucinations and disorganized speech (derailment, neologisms) meet Criterion A. A duration under 6 months distinguishes schizophreniform disorder from schizophrenia.","Kevin Keene, an 18-year-old who started complaining about hearing voices and seeing ghosts of his dead grandparents, and has been unable to carry on a conversation because he jumps from one topic to another and sometimes makes up words, has the most likely diagnosis of schizophreniform disorder.",Schizophrenia Spectrum/Other Psychotic Disorders,Analyze,3,"Schizophreniform disorder requires two or more Criterion A symptoms (e.g., hallucinations, disorganized speech) with total illness duration of at least 1 month but less than 6 months, distinguishing it from schizophrenia.",CPAT
D3-Ch05,"When Reality Breaks: Schizophrenia, Psychotic Disorders, and the Architecture of Delusion",5,078,AP-D3-PPA-078,D3-PPA-078-764a6c39,True,"APA (2013): ""The prevalence of smoking in people with schizophrenia is substantially greater than in the general population, with rates estimated between 60-90%. Tobacco use disorder is the most common comorbid substance use disorder in schizophrenia.""","According to the DSM-5, over half of individuals with a diagnosis of schizophrenia have a comorbid tobacco use disorder.",Schizophrenia Spectrum/Other Psychotic Disorders,Analyze,3,"Tobacco use disorder is the most common comorbid substance use disorder in schizophrenia, with smoking prevalence estimated at 60–90%, substantially higher than in the general population.",CPAT
D3-Ch05,"When Reality Breaks: Schizophrenia, Psychotic Disorders, and the Architecture of Delusion",5,002,AP-D3-PPA-002,D3-PPA-002-bfb13191,True,"APA (2013): The DSM-5 diagnosis of schizoaffective disorder requires an uninterrupted period during which there is a major mood episode (depressive or manic) concurrent with Criterion A symptoms of schizophrenia. Additionally, ""delusions or hallucinations for 2 or more weeks in the absence of a major mood episode"" must occur during the lifetime duration of the illness. Mood symptoms must be present ""for a majority of the total duration of the active and residual portions of the illness.""",The DSM-5 diagnosis of schizoaffective disorder requires the presence of concurrent psychotic symptoms and mood episodes for the duration of the disorder except for two or more weeks when psychotic symptoms were present without mood symptoms.,Schizophrenia Spectrum/Other Psychotic Disorders,Analyze,3,"DSM-5 schizoaffective disorder requires a concurrent major mood episode with Criterion A schizophrenia symptoms, plus at least 2 weeks of delusions or hallucinations without mood episodes, with mood symptoms present for the majority of the illness duration.",CPAT
D3-Ch05,"When Reality Breaks: Schizophrenia, Psychotic Disorders, and the Architecture of Delusion",5,05-1,AP-D3-PPA-05-1,D3-PPA-05-1-7d0d2a7d,True,"APA (2013): ""Schizoaffective disorder requires that delusions or hallucinations be present for 2 or more weeks in the absence of a major mood episode. This distinguishes it from a mood disorder with psychotic features.""",The DSM-5 diagnosis of schizoaffective disorder requires the presence of delusions or hallucinations for at least two weeks without symptoms of a major depressive or manic episode.,Schizophrenia Spectrum/Other Psychotic Disorders,Analyze,3,"Schizoaffective disorder requires that delusions or hallucinations be present for at least 2 weeks in the absence of a major mood episode, distinguishing it from a mood disorder with psychotic features.",CPAT
D3-Ch05,"When Reality Breaks: Schizophrenia, Psychotic Disorders, and the Architecture of Delusion",5,046,AP-D3-PPA-046,D3-PPA-046-f8ad7c0d,True,"APA (2013): ""Schizophreniform disorder: symptoms identical to schizophrenia but with a total duration of at least 1 month but less than 6 months.""","Assuming that Gaylen's symptoms are not due to another mental disorder, a medical condition, or drug use, the most likely diagnosis is schizophreniform disorder, as she has had auditory hallucinations and disorganized speech for two months.",Schizophrenia Spectrum/Other Psychotic Disorders,Analyze,3,Schizophreniform disorder is diagnosed when schizophrenia-like symptoms persist for at least 1 month but less than 6 months total duration.,CPAT
D3-Ch05,"When Reality Breaks: Schizophrenia, Psychotic Disorders, and the Architecture of Delusion",5,067,AP-D3-PPA-067,D3-PPA-067-c6685ce9,True,"APA (2013): ""Brief psychotic disorder: sudden onset of at least one psychotic symptom lasting at least 1 day but less than 1 month, with eventual full return to premorbid functioning. Can be specified with or without marked stressor(s).""","Based on the symptoms presented, the most likely diagnosis for Sam, age 16, who started complaining about hearing voices two weeks ago shortly after his father was diagnosed with lung cancer, is brief psychotic disorder.",Schizophrenia Spectrum/Other Psychotic Disorders,Analyze,3,"Brief psychotic disorder involves sudden onset of at least one psychotic symptom lasting 1 day to less than 1 month, with full return to premorbid functioning, and can be specified with or without a marked stressor.",CPAT
D3-Ch05,"When Reality Breaks: Schizophrenia, Psychotic Disorders, and the Architecture of Delusion",5,035,AP-D3-PPA-035,D3-PPA-035-17200c4a,True,"APA (2013): ""Erotomanic delusion: the central theme that another person, usually of higher status, is in love with the individual.""","Assuming that a woman's symptoms meet the diagnostic criteria for a diagnosis of delusional disorder, the appropriate type of delusion is erotomanic if she's convinced that a local celebrity she met at a fundraiser six months ago is in love with her.",Schizophrenia Spectrum/Other Psychotic Disorders,Analyze,3,"Erotomanic delusion is characterized by the belief that another person, typically of higher status, is in love with the individual.",CPAT
D3-Ch06,"Breaking Rules and Breaking Down: Conduct Disorder, Impulsive Aggression, and Substance-Related Conditions",6,190,AP-D3-PPA-190,D3-PPA-190-52a2159f,True,"Moffitt (1993): ""Adolescence-limited antisocial behavior arises from the 'maturity gap' -- the discrepancy between biological maturity and social maturity (access to adult privileges and autonomy).""","Moffitt's (1993) ""maturity gap"" is most useful for understanding the etiology of adolescent-onset conduct disorder.","Disruptive, Impulse-Control, and Conduct Disorders",Apply/Analyze,3,Moffitt's (1993) maturity gap — the discrepancy between biological maturity and access to adult social roles — explains the etiology of adolescence-limited antisocial behavior and adolescent-onset conduct disorder.,CPAT
D3-Ch06,"Breaking Rules and Breaking Down: Conduct Disorder, Impulsive Aggression, and Substance-Related Conditions",6,210,AP-D3-PPA-210,D3-PPA-210-2cf317b7,True,"APA (2013): ""Intermittent explosive disorder cannot be diagnosed before age 6 (or equivalent developmental level).""",The DSM-5 diagnosis of intermittent explosive disorder cannot be assigned to individuals under the chronological age of six years or the equivalent developmental level.,"Disruptive, Impulse-Control, and Conduct Disorders",Apply/Analyze,3,Intermittent explosive disorder cannot be diagnosed in individuals under age 6 or the equivalent developmental level.,CPAT
D3-Ch06,"Breaking Rules and Breaking Down: Conduct Disorder, Impulsive Aggression, and Substance-Related Conditions",6,24,AP-D3-PPA-24,D3-PPA-24-d2eee328,True,"Moffitt (1993): ""Life-course-persistent antisocial behavior originates from the interaction between neuropsychological deficits (verbal deficits, executive function problems, difficult temperament) and adverse environmental conditions (inadequate parenting, disrupted family bonds, poverty).""","According to Moffitt (2003), the life-course persistent type of antisocial behavior is the result of a combination of inherited or acquired neurological deficits and environmental risks.","Disruptive, Impulse-Control, and Conduct Disorders",Apply/Analyze,3,"Moffitt's life-course-persistent antisocial behavior results from the interaction between neuropsychological deficits (verbal, executive function, temperament) and adverse environmental conditions such as poor parenting and poverty.",CPAT
D3-Ch06,"Breaking Rules and Breaking Down: Conduct Disorder, Impulsive Aggression, and Substance-Related Conditions",6,23-1,AP-D3-PPA-23-1,D3-PPA-23-1-250a9177,True,"APA (2013): ""Conduct disorder includes aggression toward people and animals, property destruction, deceitfulness/theft, and serious rule violations -- more severe behaviors than ODD, which does not include physical aggression, property destruction, or theft.""",Repeated acts of aggression are more characteristic of conduct disorder than oppositional defiant disorder and would suggest the possibility of comorbid conduct disorder.,"Disruptive, Impulse-Control, and Conduct Disorders",Apply/Analyze,3,"Conduct disorder is distinguished from ODD by including physical aggression toward people and animals, property destruction, and deceitfulness/theft, which are absent in ODD.",CPAT
D3-Ch06,"Breaking Rules and Breaking Down: Conduct Disorder, Impulsive Aggression, and Substance-Related Conditions",6,23-2,AP-D3-PPA-23-2,D3-PPA-23-2-9c577a6a,True,"APA (2013): ""CD diagnostic categories: (1) aggression to people and animals, (2) destruction of property, (3) deceitfulness or theft, (4) serious violations of rules. Lack of remorse is a specifier, not a diagnostic category.""","The four diagnostic categories for conduct disorder in the DSM-5 are aggression to people and animals, destruction of property, deceitfulness or theft, and serious violation of rules, but lack of remorse or guilt is a specifier for this disorder.","Disruptive, Impulse-Control, and Conduct Disorders",Apply/Analyze,3,"The four DSM-5 diagnostic categories for conduct disorder are aggression to people/animals, destruction of property, deceitfulness/theft, and serious rule violations; lack of remorse is a specifier, not a category.",CPAT
D3-Ch06,"Breaking Rules and Breaking Down: Conduct Disorder, Impulsive Aggression, and Substance-Related Conditions",6,22,AP-D3-PPA-22,D3-PPA-22-45e0f229,True,"Moffitt (1993), *Psychological Review*, 100(4), 674-701: ""The maturity gap -- the disjunction between biological maturity and access to mature social roles -- motivates adolescence-limited antisocial behavior. Adolescents who are biologically mature but denied adult privileges and autonomy mimic the antisocial behavior of life-course-persistent peers to assert independence."" This framework specifically explains adolescent-onset (as opposed to childhood-onset) conduct problems, which typically desist in early adulthood as legitimate adult roles become available.",The gap between biological and social maturity described by Moffitt (1993) is useful for explaining adolescent-onset conduct disorder.,"Disruptive, Impulse-Control, and Conduct Disorders",Apply/Analyze,3,"Moffitt's (1993) maturity gap — the disjunction between biological maturity and access to adult social roles — specifically explains adolescent-onset conduct problems, which typically desist when legitimate adult roles become available.",CPAT
D3-Ch06,"Breaking Rules and Breaking Down: Conduct Disorder, Impulsive Aggression, and Substance-Related Conditions",6,011,AP-D3-PPA-011,D3-PPA-011-daa002e7,True,"APA (2013): ""IED: recurrent impulsive aggressive outbursts -- either verbal/physical aggression twice weekly for 3 months (without damage/injury), or 3 outbursts causing damage/injury within 12 months.""","The DSM-5 diagnosis of intermittent explosive disorder requires that the individual exhibit recurrent impulsive and aggressive outbursts that are manifested as either (a) verbal aggression or physical aggression for, on average, at least twice a week for at least three months, with physical aggression not causing damage or destruction of property or physical injury to other people or animals, or (b) three or more outbursts during a 12-month period that caused damage or destruction of property and/or physical injury to other people or animals.","Disruptive, Impulse-Control, and Conduct Disorders",Apply/Analyze,3,DSM-5 intermittent explosive disorder requires either verbal or physical aggression at least twice weekly for 3 months (without damage/injury) or 3 outbursts causing damage or injury within 12 months.,CPAT
D3-Ch06,"Breaking Rules and Breaking Down: Conduct Disorder, Impulsive Aggression, and Substance-Related Conditions",6,018,AP-D3-PPA-018,D3-PPA-018-3ce235f5,True,"McBurnett et al. (2000): Male adolescents with conduct disorder showed hyporeactive (reduced) cortisol and cardiovascular responses to stressful procedures compared to adolescents without psychiatric disorders, despite all groups reporting similar levels of negative affect. Low cortisol reactivity has been associated with more severe and persistent patterns of antisocial behavior.","Male adolescents with conduct disorder showed hyporeactive (reduced) cortisol and cardiovascular responses to a stressful procedure when compared to adolescents without a psychiatric disorder, even though all three groups reported experiencing similar levels of negative feelings.","Disruptive, Impulse-Control, and Conduct Disorders",Apply/Analyze,3,"Male adolescents with conduct disorder show hyporeactive cortisol and cardiovascular responses to stress compared to peers without psychiatric disorders, with low cortisol reactivity associated with more severe and persistent antisocial behavior.",CPAT
D3-Ch06,"Breaking Rules and Breaking Down: Conduct Disorder, Impulsive Aggression, and Substance-Related Conditions",6,196,AP-D3-PPA-196,D3-PPA-196-cd0add77,True,"APA (2013): ""Alcohol withdrawal symptoms: autonomic hyperactivity, tremor, insomnia, transient hallucinations, and generalized tonic-clonic seizures.""","Autonomic hyperactivity, hand tremor, insomnia, transient hallucinations, and generalized tonic-clonic seizures are most suggestive of alcohol withdrawal, as described in the DSM-5.",Substance-Related and Addictive Disorders,Apply/Analyze,3,"Alcohol withdrawal is characterized by autonomic hyperactivity, tremor, insomnia, transient hallucinations, and generalized tonic-clonic seizures.",CPAT
D3-Ch06,"Breaking Rules and Breaking Down: Conduct Disorder, Impulsive Aggression, and Substance-Related Conditions",6,218,AP-D3-PPA-218,D3-PPA-218-2ea562cc,True,"APA (2013): Korsakoff syndrome results from thiamine (vitamin B1) deficiency, characterized by severe anterograde amnesia, retrograde amnesia, and confabulation. When Korsakoff syndrome is the result of chronic alcohol abuse, it is categorized in the DSM-5 as alcohol-induced major neurocognitive disorder, amnestic-confabulatory type.","Korsakoff syndrome is caused by a thiamine (vitamin B1) deficiency and produces severe memory impairment and confabulation, and when it's the result of chronic alcohol abuse, it's categorized in the DSM-5 as alcohol-induced major neurocognitive disorder.",Substance-Related and Addictive Disorders,Apply/Analyze,3,"Korsakoff syndrome, caused by thiamine (vitamin B1) deficiency, produces severe anterograde amnesia and confabulation; when resulting from chronic alcohol abuse, it is classified in DSM-5 as alcohol-induced major neurocognitive disorder, amnestic-confabulatory type.",CPAT
D3-Ch07,"After the Storm: Trauma-Related, Dissociative, and Somatic Symptom Disorders",7,13,AP-D3-PPA-13,D3-PPA-13-fca96545,True,"APA (2013), DSM-5: ""Acute stress disorder: symptom duration is 3 days to 1 month after trauma exposure."" ""Posttraumatic stress disorder: disturbance duration is more than 1 month."" The primary distinction between ASD and PTSD is temporal -- if symptoms persist beyond 1 month, the diagnosis transitions from ASD to PTSD. Both disorders require exposure to actual or threatened death, serious injury, or sexual violence.","The primary difference between acute stress disorder and posttraumatic stress disorder is the duration of symptoms: The DSM-5 diagnosis of acute stress disorder requires a duration of three days to one month after exposure to a traumatic event, while the diagnosis of posttraumatic stress disorder requires a duration of more than one month.","Trauma/Stressor-Related, Dissociative, and Somatic Symptom Disorders",Analyze,3,"Acute stress disorder requires symptoms lasting 3 days to 1 month post-trauma; if symptoms persist beyond 1 month, the diagnosis transitions to PTSD.",CPAT
D3-Ch07,"After the Storm: Trauma-Related, Dissociative, and Somatic Symptom Disorders",7,16-1,AP-D3-PPA-16-1,D3-PPA-16-1-06baea9c,True,"APA (2013): ""Acute stress disorder symptom categories: intrusion, negative mood, dissociation, avoidance, and arousal.""","The five categories of symptoms identified in the DSM-5 for acute stress disorder include intrusion, negative mood, dissociative symptoms, avoidance, and arousal, but not stereotypy.","Trauma/Stressor-Related, Dissociative, and Somatic Symptom Disorders",Analyze,3,"The five DSM-5 symptom categories for acute stress disorder are intrusion, negative mood, dissociation, avoidance, and arousal.",CPAT
D3-Ch07,"After the Storm: Trauma-Related, Dissociative, and Somatic Symptom Disorders",7,172,AP-D3-PPA-172,D3-PPA-172-c0948f3f,True,"APA (2013): ""The primary distinction between ASD and PTSD is duration: ASD lasts 3 days to 1 month after trauma; PTSD is diagnosed when symptoms persist beyond 1 month.""","When determining a client's diagnosis, knowing that the client's symptoms have lasted for less than one month would be most useful for distinguishing between posttraumatic stress disorder and acute stress disorder, as the primary difference is the duration of symptoms, with acute stress disorder requiring a duration of three days to one month and posttraumatic stress disorder requiring a duration of more than one month.","Trauma/Stressor-Related, Dissociative, and Somatic Symptom Disorders",Analyze,3,"The primary distinction between Acute Stress Disorder and PTSD is duration: ASD lasts 3 days to 1 month post-trauma, while PTSD is diagnosed when symptoms persist beyond 1 month.",CPAT
D3-Ch07,"After the Storm: Trauma-Related, Dissociative, and Somatic Symptom Disorders",7,166,AP-D3-PPA-166,D3-PPA-166-b4e2b687,True,"APA (2013): ""Reactive attachment disorder requires evidence of pathogenic care: social neglect or deprivation, repeated changes of primary caregivers, or rearing in settings that severely limit attachment formation.""","To confirm the DSM-5 diagnosis of reactive attachment disorder, the child must have experienced a pattern of severe social neglect or frequent changes in primary caregivers.","Trauma/Stressor-Related, Dissociative, and Somatic Symptom Disorders",Analyze,3,"A DSM-5 diagnosis of reactive attachment disorder requires evidence of pathogenic care, such as social neglect, repeated caregiver changes, or rearing in settings that severely limit attachment formation.",CPAT
D3-Ch07,"After the Storm: Trauma-Related, Dissociative, and Somatic Symptom Disorders",7,162-1,AP-D3-PPA-162-1,D3-PPA-162-1-4b8cff00,True,"APA (2013): ""Dissociative amnesia involves an inability to recall important autobiographical information, usually of a traumatic or stressful nature. Localized amnesia -- inability to recall events during a circumscribed time period -- is the most common type.""","Dissociative amnesia is characterized by an inability to recall important autobiographical information that's often related to exposure to a stressful or traumatic event, and the DSM-5 refers to the type of dissociative amnesia where the person is unable to recall events that happened during a limited period of time (e.g., for several weeks after the person experienced a traumatic event) as localized amnesia.","Trauma/Stressor-Related, Dissociative, and Somatic Symptom Disorders",Analyze,3,,CPAT
D3-Ch07,"After the Storm: Trauma-Related, Dissociative, and Somatic Symptom Disorders",7,17-1,AP-D3-PPA-17-1,D3-PPA-17-1-df9fb000,True,"APA (2013): Depersonalization/derealization disorder involves persistent or recurrent experiences of depersonalization (detachment from one's body, thoughts, or actions -- feeling like a ""robot"") and/or derealization (detachment from surroundings), with intact reality testing. When these symptoms occur without substance use or a medical condition that could account for them, the most likely diagnosis is depersonalization/derealization disorder.","The most likely diagnosis for Edna's symptoms of feeling like a ""robot"" and experiencing depersonalization, derealization, and somatic symptoms, without substance use or a medical condition, is depersonalization/derealization disorder.","Trauma/Stressor-Related, Dissociative, and Somatic Symptom Disorders",Analyze,3,"Depersonalization/derealization disorder involves persistent detachment from one's body or surroundings with intact reality testing, in the absence of substance use or a medical condition.",CPAT
D3-Ch07,"After the Storm: Trauma-Related, Dissociative, and Somatic Symptom Disorders",7,16-2,AP-D3-PPA-16-2,D3-PPA-16-2-68ab6697,True,"APA (2013): ""Persistent thoughts about the seriousness of symptoms help confirm somatic symptom disorder.""",The presence of persistent thoughts about the seriousness of symptoms can help confirm a diagnosis of somatic symptom disorder.,"Trauma/Stressor-Related, Dissociative, and Somatic Symptom Disorders",Analyze,3,Persistent thoughts about the seriousness of one's symptoms are a distinguishing feature that helps confirm a diagnosis of somatic symptom disorder.,CPAT
D3-Ch07,"After the Storm: Trauma-Related, Dissociative, and Somatic Symptom Disorders",7,178,AP-D3-PPA-178,D3-PPA-178-ddc24f54,True,"APA (2013): ""Somatic symptom disorder requires one or more distressing somatic symptoms accompanied by excessive thoughts, feelings, or behaviors related to them.""","Gale's symptoms meet the DSM-5 diagnostic criteria for somatic symptom disorder, which requires the presence of one or more somatic symptoms that cause distress or substantial disruption of daily activities accompanied by excessive thoughts, feelings, or behaviors related to the symptoms.","Trauma/Stressor-Related, Dissociative, and Somatic Symptom Disorders",Analyze,3,"Somatic symptom disorder requires one or more distressing somatic symptoms accompanied by excessive thoughts, feelings, or behaviors related to those symptoms.",CPAT
D3-Ch07,"After the Storm: Trauma-Related, Dissociative, and Somatic Symptom Disorders",7,014,AP-D3-PPA-014,D3-PPA-014-6b5e720f,True,"APA (2013): ""Psychogenic nonepileptic seizures (PNES) are classified under conversion disorder (functional neurological symptom disorder).""",A person whose primary symptom is psychogenic nonepileptic seizures (PNES) is most likely to receive a diagnosis of functional neurological symptom disorder.,"Trauma/Stressor-Related, Dissociative, and Somatic Symptom Disorders",Analyze,3,Psychogenic nonepileptic seizures (PNES) are classified under conversion disorder (functional neurological symptom disorder) in the DSM-5.,CPAT
D3-Ch07,"After the Storm: Trauma-Related, Dissociative, and Somatic Symptom Disorders",7,150,AP-D3-PPA-150,D3-PPA-150-dc0cc486,True,"APA (2013): ""Body dysmorphic disorder involves preoccupation with perceived defects or flaws in physical appearance that are not observable or appear slight to others, with repetitive behaviors (e.g., mirror checking) and significant distress.""","The DSM-5 diagnosis of body dysmorphic disorder requires preoccupation with one or more perceived flaws in physical appearance that appear to be minor or are not apparent to others, accompanied by repetitive behaviors (e.g., mirror checking) and significant distress or impaired functioning.","Trauma/Stressor-Related, Dissociative, and Somatic Symptom Disorders",Analyze,3,"Body dysmorphic disorder requires preoccupation with perceived appearance flaws unnoticeable or slight to others, accompanied by repetitive behaviors such as mirror checking and significant distress or impairment.",CPAT
D3-Ch08,"The Patterns That Persist: Personality Disorders, Mood Variants, and Cultural Context",8,168,AP-D3-PPA-168,D3-PPA-168-d1ded6ef,True,"APA (2013): ""Hypersensitivity to criticism/rejection is a core feature of avoidant PD, not OCPD. OCPD is characterized by preoccupation with orderliness, perfectionism, and control.""",The presence of Carla being hypersensitive to criticism and rejection by others would be least useful for confirming a diagnosis of obsessive-compulsive personality disorder (OCPD).,Personality Disorders,Evaluate,3-4,"Hypersensitivity to criticism and rejection is a core feature of avoidant personality disorder, not OCPD, which is characterized by preoccupation with orderliness, perfectionism, and control.",CPAT
D3-Ch08,"The Patterns That Persist: Personality Disorders, Mood Variants, and Cultural Context",8,29-1,AP-D3-PPA-29-1,D3-PPA-29-1-e21e4cd1,True,"APA (2013): ""Histrionic PD is distinguished from antisocial PD by exaggerated emotional expression, theatrical behavior, and rapidly shifting shallow emotions.""","Histrionic personality disorder, in contrast to antisocial personality disorder, is characterized by exaggerated expression of emotions.",Personality Disorders,Evaluate,3-4,"Histrionic personality disorder is distinguished from antisocial personality disorder by exaggerated, theatrical emotional expression with rapidly shifting shallow emotions.",CPAT
D3-Ch08,"The Patterns That Persist: Personality Disorders, Mood Variants, and Cultural Context",8,30-3,AP-D3-PPA-30-3,D3-PPA-30-3-674de8a8,True,"APA (2013): ""Antisocial and histrionic PDs share impulsivity, manipulativeness, seductiveness, and superficiality.""","According to the DSM-5, antisocial and histrionic personality disorders share several characteristics including impulsivity, manipulativeness, seductiveness, and superficiality.",Personality Disorders,Evaluate,3-4,"Antisocial and histrionic personality disorders share the features of impulsivity, manipulativeness, seductiveness, and superficiality.",CPAT
D3-Ch08,"The Patterns That Persist: Personality Disorders, Mood Variants, and Cultural Context",8,030,AP-D3-PPA-030,D3-PPA-030-f0653632,True,"APA (2013): Borderline personality disorder (BPD) features include identity disturbance, affective instability, intense anger, recurrent suicidality, and frantic efforts to avoid abandonment. An individual presenting with several of these symptoms -- such as identity disturbance, affective instability, inappropriate intense anger, recurrent suicidal behavior, and frantic efforts to avoid abandonment -- would most likely meet criteria for a DSM-5 diagnosis of borderline personality disorder.","Elena has several of the symptoms of borderline personality disorder identified in the DSM-5 - i.e., an identity disturbance; affective instability; inappropriate, intense anger; recurrent suicidal behavior; and frantic efforts to avoid abandonment.",Personality Disorders,Evaluate,3-4,"Borderline personality disorder is characterized by identity disturbance, affective instability, inappropriate intense anger, recurrent suicidal behavior, and frantic efforts to avoid abandonment.",CPAT
D3-Ch08,"The Patterns That Persist: Personality Disorders, Mood Variants, and Cultural Context",8,008,AP-D3-PPA-008,D3-PPA-008-dabb5874,True,"APA (2013), DSM-5: ""Schizotypal personality disorder is characterized by social and interpersonal deficits marked by acute discomfort with, and reduced capacity for, close relationships, as well as cognitive or perceptual distortions and eccentricities of behavior."" Individuals may express a desire for relationships but exhibit pervasive social anxiety that does not diminish with familiarity, driven by paranoid fears rather than negative self-judgments. This distinguishes schizotypal PD from avoidant PD, where the desire for relationships is genuine and anxiety stems from fear of rejection.",The most likely diagnosis for a client who says he'd like to have friends but is very uncomfortable around people and seems uninterested in taking steps to develop friendships is schizotypal personality disorder.,Personality Disorders,Evaluate,3-4,"Schizotypal personality disorder is distinguished from avoidant PD by social anxiety driven by paranoid fears rather than fear of rejection, and by reduced capacity for close relationships despite a stated desire for them.",CPAT
D3-Ch08,"The Patterns That Persist: Personality Disorders, Mood Variants, and Cultural Context",8,102,AP-D3-PPA-102,D3-PPA-102-badd3136,True,"APA (2013), DSM-5: ""Schizotypal personality disorder is characterized by a pervasive pattern of social and interpersonal deficits marked by acute discomfort with, and reduced capacity for, close relationships as well as by cognitive or perceptual distortions and eccentricities of behavior."" Features include suspiciousness or paranoid ideation, social anxiety that does not diminish with familiarity, and a preference for solitary activities. These features overlap with but are distinct from paranoid PD (which lacks the cognitive/perceptual distortions) and schizoid PD (which lacks the suspiciousness and anxiety).","The personality disorder characterized by symptoms such as being suspicious of others' motives, feeling anxious around people, and preferring to be alone is schizotypal personality disorder.",Personality Disorders,Evaluate,3-4,"Schizotypal personality disorder is distinguished by cognitive/perceptual distortions and eccentricities alongside social discomfort, separating it from paranoid PD (no distortions) and schizoid PD (no suspiciousness or anxiety).",CPAT
D3-Ch08,"The Patterns That Persist: Personality Disorders, Mood Variants, and Cultural Context",8,121,AP-D3-PPA-121,D3-PPA-121-b8ab0c0d,True,"APA (2013): ""DMDD requires severe recurrent temper outbursts grossly out of proportion to the situation, occurring on average 3 or more times per week, with persistently irritable or angry mood between outbursts.""",Disruptive mood dysregulation disorder is characterized by recurrent temper outbursts with a persistently irritable or angry mood between outbursts.,Bipolar and Depressive Disorders,Evaluate,3-4,"DMDD requires severe temper outbursts occurring 3 or more times per week with persistently irritable or angry mood between outbursts, lasting at least 12 months.",CPAT
D3-Ch08,"The Patterns That Persist: Personality Disorders, Mood Variants, and Cultural Context",8,068,AP-D3-PPA-068,D3-PPA-068-f1914629,True,"APA (2013): ""Bipolar II requires at least one hypomanic episode and at least one major depressive episode. If full MDE criteria have never been met, bipolar II cannot be diagnosed. A manic episode at any point rules out bipolar II.""","If a client's episodes of depressive symptoms have never met all of the criteria for a major depressive episode, this would eliminate the diagnosis of bipolar II disorder.",Bipolar and Depressive Disorders,Evaluate,3-4,"Bipolar II disorder requires at least one full major depressive episode; if MDE criteria have never been fully met, or if a manic episode has occurred, bipolar II cannot be diagnosed.",CPAT
D3-Ch08,"The Patterns That Persist: Personality Disorders, Mood Variants, and Cultural Context",8,022,AP-D3-PPA-022,D3-PPA-022-22467314,True,"Ryder et al. (2008): ""Chinese patients with depression report significantly more somatic symptoms (headaches, fatigue, pain) and fewer psychological symptoms (guilt, sadness) compared to Western patients.""",Chinese patients were more likely than Euro-Canadian patients to express somatic symptoms and less likely to express psychological symptoms of depression.,Bipolar and Depressive Disorders,Evaluate,3-4,"Ryder et al. (2008) found that Chinese patients with depression report significantly more somatic symptoms and fewer psychological symptoms compared to Western patients, a pattern reflecting cultural differences in illness expression.",CPAT
D3-Ch08,"The Patterns That Persist: Personality Disorders, Mood Variants, and Cultural Context",8,200,AP-D3-PPA-200,D3-PPA-200-37ce9eb6,True,"Hasin et al. (2005): ""Alcohol use disorder is the most common lifetime comorbid condition in individuals with MDD.""","Among respondents with major depressive disorder, the largest percentage reported having had alcohol use disorder during their lifetimes.",Bipolar and Depressive Disorders,Evaluate,3-4,Alcohol use disorder is the most common lifetime comorbid condition in individuals with major depressive disorder.,CPAT
D3-Ch09,"The Remaining Terrain: Eating, Sleep, Sexual, and Substance Disorders",9,184,AP-D3-PPA-184,D3-PPA-184-90a530ea,True,"APA (2013): ""Narcolepsy features include cataplexy (sudden bilateral loss of muscle tone), hypocretin (orexin) deficiency, and abnormally short REM sleep latency.""","Narcolepsy is characterized by symptoms including cataplexy, hypocretin deficiency, and short rapid eye movement sleep latency.","Feeding/Eating, Elimination, and Sleep-Wake Disorders",Evaluate,3-4,"Narcolepsy is characterized by cataplexy (sudden bilateral loss of muscle tone), hypocretin (orexin) deficiency, and abnormally short REM sleep latency.",CPAT
D3-Ch09,"The Remaining Terrain: Eating, Sleep, Sexual, and Substance Disorders",9,174,AP-D3-PPA-174,D3-PPA-174-7be5e183,True,"APA (2013): Pica involves persistent eating of nonnutritive, nonfood substances (such as clay, dirt, or coffee grounds) for at least 1 month, inappropriate to the developmental level. Pica is particularly noted among pregnant women, who may consume clay, coffee grounds, and other nonfood substances.","Pregnant women with pica consume clay, coffee grounds, and other nonnutritive, nonfood substances.","Feeding/Eating, Elimination, and Sleep-Wake Disorders",Evaluate,3-4,"Pica involves persistent eating of nonnutritive, nonfood substances (e.g., clay, dirt, coffee grounds) for at least 1 month, and is particularly noted among pregnant women.",CPAT
D3-Ch09,"The Remaining Terrain: Eating, Sleep, Sexual, and Substance Disorders",9,19,AP-D3-PPA-19,D3-PPA-19-0157fc0b,True,"APA (2013): ""Anorexia nervosa requires restriction of energy intake leading to significantly low body weight but does not specify the method -- low weight can be maintained through excessive exercise, purging, or other behaviors, not exclusively dieting or fasting.""",The diagnosis of anorexia nervosa does not require dieting or fasting to maintain low body weight.,"Feeding/Eating, Elimination, and Sleep-Wake Disorders",Evaluate,3-4,"Anorexia nervosa requires significantly low body weight from restricted energy intake but does not specify the method, meaning low weight can be maintained through excessive exercise, purging, or other behaviors beyond dieting or fasting.",CPAT
D3-Ch09,"The Remaining Terrain: Eating, Sleep, Sexual, and Substance Disorders",9,16,AP-D3-PPA-16,D3-PPA-16-0020549c,True,"APA (2013): ""Binge-eating disorder does not include overvaluation of body weight/shape as a diagnostic criterion, distinguishing it from anorexia nervosa and bulimia nervosa.""",Overvaluation of body weight and shape would be the least useful for confirming a DSM diagnosis of binge-eating disorder.,"Feeding/Eating, Elimination, and Sleep-Wake Disorders",Evaluate,3-4,"Overvaluation of body weight and shape is not a diagnostic criterion for binge-eating disorder, distinguishing it from anorexia nervosa and bulimia nervosa.",CPAT
D3-Ch09,"The Remaining Terrain: Eating, Sleep, Sexual, and Substance Disorders",9,192,AP-D3-PPA-192,D3-PPA-192-61951913,True,"APA (2013): ""Gender dysphoria requires a marked incongruence between experienced/expressed gender and assigned gender for at least 6 months, with clinically significant distress or impairment.""","The DSM-5 diagnosis of gender dysphoria requires marked incongruence between one's experienced/expressed gender and one's assigned gender for at least six months for children, adolescents, and adults.","Sexual Dysfunctions, Gender Dysphoria, and Paraphilic Disorders",Evaluate,3-4,"DSM-5 gender dysphoria requires marked incongruence between experienced/expressed gender and assigned gender for at least 6 months, with clinically significant distress or functional impairment.",CPAT
D3-Ch09,"The Remaining Terrain: Eating, Sleep, Sexual, and Substance Disorders",9,21,AP-D3-PPA-21,D3-PPA-21-404f154a,True,"APA (2013), DSM-5: ""Gender dysphoria requires a marked incongruence between one's experienced/expressed gender and assigned gender, of at least 6 months' duration, associated with clinically significant distress or impairment in social, occupational, or other important areas of functioning."" The DSM-5 shifted from the DSM-IV term ""gender identity disorder"" to ""gender dysphoria"" to emphasize the distress rather than pathologizing the identity itself.",The DSM-5 diagnosis of gender dysphoria requires a discordance between one's experienced and assigned gender.,"Sexual Dysfunctions, Gender Dysphoria, and Paraphilic Disorders",Evaluate,3-4,"DSM-5 replaced the term ""gender identity disorder"" with ""gender dysphoria"" to emphasize clinically significant distress over the incongruence between experienced/expressed and assigned gender, rather than pathologizing the identity itself.",CPAT
D3-Ch09,"The Remaining Terrain: Eating, Sleep, Sexual, and Substance Disorders",9,122,AP-D3-PPA-122,D3-PPA-122-1bc4d4b3,True,"APA (2013): ""The majority of men with transvestic disorder identify as heterosexual.""",The majority of men who receive the diagnosis of transvestic disorder identify their sexual orientation as heterosexual.,"Sexual Dysfunctions, Gender Dysphoria, and Paraphilic Disorders",Evaluate,3-4,The majority of men diagnosed with transvestic disorder identify their sexual orientation as heterosexual.,CPAT
D3-Ch09,"The Remaining Terrain: Eating, Sleep, Sexual, and Substance Disorders",9,24,AP-D3-PPA-24,D3-PPA-24-8013b430,True,"APA (2013): ""Nystagmus is a sign of alcohol intoxication, NOT alcohol withdrawal.""",Nystagmus is the symptom least likely to be exhibited by a person meeting the DSM-5 diagnostic criteria for alcohol withdrawal.,Substance-Related and Addictive Disorders,Evaluate,3-4,"Nystagmus is a sign of alcohol intoxication, not alcohol withdrawal, making it the symptom least consistent with a DSM-5 alcohol withdrawal diagnosis.",CPAT
D3-Ch09,"The Remaining Terrain: Eating, Sleep, Sexual, and Substance Disorders",9,17-2,AP-D3-PPA-17-2,D3-PPA-17-2-f2511783,True,"APA (2013): ""Conversion disorder (functional neurological symptom disorder): one or more symptoms of altered motor or sensory function with clinical evidence of incompatibility with recognized neurological or medical conditions.""","The most likely diagnosis for a 36-year-old man who developed decreased visual acuity in both eyes after the death of his best friend, with no apparent medical or neurological explanation and no indication of faking or inducing the symptoms, is conversion disorder.","Trauma/Stressor-Related, Dissociative, and Somatic Symptom Disorders",Evaluate,3-4,"Conversion disorder (functional neurological symptom disorder) is diagnosed when one or more motor or sensory symptoms show clinical evidence of incompatibility with recognized neurological or medical conditions, without intentional feigning.",CPAT
D3-Ch09,"The Remaining Terrain: Eating, Sleep, Sexual, and Substance Disorders",9,18,AP-D3-PPA-18,D3-PPA-18-47acad2d,True,"APA (2013): ""Malingering is the intentional production of false or grossly exaggerated symptoms motivated by external incentives (e.g., financial gain, avoiding duty). It is not classified as a mental disorder.""","If the results of your assessment of the patient suggest that he's intentionally producing his symptoms to qualify for Social Security benefits, the most likely diagnosis for this patient is malingering.","Trauma/Stressor-Related, Dissociative, and Somatic Symptom Disorders",Evaluate,3-4,"Malingering is the intentional production of false or exaggerated symptoms motivated by external incentives (e.g., financial gain) and is not classified as a mental disorder in the DSM-5.",CPAT
D4-Ch01,Through the Unconscious and the Relationship: Psychodynamic and Humanistic Foundations,1,006,AP-D4-CLI-006,D4-CLI-006-4ddf4f0a,True,"Baumeister, Dale, & Sommer (1998): ""The concept of reaction formation involves converting a socially unacceptable impulse into its opposite."" People respond to the implication of an unacceptable trait ""by behaving in a way that would show them to have the opposite trait.""","Gerald, age 39, converted his undesirable impulses of jealousy and resentment towards his younger sister's recent business success into the opposite behavior of praising her accomplishments and encouraging her continued success, illustrating the defense mechanism of reaction formation.",Psychodynamic and Humanistic Therapies,Remember/Understand,1-2,"Reaction formation is the defense mechanism of converting a socially unacceptable impulse into its opposite behavior, such as expressing praise toward someone one actually resents.",PTHE
D4-Ch01,Through the Unconscious and the Relationship: Psychodynamic and Humanistic Foundations,2,009,AP-D4-CLI-009,D4-CLI-009-3f948ee3,True,"Cramer (2015): ""Denial is the failure to see, recognize, or understand the existence or meaning of an internal or external stimulus."" Defense mechanisms are defined as ""a mental operation that occurs outside of awareness"" whose ""function is to protect the person from experiencing excessive anxiety.""","A college undergraduate who usually gets A's and B's on exams received a C on a recent midterm exam, and he immediately assumed that the low grade was a mistake, which is best explained by the defense mechanism of denial.",Psychodynamic and Humanistic Therapies,Remember/Understand,1-2,"Denial is the defense mechanism involving failure to recognize the existence or meaning of an internal or external stimulus, operating outside awareness to protect against excessive anxiety.",PTHE
D4-Ch01,Through the Unconscious and the Relationship: Psychodynamic and Humanistic Foundations,3,03,AP-D4-CLI-03,D4-CLI-03-e378b736,True,"Dillon (2021): ""Jung (1928/1971c) refers to the process of psychological and spiritual growth as 'individuation.'"" The primary goal of Jung's analytical psychotherapy is to bring unconscious material into consciousness to facilitate individuation -- achieving individual ""wholeness"" by becoming conscious of and harmonizing the various parts of the psyche. This involves ""a living cooperation with the collective aspects of our nature"" and a ""productive marriage"" between the personal ego and the collective unconscious.","The primary goal of Jung's analytical psychotherapy is to bring unconscious material into consciousness to facilitate the process of individuation, which involves achieving individual ""wholeness"" (being a unique unified person) by becoming conscious of and harmonizing the various parts of the psyche.",Psychodynamic and Humanistic Therapies,Remember/Understand,1-2,The primary goal of Jung's analytical psychotherapy is individuation — achieving psychological wholeness by bringing unconscious material into consciousness and harmonizing the personal ego with the collective unconscious.,PTHE
D4-Ch01,Through the Unconscious and the Relationship: Psychodynamic and Humanistic Foundations,4,02,AP-D4-CLI-02,D4-CLI-02-5965d3c8,True,"Rogers (1959): ""When the individual has no awareness of [incongruence], he is merely vulnerable to the possibility of anxiety and disorganization."" When incongruence is ""dimly perceived,"" the individual responds with denial or distortion of the experience to preserve the self-concept. Denial prevents the experience from entering awareness, while distortion reshapes it to be consistent with the self-structure.","According to Carl Rogers, people often respond to incongruence with denial or distortion.",Psychodynamic and Humanistic Therapies,Remember/Understand,1-2,"According to Rogers, when individuals dimly perceive incongruence between self-concept and experience, they respond defensively through denial, which blocks experience from awareness, or distortion, which reshapes experience to fit the self-structure.",PTHE
D4-Ch01,Through the Unconscious and the Relationship: Psychodynamic and Humanistic Foundations,5,04-1,AP-D4-CLI-04-1,D4-CLI-04-1-7a9e3ec6,True,"Rogers (1959): When a discrepancy exists between the self-concept and organismic experience (incongruence), the individual experiences vulnerability and anxiety. To protect the self-structure, the person reacts defensively by either distorting the experience to make it congruent with the self-concept or denying the experience entirely. Persistent reliance on these defensive processes leads to psychological maladjustment.","According to Carl Rogers, people often react defensively to incongruence by distorting or denying their experiences, which leads to psychological maladjustment.",Psychodynamic and Humanistic Therapies,Remember/Understand,1-2,"According to Rogers, when incongruence exists between self-concept and organismic experience, individuals defensively distort or deny threatening experiences to protect the self-structure, and persistent use of these defenses leads to psychological maladjustment.",PTHE
D4-Ch01,Through the Unconscious and the Relationship: Psychodynamic and Humanistic Foundations,6,04-2,AP-D4-CLI-04-2,D4-CLI-04-2-0dbd6f9f,True,"Rogers (1957/1959): In Rogers's personality theory, conditions of worth -- the conditions under which a person feels worthy of love and acceptance -- contribute to incongruence between the self-concept and actual experience. When individuals internalize others' evaluative standards, they deny or distort experiences that conflict with those conditions, creating a state of incongruence. Rogers identified six conditions for therapeutic personality change, including that ""the therapist experiences unconditional positive regard for the client.""",Conditions of worth contribute to incongruence according to Carl Rogers's personality theory.,Psychodynamic and Humanistic Therapies,Remember/Understand,1-2,"In Rogers's theory, conditions of worth cause individuals to deny or distort experiences conflicting with internalized evaluative standards, creating incongruence between self-concept and actual experience.",PTHE
D4-Ch01,Through the Unconscious and the Relationship: Psychodynamic and Humanistic Foundations,7,04-3,AP-D4-CLI-04-3,D4-CLI-04-3-ffce8224,True,"Robey (2011): Wubbolding describes Glasser's framework: ""Choice Theory explains human behavior and motivation (Glasser, 1998)."" The theory identifies five genetically determined needs: love and belonging, power, fun, freedom, and survival. Intimacy is not listed as a separate need.","Reality therapy, based on choice theory, proposes that people have five genetically encoded needs, including love and belonging, power, fun, freedom, and survival, but not intimacy.",Psychodynamic and Humanistic Therapies,Remember/Understand,1-2,"Glasser's choice theory, the basis of reality therapy, identifies five genetically determined needs: love and belonging, power, fun, freedom, and survival — with intimacy not listed as a separate need.",PTHE
D4-Ch01,Through the Unconscious and the Relationship: Psychodynamic and Humanistic Foundations,8,081,AP-D4-CLI-081,D4-CLI-081-27054ce3,True,"Robey (2011): ""Choice Theory explains human behavior and motivation (Glasser, 1998)."" According to choice theory, all behavior is purposeful and directed toward satisfying five genetically encoded needs: love and belonging (the need for connection with others), power (the need for competence and achievement), fun (the need for enjoyment and learning), freedom (the need for autonomy), and survival (the need for physical safety and sustenance).","According to choice theory, all people are motivated to satisfy five genetically encoded needs: love/belonging, power, fun, freedom, and survival.",Psychodynamic and Humanistic Therapies,Remember/Understand,1-2,"Choice theory holds that all behavior is purposeful and directed toward satisfying five genetically encoded needs: love/belonging, power, fun, freedom, and survival.",PTHE
D4-Ch02,Rewiring Fear: How Classical Conditioning Principles Treat Anxiety,1,003,AP-D4-LEA-003,D4-LEA-003-aabdb832,True,"Rachman & Teasdale (1969): ""In aversive counterconditioning for fetishistic disorder, the fetish object serves as the conditioned stimulus that is paired with an aversive unconditioned stimulus.""","When using aversive counterconditioning to treat a client's fetishistic disorder, the fetish object is the conditioned stimulus.",Interventions Based on Classical Conditioning,Apply,2-3,"In aversive counterconditioning for fetishistic disorder, the fetish object serves as the conditioned stimulus that is paired with an aversive unconditioned stimulus.",PTHE
D4-Ch02,Rewiring Fear: How Classical Conditioning Principles Treat Anxiety,2,04-1,AP-D4-LEA-04-1,D4-LEA-04-1-b6af4f5f,True,"Wolpe (1968): ""Reciprocal inhibition is a process of relearning whereby in the presence of a stimulus a non-anxiety-producing response is continually repeated until it extinguishes the old, undesirable response."" A competing (incompatible) response ""must therefore be elicited in the presence of the stimuli that would evoke the undesired response, and must be 'stronger' than the latter.""","Wolpe attributed the effects of systematic desensitization to reciprocal inhibition, which involves pairing presentation of a stimulus that produces anxiety with presentation of a stimulus that produces relaxation or other response that's incompatible with anxiety.",Interventions Based on Classical Conditioning,Apply,2-3,"Wolpe attributed systematic desensitization's effects to reciprocal inhibition, requiring a competing response incompatible with anxiety to be elicited in the presence of anxiety-producing stimuli and be stronger than the anxiety response.",PTHE
D4-Ch02,Rewiring Fear: How Classical Conditioning Principles Treat Anxiety,3,092,AP-D4-LEA-092,D4-LEA-092-b5ba9efd,True,"Wolpe (1961): Systematic desensitization involves ""presenting to the imagination of the deeply relaxed patient the feeblest item in a list of anxiety-evoking stimuli -- repeatedly, until no more anxiety is evoked."" Systematic desensitization operates through counterconditioning -- replacing the anxiety response with an incompatible relaxation response -- while exposure therapy operates through extinction, in which repeated presentation of the feared stimulus without the aversive outcome weakens the conditioned fear response.","Systematic desensitization is counterconditioning, while exposure therapy is extinction.",Interventions Based on Classical Conditioning,Apply,2-3,Systematic desensitization operates through counterconditioning — replacing anxiety with an incompatible relaxation response — whereas exposure therapy operates through extinction of the conditioned fear response.,PTHE
D4-Ch02,Rewiring Fear: How Classical Conditioning Principles Treat Anxiety,4,031,AP-D4-LEA-031,D4-LEA-031-e1090cf4,True,"Kazdin & Wilcoxon (1976): ""Dismantling research demonstrated that the effects of systematic desensitization are attributable to extinction via repeated CS presentation, and that counterconditioning through relaxation pairing is unnecessary.""","The effects of systematic desensitization for eliminating an anxiety response to a particular stimulus are actually due to extinction, as studies using the dismantling strategy found that it was repeated exposure to the feared (conditioned) stimulus that eliminated the anxiety response, and that pairing the feared stimulus with a stimulus that produced relaxation (counterconditioning) was unnecessary.",Interventions Based on Classical Conditioning,Apply,2-3,"Dismantling research showed systematic desensitization works through extinction via repeated CS exposure, not counterconditioning, as pairing the feared stimulus with relaxation was found unnecessary.",PTHE
D4-Ch02,Rewiring Fear: How Classical Conditioning Principles Treat Anxiety,5,012,AP-D4-LEA-012,D4-LEA-012-564e07d9,True,"Rescorla (1969): ""A conditioned inhibitor is a stimulus that signals the absence of the unconditioned stimulus and thereby suppresses the conditioned response. A trusted companion may function as a conditioned inhibitor for panic responses.""","In terms of classical conditioning, a trusted friend is a conditioned inhibitor for a woman with panic disorder who believes she can avoid having a panic attack by having the friend with her in situations that have elicited an attack in the past.",Interventions Based on Classical Conditioning,Apply,2-3,A trusted companion who prevents panic attacks functions as a conditioned inhibitor — a stimulus signaling absence of the unconditioned stimulus that suppresses the conditioned fear response.,PTHE
D4-Ch02,Rewiring Fear: How Classical Conditioning Principles Treat Anxiety,6,04-3,AP-D4-LEA-04-3,D4-LEA-04-3-db6bb5b5,True,"Cautela (1967): ""Covert sensitization pairs imagined engagement in the unwanted behavior with an imagined aversive consequence to reduce or eliminate that behavior.""",Covert sensitization uses aversive counterconditioning to eliminate an undesirable behavior.,Interventions Based on Classical Conditioning,Apply,2-3,Covert sensitization is a form of aversive counterconditioning that pairs imagined engagement in an unwanted behavior with an imagined aversive consequence to reduce that behavior.,PTHE
D4-Ch02,Rewiring Fear: How Classical Conditioning Principles Treat Anxiety,7,06,AP-D4-LEA-06,D4-LEA-06-be5220ae,True,"Stampfl & Levis (1967): ""Implosive therapy eliminates fear responses through classical extinction by prolonged imaginal exposure to the feared stimulus at maximum intensity.""",Implosive therapy uses classical extinction to eliminate a fear response to an object or situation.,Interventions Based on Classical Conditioning,Apply,2-3,Implosive therapy eliminates fear responses through classical extinction via prolonged imaginal exposure to the feared stimulus presented at maximum intensity.,PTHE
D4-Ch02,Rewiring Fear: How Classical Conditioning Principles Treat Anxiety,8,03-1,AP-D4-LEA-03-1,D4-LEA-03-1-bcc29a89,True,"Stampfl & Levis (1967): ""Implosive therapy uniquely integrates imaginal exposure with psychodynamic content — the therapist incorporates themes of aggression, guilt, or sexuality into the imagined feared scenario.""","Implosive therapy combines exposure in imagination and psychodynamic techniques, where the client imagines the feared object or situation and the therapist embellishes the imagined scene with psychodynamic themes such as aggression, guilt, or sexuality.",Interventions Based on Classical Conditioning,Apply,2-3,"Implosive therapy (Stampfl & Levis, 1967) combines imaginal exposure with psychodynamic content, as the therapist embellishes the feared scene with themes of aggression, guilt, or sexuality.",PTHE
D4-Ch03,Building Behavior from the Ground Up: Operant Interventions in Clinical Practice,1,09-1,AP-D4-LEA-09-1,D4-LEA-09-1-06fe26d2,True,"Vollmer, Peters, Kronfli, Lloveras, & Ibanez (2020): ""We propose the following definition of DRA: Providing greater reinforcement, along at least one dimension, contingent on the occurrence of one form or type of behavior, while minimizing reinforcement for another form or type of behavior."" The over-arching suggestion ""is to maximize reinforcement for alternative behavior and minimize or eliminate reinforcement for problem behavior.""",Differential reinforcement combines positive reinforcement and operant extinction.,Interventions Based on Operant Conditioning,Apply,2-3,Differential reinforcement combines positive reinforcement for a target alternative behavior with extinction (minimizing or eliminating reinforcement) for the problem behavior.,PTHE
D4-Ch03,Building Behavior from the Ground Up: Operant Interventions in Clinical Practice,2,008,AP-D4-LEA-008,D4-LEA-008-8d188ce7,True,Athens & Vollmer (2010): Differential reinforcement of alternative behavior (DRA) is used to decrease an undesirable behavior and increase one or more specific alternative desirable behaviors. A key prerequisite is that the alternative behavior must already occur at least occasionally in the learner's repertoire. DRA involves withholding reinforcers following problem behavior (extinction) while providing reinforcement contingent on the occurrence of the specified alternative appropriate behavior.,Differential reinforcement for alternative or appropriate behavior (DRA) is used to decrease an undesirable behavior and increase one or more specific alternative desirable behaviors that already occur at least occasionally.,Interventions Based on Operant Conditioning,Apply,2-3,Differential reinforcement of alternative behavior (DRA) combines extinction of problem behavior with reinforcement of a specified alternative behavior that must already occur at least occasionally in the learner's repertoire.,PTHE
D4-Ch03,Building Behavior from the Ground Up: Operant Interventions in Clinical Practice,3,08-2,AP-D4-LEA-08-2,D4-LEA-08-2-8e749eaa,True,"Peterson (2004): Skinner wrote that ""elaborate and peculiar forms of response may be generated from undifferentiated operant behavior through successive approximation to a final form."" The method involves reinforcing ""upon the following steps in succession: approach to the site of the lever, lifting the nose into the air toward the lever, lifting the fore-part of the body into the air, touching the lever with the feet, and pressing the lever downward.""","Shaping is also known as successive approximation conditioning, a behavioral technique that involves reinforcing successive approximations to the desired behavior.",Interventions Based on Operant Conditioning,Apply,2-3,"Shaping, also called successive approximation conditioning, involves reinforcing progressively closer approximations to a desired final behavior until that behavior is established.",PTHE
D4-Ch03,Building Behavior from the Ground Up: Operant Interventions in Clinical Practice,4,09-2,AP-D4-LEA-09-2,D4-LEA-09-2-e90b65ee,True,"Premack (1959): The Premack principle states that a high-probability (preferred) behavior can be used as a reinforcer for a low-probability (less preferred) behavior. For a student who dislikes homework but enjoys other activities, making access to the preferred activity contingent on homework completion increases the rate of the low-frequency behavior.","The Premack principle, a type of positive reinforcement in which a high-frequency behavior (a highly desirable activity) is used as a reinforcer for a low-frequency behavior (an undesirable activity) to increase the low-frequency behavior, is useful for helping a middle school student who rarely finishes his homework just because he doesn't like doing it.",Interventions Based on Operant Conditioning,Apply,2-3,"The Premack principle states that a high-probability preferred behavior can reinforce a low-probability less-preferred behavior, increasing its frequency when access to the preferred activity is made contingent on performing the less preferred one.",PTHE
D4-Ch03,Building Behavior from the Ground Up: Operant Interventions in Clinical Practice,5,10-1,AP-D4-LEA-10-1,D4-LEA-10-1-453f6ba6,True,"Kazdin (1972): ""Response cost (RC), a punishment procedure in which conditioned reinforcers (points, tokens, or money) are withdrawn to suppress a response, has been used as a behavior therapy technique on its own and in conjunction with reinforcement in token economies."" ""RC is a punishment procedure, i.e., the contingent presentation of a noxious stimulus which reduces the future probability of a response.""","Response cost is an application of negative punishment, which reduces or eliminates a behavior by removing a positive reinforcer whenever the behavior occurs.",Interventions Based on Operant Conditioning,Apply,2-3,"Response cost is a negative punishment procedure in which conditioned reinforcers such as points, tokens, or money are withdrawn contingent on an undesired behavior to reduce its future probability.",PTHE
D4-Ch03,Building Behavior from the Ground Up: Operant Interventions in Clinical Practice,6,072,AP-D4-LEA-072,D4-LEA-072-d96252c3,True,"Cooper, Heron, & Heward (2020): ""Overcorrection is classified as positive punishment because it involves applying an effortful consequence contingent upon the undesired behavior.""",Overcorrection is ordinarily classified as a type of positive punishment.,Interventions Based on Operant Conditioning,Apply,2-3,Overcorrection is classified as positive punishment because it involves applying an effortful aversive consequence contingent upon occurrence of the undesired behavior.,PTHE
D4-Ch03,Building Behavior from the Ground Up: Operant Interventions in Clinical Practice,7,10-2,AP-D4-LEA-10-2,D4-LEA-10-2-66c7dedb,True,"Azrin & Holz (1966): ""Habituation to the punishing stimulus is one mechanism by which punishment loses effectiveness over time, as repeated exposure reduces the aversive quality of the consequence.""",Habituation is one of the reasons why punishment tends to become less effective over time.,Interventions Based on Operant Conditioning,Apply,2-3,Habituation to a punishing stimulus — whereby repeated exposure reduces its aversive quality — is one mechanism by which punishment loses effectiveness over time.,PTHE
D4-Ch03,Building Behavior from the Ground Up: Operant Interventions in Clinical Practice,8,08-1,AP-D4-LEA-08-1,D4-LEA-08-1-b3cf4034,True,"Lerman & Iwata (1996): ""Operant extinction is generally contraindicated when the target behavior poses a risk of harm, because extinction typically produces an initial increase in frequency and intensity (extinction burst) before the behavior decreases.""","Of the interventions listed, operant extinction is the least likely to be the optimal intervention when a child's target behavior is harmful to him/herself or others because it often causes an increase in the behavior before it begins to decrease.",Interventions Based on Operant Conditioning,Apply,2-3,Operant extinction is contraindicated when a target behavior is harmful because it typically produces an extinction burst — an initial increase in frequency and intensity — before the behavior decreases.,PTHE
D4-Ch04,Thinking About Thinking: Beck's Cognitive Model and the Architecture of Depression,1,100,AP-D4-CLI-100,D4-CLI-100-f1956eb0,True,"Beck (1963/1967): Beck's cognitive model of depression describes a negative cognitive triad consisting of negative views of (1) oneself (""I am worthless""), (2) the world (""everything is against me""), and (3) the future (""things will never get better""). ""The typical ideational content of the depressed patients was characterized by themes of low self-esteem, self-blame, overwhelming responsibilities, and desires to escape.""","Beck's cognitive model of depression describes it as involving a negative cognitive triad that consists of negative views of oneself, the world, and the future.",Cognitive-Behavioral Therapies,Apply/Analyze,2-3,"Beck's cognitive model of depression centers on a negative cognitive triad consisting of negative views of oneself, the world, and the future.",PTHE
D4-Ch04,Thinking About Thinking: Beck's Cognitive Model and the Architecture of Depression,2,15-1,AP-D4-CLI-15-1,D4-CLI-15-1-d1fefe04,True,"Beck (1963): Automatic thoughts are spontaneous cognitions that ""intercede between an event or stimulus and the individual's emotional and behavioral reactions."" They were ""generally experienced by the patients as arising as though they were automatic responses, ie, without any apparent antecedent reflection or reasoning"" and appeared to have ""an involuntary quality. The patients frequently reported that these thoughts would occur even when they had resolved 'not to have them.'""","Automatic thoughts are spontaneous thoughts that ""intercede between an event or stimulus and the individual's emotional and behavioral reactions"".",Cognitive-Behavioral Therapies,Apply/Analyze,2-3,"Automatic thoughts, identified by Beck, are spontaneous, involuntary cognitions that intercede between a stimulus and an individual's emotional and behavioral reactions, occurring without prior reflection or reasoning.",PTHE
D4-Ch04,Thinking About Thinking: Beck's Cognitive Model and the Architecture of Depression,3,16-1,AP-D4-CLI-16-1,D4-CLI-16-1-dd34daea,True,"Beck (1963): ""Arbitrary interpretation is defined as the process of forming an interpretation of a situation, event, or experience when there is no factual evidence to support the conclusion or when the conclusion is contrary to the evidence.""","Anna's conclusion that students in her classes already think she's stupid is an example of arbitrary inference, a cognitive distortion identified by Beck.",Cognitive-Behavioral Therapies,Apply/Analyze,2-3,"Arbitrary inference, a cognitive distortion identified by Beck, involves forming a conclusion about a situation when there is no factual evidence to support it or when the conclusion contradicts available evidence.",PTHE
D4-Ch04,Thinking About Thinking: Beck's Cognitive Model and the Architecture of Depression,4,16-2,AP-D4-CLI-16-2,D4-CLI-16-2-1e83cccd,True,"Beck (1963): ""Arbitrary interpretation is defined as the process of forming an interpretation of a situation, event, or experience when there is no factual evidence to support the conclusion or when the conclusion is contrary to the evidence."" The instructor's conclusion that she is ""incredibly boring and incompetent"" based on two students leaving a class of 65 exemplifies arbitrary inference, as the conclusion is drawn without sufficient evidence and ignores alternative explanations.","A new psychology instructor's conclusion that she must be ""an incredibly boring and incompetent teacher"" because two of the 65 students in the class walked out of the lecture hall before the period was over illustrates the cognitive distortion of arbitrary inference, as described by Aaron Beck.",Cognitive-Behavioral Therapies,Apply/Analyze,2-3,"Arbitrary inference, identified by Beck, is illustrated when a person draws a conclusion unsupported by evidence, such as an instructor concluding she is incompetent because two of 65 students left class early.",PTHE
D4-Ch04,Thinking About Thinking: Beck's Cognitive Model and the Architecture of Depression,5,003,AP-D4-CLI-003,D4-CLI-003-091a4e98,True,"Beck (1963): ""Selective abstraction refers to the process of focusing on a detail taken out of context, ignoring other more salient features of the situation, and conceptualizing the whole experience on the basis of this element.""",The employee's conclusion that he is worthless and will never get promoted out of his entry-level job based on a single minor criticism in an otherwise positive performance review is an example of selective abstraction.,Cognitive-Behavioral Therapies,Apply/Analyze,2-3,"Beck's selective abstraction is the cognitive distortion of focusing on a single detail out of context and using it to characterize an entire experience, ignoring more salient information.",PTHE
D4-Ch04,Thinking About Thinking: Beck's Cognitive Model and the Architecture of Depression,6,15-2,AP-D4-CLI-15-2,D4-CLI-15-2-88ad953a,True,"Braun, Strunk, Sasso, & Cooper (2015): ""Socratic questioning is intended to foster active engagement and critical thinking."" ""In using Socratic questioning, therapists avoid a didactic style and instead use questions to help patients develop new perspectives."" In Beck's cognitive behavior therapy, the Socratic method is the primary technique for guiding clients to identify, examine, and modify their automatic thoughts and underlying cognitive distortions.",A practitioner of Beck's cognitive behavior therapy uses the Socratic method to help clients identify and modify automatic thoughts.,Cognitive-Behavioral Therapies,Apply/Analyze,2-3,"In Beck's cognitive behavior therapy, Socratic questioning is the primary technique used to foster active engagement and help clients develop new perspectives by examining and modifying automatic thoughts and cognitive distortions.",PTHE
D4-Ch04,Thinking About Thinking: Beck's Cognitive Model and the Architecture of Depression,7,153,AP-D4-CLI-153,D4-CLI-153-aaea4ff7,True,"Tee & Kazantzis (2011): ""These seminal works define CE as a basic strategy or form of interaction underlying the relationship between client and therapist in cognitive therapy. Client and therapist actively collaborate to identify problem situations, and to design, implement, and evaluate empirical tests of the client's beliefs.""","In Beck's cognitive behavior therapy, the therapeutic relationship is described as collaborative empiricism, in which the therapist and client work together to identify treatment goals, reality test the client's beliefs, and derive a plan to resolve the client's problems.",Cognitive-Behavioral Therapies,Apply/Analyze,2-3,"In Beck's cognitive behavior therapy, collaborative empiricism describes the therapeutic relationship in which client and therapist actively work together to identify problems, design empirical tests of beliefs, and evaluate outcomes.",PTHE
D4-Ch04,Thinking About Thinking: Beck's Cognitive Model and the Architecture of Depression,8,17-3,AP-D4-CLI-17-3,D4-CLI-17-3-d9d605ab,True,"Braun, Strunk, Sasso, & Cooper (2015): In Beck's cognitive behavior therapy, Socratic questioning is used to help clients identify their distorted patterns of thinking and the effects of those thoughts on their emotions and behaviors. ""Socratic questioning is intended to foster active engagement and critical thinking"" -- therapists use questions rather than didactic instruction to help patients examine the evidence for and against their cognitions and develop new, more adaptive perspectives.",Practitioners of Beck's cognitive behavior therapy would most likely use Socratic questions when working with clients to help them identify their distorted patterns of thinking and the effects of that thinking on their emotions and behaviors.,Cognitive-Behavioral Therapies,Apply/Analyze,2-3,"In Beck's cognitive behavior therapy, Socratic questioning fosters active engagement and critical thinking by using questions rather than didactic instruction to help clients examine evidence for and against their cognitions and develop more adaptive perspectives.",PTHE
D4-Ch04,Thinking About Thinking: Beck's Cognitive Model and the Architecture of Depression,9,013,AP-D4-CLI-013,D4-CLI-013-fd9f1b84,True,"Beck, Rush, Shaw, & Emery (1979): The Dysfunctional Thought Record (DTR) is a structured tool in cognitive therapy. Clients initially record three columns: the situation that preceded an unpleasant emotion, the negative automatic thought that occurred in response, and the nature and intensity of the resulting emotion. As therapy progresses, clients also record a rational response to each negative automatic thought and the outcomes of adopting the rational response (i.e., changes in emotion and belief).","When using the Dysfunctional Thought Record, clients initially record each situation that preceded an unpleasant emotion, the negative automatic thought that occurred in response to the situation, and the nature of the emotion and its intensity, and as therapy progresses, they also record a rational response to each negative automatic thought and the outcomes of the rational response.",Cognitive-Behavioral Therapies,Apply/Analyze,2-3,"The Dysfunctional Thought Record (DTR) in Beck's cognitive therapy initially records situation, negative automatic thought, and emotion intensity, with rational response and outcome columns added as therapy progresses.",PTHE
D4-Ch05,"Beyond Thought Control: Acceptance, Mindfulness, and the Shift from Content to Process",1,017,AP-D4-CLI-017,D4-CLI-017-78aa2441,True,"Hayes, Luoma, Bond, Masuda, & Lillis (2006): ""A primary source of psychopathology (as well as a process exacerbating the impact of other sources of psychopathology) is the way that language and cognition interact with direct contingencies to produce an inability to persist or change behavior in the service of long-term valued ends. This kind of psychological inflexibility is argued in ACT and RFT to emerge from weak or unhelpful contextual control over language processes themselves.""","For practitioners of acceptance and commitment therapy (ACT), depression is due to psychological inflexibility, which is a core concept in ACT and a risk factor for depression and other psychological problems.",Cognitive-Behavioral Therapies,Analyze,3,"In Acceptance and Commitment Therapy (ACT), psychological inflexibility — the inability to persist or change behavior in service of valued ends due to unhelpful language-cognition interactions — is the core mechanism underlying psychopathology.",PTHE
D4-Ch05,"Beyond Thought Control: Acceptance, Mindfulness, and the Shift from Content to Process",2,14,AP-D4-CLI-14,D4-CLI-14-e33af294,True,"Hayes, Luoma, Bond, Masuda, & Lillis (2006): Experiential avoidance occurs when a person is unwilling to stay in contact with unwanted thoughts, feelings, and other internal experiences and engages in counterproductive behaviors to avoid or control them. In ACT, this is identified as a primary cause of ""dirty discomfort"" -- emotional distress and suffering that results from unsuccessful attempts to control unwanted psychological experiences. ""Attempts to avoid uncomfortable private events tend to increase their functional importance.""","From the perspective of acceptance and commitment therapy (ACT), experiential avoidance, which occurs when a person is unwilling to stay in contact with unwanted thoughts, feelings, physical sensations, and/or other internal experiences and engages in counterproductive behaviors to avoid or control them, is a primary cause of ""dirty discomfort"" or emotional distress and discomfort that results from unsuccessful attempts to control unwanted psychological experiences.",Cognitive-Behavioral Therapies,Analyze,3,"In ACT, experiential avoidance — unwillingness to stay in contact with unwanted internal experiences and engaging in counterproductive behaviors to escape them — is identified as a primary cause of ""dirty discomfort,"" as attempts to control private events increase their functional importance.",PTHE
D4-Ch05,"Beyond Thought Control: Acceptance, Mindfulness, and the Shift from Content to Process",3,007,AP-D4-CLI-007,D4-CLI-007-3b910caa,True,"Hayes, Luoma, Bond, Masuda, & Lillis (2006): ""Acceptance is taught as an alternative to experiential avoidance."" In ACT, ""dirty discomfort"" refers to the additional suffering that results from unwillingness to experience unavoidable pain -- that is, the distress produced by attempting to avoid, control, or eliminate unwanted private events. Acceptance involves the active and aware embrace of those private events without unnecessary attempts to change their frequency or form.","For practitioners of acceptance and commitment therapy, ""dirty discomfort"" is the result of unwillingness.",Cognitive-Behavioral Therapies,Analyze,3,"In ACT, ""dirty discomfort"" refers to the additional suffering created by attempts to avoid or eliminate unavoidable pain; acceptance is taught as the alternative to this experiential avoidance.",PTHE
D4-Ch05,"Beyond Thought Control: Acceptance, Mindfulness, and the Shift from Content to Process",4,18-1,AP-D4-CLI-18-1,D4-CLI-18-1-a8c2156e,True,"Hayes, Luoma, Bond, Masuda, & Lillis (2006): Practitioners of acceptance and commitment therapy (ACT) distinguish between ""clean discomfort"" (unavoidable pain that is a normal part of living) and ""dirty discomfort"" (the additional suffering generated by attempts to avoid, control, or eliminate unwanted private events). A goal of ACT is to replace dirty discomfort with clean discomfort by fostering acceptance of inevitable psychological pain rather than engaging in counterproductive avoidance.","Practitioners of acceptance and commitment therapy distinguish between clean and dirty discomfort, with a goal of therapy being to replace dirty discomfort with clean discomfort.",Cognitive-Behavioral Therapies,Analyze,3,"In acceptance and commitment therapy (ACT), clean discomfort refers to unavoidable normal pain, while dirty discomfort is additional suffering generated by attempts to avoid unwanted experiences; a core goal is replacing dirty discomfort with clean discomfort through acceptance.",PTHE
D4-Ch05,"Beyond Thought Control: Acceptance, Mindfulness, and the Shift from Content to Process",5,085,AP-D4-CLI-085,D4-CLI-085-80d3dc5d,True,"Hayes, Luoma, Bond, Masuda, & Lillis (2006): ""Cognitive defusion techniques attempt to alter the undesirable functions of thoughts and other private events, rather than trying to alter their form, frequency or situational sensitivity."" ""Psychological flexibility is established through six core ACT processes,"" and is defined as ""the process of contacting the present moment fully as a conscious human being and persisting or changing behavior in the service of chosen values.""",Practitioners of acceptance and commitment therapy (ACT) use cognitive defusion and mindfulness techniques to foster psychological flexibility.,Cognitive-Behavioral Therapies,Analyze,3,"ACT uses cognitive defusion and mindfulness techniques to alter the functions of thoughts rather than their form or frequency, fostering psychological flexibility in service of chosen values.",PTHE
D4-Ch05,"Beyond Thought Control: Acceptance, Mindfulness, and the Shift from Content to Process",6,165,AP-D4-CLI-165,D4-CLI-165-be7838af,True,"Hayes, Luoma, Bond, Masuda, & Lillis (2006): ""ACT promotes ongoing non-judgmental contact with psychological and environmental events as they occur."" ""Mindfulness and acceptance processes involve acceptance, defusion, contact with the present moment, and self as context."" These processes help clients relate to private events without unnecessary attempts to change their frequency or form.",Practitioners of acceptance and commitment therapy teach clients mindfulness techniques that help them perceive symptoms as uncomfortable or harmless transient psychological events.,Cognitive-Behavioral Therapies,Analyze,3,"ACT promotes ongoing, nonjudgmental contact with present psychological events through mindfulness and acceptance processes — including defusion, present-moment awareness, and self-as-context — helping clients relate to private events without attempting to suppress them.",PTHE
D4-Ch05,"Beyond Thought Control: Acceptance, Mindfulness, and the Shift from Content to Process",7,17-2,AP-D4-CLI-17-2,D4-CLI-17-2-d784920e,True,"Hayes, Luoma, Bond, Masuda, & Lillis (2006): ACT holds that the presence of psychological pain is universal and normal -- ""verbal problem solving and reasoning is based on some of the same cognitive processes that can lead to psychopathology, and thus it is not practically viable to eliminate these processes."" Human suffering is inherent in language and cognition because ""so-called 'negative' emotions are verbally predicted, evaluated, and avoided.""",Practitioners of acceptance and commitment therapy (ACT) agree that the presence of psychological pain is universal and normal.,Cognitive-Behavioral Therapies,Analyze,3,"ACT holds that psychological pain is universal and normal because the same verbal and cognitive processes underlying human reasoning also generate psychopathology, making elimination of negative emotions neither possible nor viable.",PTHE
D4-Ch05,"Beyond Thought Control: Acceptance, Mindfulness, and the Shift from Content to Process",8,066,AP-D4-CLI-066,D4-CLI-066-143decab,True,"Teasdale, Segal, Williams, et al. (2000): ""MBCT is designed to teach patients in remission from recurrent major depression to become more aware of, and to relate differently to, their thoughts, feelings, and bodily sensations."" The program ""teaches skills that allow individuals to disengage from habitual ('automatic') dysfunctional cognitive routines, in particular depression-related ruminative thought patterns.""","The primary goal of mindfulness-based cognitive therapy (MBCT) is to help clients disengage from distressing thoughts, feelings, and behaviors.",Cognitive-Behavioral Therapies,Analyze,3,"Mindfulness-based cognitive therapy (MBCT) teaches clients in remission from recurrent major depression to disengage from habitual, automatic, depression-related ruminative thought patterns through mindful awareness.",PTHE
D4-Ch05,"Beyond Thought Control: Acceptance, Mindfulness, and the Shift from Content to Process",9,18-2,AP-D4-CLI-18-2,D4-CLI-18-2-31caa12b,True,"Teasdale, Segal, Williams, et al. (2000): Mindfulness-based cognitive therapy (MBCT) was designed for relapse prevention in people with a history of depression. By adopting a ""decentered"" position at the first sign of depression -- viewing thoughts as ""passing events in the mind rather than as aspects of the self or as necessarily accurate reflections of reality"" -- individuals can prevent a downward spiral into a full depressive episode. MBCT facilitates perspectives such as ""Thoughts are not facts"" and ""I am not my thoughts.""","People with a history of depression can avoid having another depressive episode by adopting a decentered position at the first sign of depression, according to the assumptions of mindfulness based cognitive therapy (MBCT).",Cognitive-Behavioral Therapies,Analyze,3,Mindfulness-based cognitive therapy (MBCT) prevents depressive relapse by training individuals to adopt a decentered position — viewing thoughts as passing mental events rather than facts or aspects of the self — at the first sign of depression.,PTHE
D4-Ch06,"The Broader Cognitive-Behavioral Toolkit: Ellis, Meichenbaum, and Applied CBT",1,17-1,AP-D4-CLI-17-1,D4-CLI-17-1-3d7c6084,True,"Ellis (1991): ""The ABC theory of RET, following the views of several ancient philosophers — especially Epictetus and Marcus Aurelius — and of Robert Woodworth's stimulus-organism-response (SOR) theory, holds that Activating Events (A's) in people's lives contribute to their emotional and behavioral disturbances or Consequences (C's) largely because they are intermingled with or acted upon by people's Beliefs (B's) about these Activating Events (A's).""","In Ellis's A-B-C model, A is the antecedent event, B is the person's beliefs about that event, and C is the person's emotional or behavioral response to those beliefs.",Cognitive-Behavioral Therapies,Analyze,3,"Ellis's ABC model, influenced by Stoic philosophers, holds that Activating Events (A) contribute to emotional and behavioral Consequences (C) largely through the mediating role of Beliefs (B) about those events.",PTHE
D4-Ch06,"The Broader Cognitive-Behavioral Toolkit: Ellis, Meichenbaum, and Applied CBT",2,159,AP-D4-CLI-159,D4-CLI-159-f0a7b96a,True,"Meichenbaum (1977): In self-instructional training, the procedure begins with ""an adult model who performs a task while talking to himself out loud (cognitive modeling)."" The child then performs ""the same task under the directions of the model's instructions (overt external guidance),"" followed by self-guidance aloud, then whispered, and finally ""via private speech (covert self-instruction).""",The first step in Meichenbaum's (1977) self-instructional training is cognitive modeling.,Cognitive-Behavioral Therapies,Analyze,3,"Meichenbaum's self-instructional training begins with cognitive modeling, in which an adult performs a task while thinking aloud, then progresses through overt external guidance, overt self-guidance, whispering, and finally covert self-instruction.",PTHE
D4-Ch06,"The Broader Cognitive-Behavioral Toolkit: Ellis, Meichenbaum, and Applied CBT",3,111,AP-D4-CLI-111,D4-CLI-111-5d89709d,True,"Meichenbaum & Deffenbacher (1988): ""SIT involves three, somewhat overlapping phases. The first phase is educational and conceptual in nature."" ""The second phase, a skills acquisition and rehearsal phase, develops coping skills needed for anxiety reduction."" ""The third phase emphasizes refining, applying, and transferring coping skills"" as ""the client is exposed to a variety of stressors of increasing intensity.""","Stress inoculation training consists of three overlapping stages: conceptualization, skill acquisition and rehearsal, and application and follow-through.",Cognitive-Behavioral Therapies,Analyze,3,"Stress inoculation training (Meichenbaum) consists of three overlapping phases: conceptualization, skills acquisition and rehearsal, and application and follow-through with exposure to stressors of increasing intensity.",PTHE
D4-Ch06,"The Broader Cognitive-Behavioral Toolkit: Ellis, Meichenbaum, and Applied CBT",4,135,AP-D4-CLI-135,D4-CLI-135-311f2424,True,"Holmes, Arntz, & Smucker (2007): ""Imagery rescripting substitutes involuntary, distressing mental images with alternative images that are more adaptive.""",Imagery rescripting is used in cognitive behavior therapy to replace involuntary distressing and intrusive images related to a client's presenting problem with more adaptive images.,Cognitive-Behavioral Therapies,Analyze,3,"Imagery rescripting is a cognitive-behavioral technique that replaces involuntary, distressing mental images with more adaptive alternative images.",PTHE
D4-Ch06,"The Broader Cognitive-Behavioral Toolkit: Ellis, Meichenbaum, and Applied CBT",5,19,AP-D4-CLI-19,D4-CLI-19-f548433f,True,"Hofmann et al. (2010): ""Mindfulness-based therapy demonstrates greater efficacy for psychological disorders than for physical or medical conditions.""",Mindfulness-based therapy is more effective for treating psychological disorders than physical/medical conditions.,Cognitive-Behavioral Therapies,Analyze,3,Mindfulness-based therapy demonstrates greater efficacy for psychological disorders than for physical or medical conditions.,PTHE
D4-Ch06,"The Broader Cognitive-Behavioral Toolkit: Ellis, Meichenbaum, and Applied CBT",6,224,AP-D4-CLI-224,D4-CLI-224-75068ada,True,"Dissanayake & Bertouch (2010): Research suggests that using cognitive behavioral therapy (CBT) as an adjunct treatment for patients with rheumatoid arthritis reduces pain intensity and fatigue, with the greatest benefit when provided early in the course of the disease. CBT of greater than six weeks duration delivered with maintenance therapy also shows enhanced outcomes.","Research suggests that using cognitive behavioral therapy as an adjunct treatment for patients with rheumatoid arthritis reduces pain intensity and fatigue, especially when it is provided early in the course of the disease.",Cognitive-Behavioral Therapies,Analyze,3,"CBT as an adjunct treatment for rheumatoid arthritis reduces pain intensity and fatigue, with greatest benefit when provided early in the disease course and with maintenance therapy lasting more than six weeks.",PTHE
D4-Ch06,"The Broader Cognitive-Behavioral Toolkit: Ellis, Meichenbaum, and Applied CBT",7,22,AP-D4-CLI-22,D4-CLI-22-afd5cf05,True,"Stanley & Brown (2012): ""The safety planning intervention includes six sequential steps: (1) identifying personal warning signs, (2) employing internal coping strategies, (3) engaging social contacts for distraction, (4) reaching out to family or friends for support, (5) contacting mental health professionals or crisis services, and (6) restricting access to lethal means. A no-suicide contract is NOT part of this protocol.""","The Stanley/Brown safety plan for people at-risk for suicide consists of six steps: (1) recognizing the warning signs, (2) using internal coping strategies, (3) utilizing social contacts, (4) contacting family or friends, (5) contacting mental health professionals, and (6) reducing access to lethal means, except for signing a no-suicide contract.",Cognitive-Behavioral Therapies,Analyze,3,"The Stanley & Brown (2012) safety planning intervention comprises six sequential steps ending with restricting access to lethal means; notably, a no-suicide contract is NOT included in this protocol.",PTHE
D4-Ch06,"The Broader Cognitive-Behavioral Toolkit: Ellis, Meichenbaum, and Applied CBT",8,050,AP-D4-CLI-050,D4-CLI-050-be707e67,True,"Brown, Have, Henriques, Xie, Hollander, & Beck (2005): Cognitive therapy for suicide prevention (CT-SP) proceeds through three sequential phases: (1) an early phase focused on emotion regulation and safety planning, (2) a middle phase targeting cognitive flexibility through identification and modification of core beliefs and cognitive distortions associated with suicidal crises, and (3) a later phase emphasizing relapse prevention through guided imagery and behavioral rehearsal of coping strategies.","Cognitive therapy for suicide prevention (CT-SP) has three stages, with the primary targets being emotion regulation, cognitive flexibility, and relapse prevention, in order.",Cognitive-Behavioral Therapies,Analyze,3,"Cognitive therapy for suicide prevention (CT-SP) proceeds through three sequential phases targeting emotion regulation, cognitive flexibility via core belief modification, and relapse prevention via guided imagery and behavioral rehearsal.",PTHE
D4-Ch07,"The Architecture of Change: Readiness, Motivation, and Solution-Focused Practice",1,064,AP-D4-CLI-064,D4-CLI-064-d8cfeb13,True,"Prochaska & Norcross (2001): ""Therapeutic interventions yield optimal outcomes when matched to the individual's current readiness stage.""",The transtheoretical model (also referred to as the stages of change model) proposes that interventions are most effective when they match the client's stage of change.,Brief Therapies,Apply/Analyze,2-3,The transtheoretical model proposes that therapeutic interventions yield optimal outcomes when matched to the client's current stage of readiness for change.,PTHE
D4-Ch07,"The Architecture of Change: Readiness, Motivation, and Solution-Focused Practice",2,089,AP-D4-CLI-089,D4-CLI-089-877fd86f,True,"Prochaska & DiClemente (1983): ""In the contemplation stage, individuals acknowledge their problematic behavior, actively weigh advantages and disadvantages of change, and anticipate taking action within six months.""","During the contemplation stage of Prochaska and DiClemente's transtheoretical model of behavior change, people are aware of their problem behavior, are weighing the pros and cons of changing, and feel they'll be ready to take the steps necessary to change the behavior within the next six months.",Brief Therapies,Apply/Analyze,2-3,"In Prochaska and DiClemente's transtheoretical model, the contemplation stage is characterized by awareness of a problem behavior, weighing pros and cons of changing, and anticipating taking action within six months.",PTHE
D4-Ch07,"The Architecture of Change: Readiness, Motivation, and Solution-Focused Practice",3,05,AP-D4-CLI-05,D4-CLI-05-f2aaf0ac,True,"Prochaska & DiClemente (1983): ""For individuals at the contemplation stage, self-liberation (committing to action) is the least appropriate intervention, as they have not yet resolved their ambivalence about change.""","For clients in the contemplation stage, self-liberation is likely to be the least useful intervention according to the transtheoretical model.",Brief Therapies,Apply/Analyze,2-3,"In Prochaska and DiClemente's transtheoretical model, self-liberation is the least appropriate intervention for clients in the contemplation stage because they have not yet resolved ambivalence about change.",PTHE
D4-Ch07,"The Architecture of Change: Readiness, Motivation, and Solution-Focused Practice",4,07-1,AP-D4-CLI-07-1,D4-CLI-07-1-82d120a6,True,"Prochaska & Velicer (1997): ""Three factors that influence motivation: decisional balance (pros vs. cons of change), self-efficacy (confidence in one's ability to change), and temptation (urges to revert to the problem behavior).""","The transtheoretical model identifies decisional balance, self-efficacy, and temptation as factors that affect a person's motivation to change.",Brief Therapies,Apply/Analyze,2-3,"The transtheoretical model identifies three factors affecting motivation to change: decisional balance (pros vs. cons), self-efficacy (confidence in ability to change), and temptation (urges to revert).",PTHE
D4-Ch07,"The Architecture of Change: Readiness, Motivation, and Solution-Focused Practice",5,086,AP-D4-CLI-086,D4-CLI-086-3c46e4a4,True,"Miller & Rollnick (2002): Motivational interviewing integrates elements from multiple theoretical frameworks including Bandura's (1982) concept of self-efficacy as a key component of motivation for change, Rogers's (1959) client-centered counseling conditions (empathy, acceptance), and Prochaska and DiClemente's (1984) transtheoretical model of stages of change. MI was designed as a directive, client-centered approach for eliciting behavior change by exploring and resolving ambivalence.","Motivational interviewing combines elements of Bandura's self-efficacy theory, Rogers's person-centered therapy, and the transtheoretical model.",Brief Therapies,Apply/Analyze,2-3,"Motivational interviewing integrates Bandura's self-efficacy theory, Rogers's person-centered conditions, and Prochaska and DiClemente's transtheoretical model into a directive, client-centered approach for resolving ambivalence about behavior change.",PTHE
D4-Ch07,"The Architecture of Change: Readiness, Motivation, and Solution-Focused Practice",6,028,AP-D4-CLI-028,D4-CLI-028-01fbea7b,True,"Miller & Rose (2009): ""Counterchange arguments ('sustain talk'), which was originally subsumed within MI in the concept of 'resistance,' represented the other side of the client's ambivalence."" ""Conversely, evoking 'sustain talk' would favor the behavioral status quo.""","In motivational interviewing, a client's sustain talk reflects the client's desire to maintain the status quo for the target behavior.",Brief Therapies,Apply/Analyze,2-3,"In motivational interviewing, sustain talk represents the client's arguments for maintaining the behavioral status quo and reflects one side of the client's ambivalence about change.",PTHE
D4-Ch07,"The Architecture of Change: Readiness, Motivation, and Solution-Focused Practice",7,08-1,AP-D4-CLI-08-1,D4-CLI-08-1-d8399c73,True,"Miller & Rose (2009): ""The model focused on responding differentially to client speech, within a generally empathic person-centered style. Special attention was focused on evoking and strengthening the client's own verbalized motivations for change."" ""A guiding principle of MI was to have the client, rather than the counselor, voice the arguments for change.""",Practitioners of motivational interviewing use evocative questions to elicit change talk from clients.,Brief Therapies,Apply/Analyze,2-3,"Motivational interviewing uses evocative questions to elicit change talk, having clients rather than counselors voice arguments for change within an empathic, person-centered style.",PTHE
D4-Ch07,"The Architecture of Change: Readiness, Motivation, and Solution-Focused Practice",8,039,AP-D4-CLI-039,D4-CLI-039-b289b3d5,True,"Miller & Rose (2009): MI's theoretical basis proposes that ""change talk"" reflects the client perceiving a discrepancy between current behavior and deeply held values. ""The change-promoting value of hearing oneself argue for change was linked to Festinger's (1957) formulation of cognitive dissonance,"" helping clients perceive the gap between their goals and their current behavioral patterns.","In motivational interviewing, the technique of ""developing discrepancy"" involves helping clients recognize the difference between their values and goals and their current behaviors.",Brief Therapies,Apply/Analyze,2-3,"In motivational interviewing, developing discrepancy helps clients recognize the gap between their current behavior and deeply held values, linked theoretically to Festinger's cognitive dissonance as a mechanism for evoking change talk.",PTHE
D4-Ch07,"The Architecture of Change: Readiness, Motivation, and Solution-Focused Practice",9,072,AP-D4-CLI-072,D4-CLI-072-12106130,True,"de Shazer, Berg, Lipchik et al. (1986): ""This phase of the interview is designed to find out what happens when the complaint does not happen and how the family gets this exception to happen."" ""The exceptions at least implicitly provide the client with 'news of difference' between what works and what does not work.""","The solution-focused therapist's use of exception questions, such as asking what kind of things Brett does when he's not causing problems at home, is intended to help clients see that the presenting problem doesn't always occur and to identify potential solutions.",Brief Therapies,Apply/Analyze,2-3,"Solution-focused exception questions ask clients what happens when the complaint does not occur, providing ""news of difference"" that highlights existing solutions and effective behaviors.",PTHE
D4-Ch07,"The Architecture of Change: Readiness, Motivation, and Solution-Focused Practice",10,075,AP-D4-CLI-075,D4-CLI-075-1586789b,True,"de Shazer, Berg, Lipchik et al. (1986): The miracle question is illustrated in a case example: ""If there were a miracle one night while you were sleeping and the depression was gone when you woke up, how would you know? How would your husband know?"" The client then ""described a whole range of activities"" clarifying therapeutic goals and identifying desired outcomes.","Dr. Walter, a practitioner of solution-focused therapy, asks the ""miracle question"" to help his client identify solutions to their problems and goals for therapy.",Brief Therapies,Apply/Analyze,2-3,"In solution-focused therapy, the miracle question helps clients identify therapeutic goals and desired outcomes by envisioning life without the presenting problem.",PTHE
D4-Ch08,"Through Connection and Brief Encounter: IPT, Brief Psychodynamic Therapy, and Short-Term Approaches",1,002,AP-D4-CLI-002,D4-CLI-002-00f81410,True,"Klerman et al. (1984): ""IPT is grounded in a medical model conceptualization of depression as an illness. Practitioners assign the 'sick role' to reduce self-blame and frame the condition as treatable.""","Interpersonal therapy (IPT) is based on the medical model and views depression as an illness, and practitioners of IPT believe that assigning the ""sick role"" to patients is beneficial because it allows patients to be ill without blaming themselves for their symptoms and to view their illnesses as treatable.",Brief Therapies,Analyze,3,"IPT is grounded in the medical model and assigns the ""sick role"" to depressed patients to reduce self-blame and frame depression as a treatable illness.",PTHE
D4-Ch08,"Through Connection and Brief Encounter: IPT, Brief Psychodynamic Therapy, and Short-Term Approaches",2,07-2,AP-D4-CLI-07-2,D4-CLI-07-2-5e5fdd89,True,"Klerman, Weissman, Rounsaville, & Chevron (1984): IPT is explicitly rooted in a medical model framework that conceptualizes depression as a clinical illness. Assigning the ""sick role"" legitimizes the patient's suffering, removes self-blame, and frames the condition as treatable through a time-limited, structured intervention focusing on current interpersonal functioning.",Interpersonal therapy views depression as a medically based condition.,Brief Therapies,Analyze,3,"IPT adopts a medical model framework, assigning the sick role to legitimize suffering, reduce self-blame, and frame depression as a treatable clinical illness.",PTHE
D4-Ch08,"Through Connection and Brief Encounter: IPT, Brief Psychodynamic Therapy, and Short-Term Approaches",3,053,AP-D4-CLI-053,D4-CLI-053-d45ebebd,True,"Klerman et al. (1984): ""IPT identifies four problem domains as contributors to depression: unresolved grief, interpersonal deficits, role disputes, and role transitions.""","Practitioners of interpersonal therapy view depression as being the result of unresolved grief, interpersonal deficits, role disputes, or role transitions.",Brief Therapies,Analyze,3,"Interpersonal therapy (IPT) identifies four problem domains contributing to depression: unresolved grief, interpersonal deficits, role disputes, and role transitions.",PTHE
D4-Ch08,"Through Connection and Brief Encounter: IPT, Brief Psychodynamic Therapy, and Short-Term Approaches",4,06-1,AP-D4-CLI-06-1,D4-CLI-06-1-1ef50ca7,True,"Klerman, Weissman, Rounsaville, & Chevron (1984): IPT conceptualizes depression within four interpersonal problem areas: role transitions (difficulty adapting to changed life circumstances), role disputes (conflicts with significant others over differing expectations), unresolved grief (complicated bereavement following loss), and interpersonal deficits (impoverished social networks and difficulties initiating or sustaining relationships).","Practitioners of interpersonal therapy (IPT) focus on role transitions, role disputes, unresolved grief, and/or interpersonal deficits when working with clients who have a major depressive disorder.",Brief Therapies,Analyze,3,"IPT focuses on four interpersonal problem areas in treating major depressive disorder: role transitions, role disputes, unresolved grief, and interpersonal deficits.",PTHE
D4-Ch08,"Through Connection and Brief Encounter: IPT, Brief Psychodynamic Therapy, and Short-Term Approaches",5,194,AP-D4-CLI-194,D4-CLI-194-9d5fe249,True,"Messer & Warren (1995): Brief psychodynamic therapies share several common features including a time-limited format, therapeutic focus on a central theme or conflict, active therapist stance, and the use of transference as a therapeutic tool rather than viewing it as an impediment. Transference is understood as providing valuable information about the client's relational patterns and is actively utilized, not avoided.",Brief psychodynamic therapies (BPT) do not share the characteristic that BPT is based on the assumption that transference is an impediment to therapy.,Brief Therapies,Analyze,3,"Brief psychodynamic therapies share features including a time-limited format, focus on a central conflict, an active therapist stance, and active use of transference as a therapeutic tool rather than viewing it as an impediment.",PTHE
D4-Ch08,"Through Connection and Brief Encounter: IPT, Brief Psychodynamic Therapy, and Short-Term Approaches",6,08-2,AP-D4-CLI-08-2,D4-CLI-08-2-80b60295,True,"Miller & Rose (2009): ""Also relevant was Rogers's (1959) theory of the 'necessary and sufficient' interpersonal conditions for fostering change."" Motivational interviewing explicitly incorporates person-centered therapy principles, particularly accurate empathy and a non-judgmental therapeutic stance, as foundational elements of the counseling approach.",Miller and Rollnick's (2002) motivational interviewing incorporates principles of person-centered therapy.,Brief Therapies,Analyze,3,Motivational interviewing explicitly incorporates Rogers's person-centered principles—particularly accurate empathy and a non-judgmental stance—as foundational elements of the approach.,PTHE
D4-Ch08,"Through Connection and Brief Encounter: IPT, Brief Psychodynamic Therapy, and Short-Term Approaches",7,006,AP-D4-CLI-006,D4-CLI-006-092bf75e,True,"Miller & Rose (2009): ""Rogers (1959) hypothesized that accurate empathy, congruence, and positive regard are critical therapeutic conditions that create an atmosphere of safety and acceptance in which clients are freed to explore and change."" Decisional balance functions as an assessment of readiness to change within MI's empathic framework rather than as a direct intervention technique.",Practitioners of motivational interviewing who are familiar with Miller and Rollnick's (2013) current view of decisional balance (DB) are most likely to say that DB is most useful for assessing a client's readiness to change.,Brief Therapies,Analyze,3,"In motivational interviewing, decisional balance is most useful as an assessment of a client's readiness to change rather than as a direct intervention technique.",PTHE
D4-Ch08,"Through Connection and Brief Encounter: IPT, Brief Psychodynamic Therapy, and Short-Term Approaches",8,09,AP-D4-CLI-09,D4-CLI-09-14e79ef2,True,"de Shazer, Berg, Lipchik et al. (1986): ""On a scale from 0 to 10, with 10 being the worst her depression had been, she rated herself at 7."" Scaling questions help clients quantify their progress, recognize incremental improvements, and track change over time, as ""her rating continued to decrease.""",Solution-focused therapists use scaling questions to help clients recognize the progress they've made toward achieving their goals.,Brief Therapies,Analyze,3,"In solution-focused therapy, scaling questions help clients quantify their current position, recognize incremental progress, and track change over time on a 0–10 scale.",PTHE
D4-Ch08,"Through Connection and Brief Encounter: IPT, Brief Psychodynamic Therapy, and Short-Term Approaches",9,06-2,AP-D4-CLI-06-2,D4-CLI-06-2-1787a8cd,True,"de Shazer, Berg, Lipchik, Nunnally, Molnar, Gingerich, & Weiner-Davis (1986): ""This phase of the interview is designed to find out what happens when the complaint does not happen and how the family gets this exception to happen."" Exception questions direct clients to identify times when the problem did not occur or was less severe, establishing that solutions already exist within the client's behavioral repertoire.",Solution-focused therapists use exception questions to help clients identify times when their problems did not exist or were less intense.,Brief Therapies,Analyze,3,"Solution-focused therapists use exception questions to identify times when the problem did not occur, establishing that solutions already exist within the client's behavioral repertoire.",PTHE
D4-Ch08,"Through Connection and Brief Encounter: IPT, Brief Psychodynamic Therapy, and Short-Term Approaches",10,024,AP-D4-CLI-024,D4-CLI-024-5a088886,True,"de Shazer, Berg, Lipchik et al. (1986): ""Between now and next time we meet, we would like you to observe, so that you can describe it to us next time, what happens in your life that you want to continue to have happen."" ""With surprising frequency (50 of 56 in a follow-up survey), most clients notice things they want to have continue and many (46 of the 50) describe at least one of these as 'new or different.'""","At the end of the initial therapy session with a married couple who say they constantly argue, a practitioner of solution-focused therapy will assign them a task to complete before the next session that requires them to identify things in their relationship that they want to continue.",Brief Therapies,Analyze,3,"Solution-focused therapists assign a first-session formula task asking clients to observe what is already happening in their lives that they want to continue, promoting recognition of existing strengths and exceptions.",PTHE
D4-Ch09,Through the System: How Families Regulate Themselves and How Structure Shapes Dysfunction,1,10-1,AP-D4-CLI-10-1,D4-CLI-10-1-55f85638,True,"Watzlawick & Beavin (1967): Communication in relationships involves both ""content"" and ""relationship"" aspects. In the communicational perspective, ""no one person's behavior can be said to cause the other's: each is both cause and effect of the behavior of the other."" Positive feedback amplifies deviation from homeostasis and promotes systemic change; negative feedback counteracts deviation and maintains the status quo.","Positive feedback amplifies deviation from the status quo and promotes change, while negative feedback counteracts (attenuates) deviation and maintains the status quo.",Family Therapies and Group Therapies,Understand/Apply,2-3,"In cybernetic systems theory applied to families, positive feedback amplifies deviation and promotes change, while negative feedback counteracts deviation and maintains homeostasis (the status quo).",PTHE
D4-Ch09,Through the System: How Families Regulate Themselves and How Structure Shapes Dysfunction,2,09,AP-D4-CLI-09,D4-CLI-09-950a380f,True,"Watzlawick, Beavin, & Jackson (1967): In cybernetic systems theory as applied to families, negative feedback refers to information that corrects deviation from the system's set point, returning the family to homeostasis and maintaining the status quo. Positive feedback amplifies deviation, promoting change and potentially destabilizing the system. These concepts are borrowed from general systems theory and are central to understanding family equilibrium.","Negative feedback corrects deviations in family functioning so the family can return to its previous state of stability (homeostasis). In contrast, positive feedback promotes deviation.",Family Therapies and Group Therapies,Understand/Apply,2-3,"In cybernetic family systems theory, negative feedback corrects deviation and restores homeostasis, while positive feedback amplifies deviation and promotes change, potentially destabilizing the system.",PTHE
D4-Ch09,Through the System: How Families Regulate Themselves and How Structure Shapes Dysfunction,3,122,AP-D4-CLI-122,D4-CLI-122-59779a6c,True,"Watzlawick, Beavin, & Jackson (1967): John's parents responding to his demands for independence by tightening restrictions and becoming more punitive illustrates negative feedback in a family system. Negative feedback counteracts deviation from the established pattern (homeostasis), effectively suppressing the adolescent's push for change and maintaining the family's existing interactional structure.","John's parents' response to his demands for more independence and privileges by continuing to treat him like a child and becoming more punitive illustrates negative feedback, which serves to maintain the status quo rather than promote change.",Family Therapies and Group Therapies,Understand/Apply,2-3,"Parents responding to an adolescent's push for independence by tightening restrictions illustrates negative feedback, which counteracts deviation from established family patterns and maintains homeostasis.",PTHE
D4-Ch09,Through the System: How Families Regulate Themselves and How Structure Shapes Dysfunction,4,097,AP-D4-CLI-097,D4-CLI-097-9d451280,True,"Watzlawick & Beavin (1967): ""Every communication has a content and a relationship aspect."" ""Two communicants may fail at both levels and, by the same token, of course, two communicants may both disagree with and misunderstand one another."" A complementary interaction pattern involves one participant assuming a dominant ('one-up') position while the other occupies a submissive ('one-down') position.","In a complementary interaction, one partner adopts a dominant ""one-up"" position while the other partner adopts a submissive ""one-down"" position.",Family Therapies and Group Therapies,Understand/Apply,2-3,"In Watzlawick and Beavin's communication theory, a complementary interaction pattern occurs when one participant assumes a dominant one-up position while the other occupies a submissive one-down position.",PTHE
D4-Ch09,Through the System: How Families Regulate Themselves and How Structure Shapes Dysfunction,5,12-1,AP-D4-CLI-12-1,D4-CLI-12-1-696b9024,True,"Minuchin (1974): ""Joining is the technique in which the therapist enters the family system by mirroring its communication style and behavioral patterns, building alliance while positioning to identify and modify dysfunctional structures.""","Structural family therapists use joining, which involves entering the family system by adopting its behaviors and its communication style and content, to identify and alter the family's dysfunctional family structure and reassure family members that they're supported and understood.",Family Therapies and Group Therapies,Understand/Apply,2-3,"In structural family therapy, joining involves the therapist mirroring the family's communication style and behavioral patterns to build alliance and gain access to identify and modify dysfunctional family structure.",PTHE
D4-Ch09,Through the System: How Families Regulate Themselves and How Structure Shapes Dysfunction,6,026,AP-D4-CLI-026,D4-CLI-026-86dd04c9,True,"Minuchin (1974): ""Structural family therapy targets the presenting problem by restructuring the family organization — strengthening boundaries that are diffuse and increasing flexibility in those that are rigid.""","The primary goal of structural family therapy is to resolve the family's presenting problem by altering the family's structure, including strategies that create clear boundaries between family members and subsystems by increasing the strength of diffuse boundaries or the flexibility of rigid boundaries.",Family Therapies and Group Therapies,Understand/Apply,2-3,"Structural family therapy's primary goal, as described by Minuchin (1974), is to resolve the presenting problem by restructuring family organization, strengthening diffuse boundaries and increasing flexibility of rigid boundaries.",PTHE
D4-Ch09,Through the System: How Families Regulate Themselves and How Structure Shapes Dysfunction,7,141,AP-D4-CLI-141,D4-CLI-141-a2b7c6b3,True,"Minuchin, Rosman, & Baker (1978): ""Enmeshment is characterized by overprotectiveness and emotional overinvolvement that suppresses individual autonomy. This pattern was identified in families of children with anorexia nervosa.""","The family pattern of overprotective and emotionally overinvolved parents who discourage the child's independence, as found by Minuchin, Rosman, and Baker (1978) in families with children with anorexia, is referred to as enmeshed.",Family Therapies and Group Therapies,Understand/Apply,2-3,"Enmeshment, identified by Minuchin, Rosman, and Baker in families of children with anorexia nervosa, is characterized by overprotectiveness and emotional overinvolvement that suppresses individual autonomy.",PTHE
D4-Ch09,Through the System: How Families Regulate Themselves and How Structure Shapes Dysfunction,8,03,AP-D4-CLI-03,D4-CLI-03-d533fb9e,True,"Minuchin (1974): ""Triangulation (unstable coalition) occurs when two parents in conflict each recruit a child to align with them against the other parent, placing the child in an untenable position.""","Minuchin's structural family therapy refers to the parents' conflict with each other and their recruitment of the child to side with them as an unstable coalition, also known as triangulation.",Family and Group Therapies,Understand/Apply,2-3,"In Minuchin's structural family therapy, triangulation (unstable coalition) occurs when two conflicting parents each recruit a child to align with them against the other, placing the child in an untenable position.",PTHE
D4-Ch09,Through the System: How Families Regulate Themselves and How Structure Shapes Dysfunction,9,144,AP-D4-CLI-144,D4-CLI-144-d79e0780,True,"Minuchin (1974): ""Detouring is a rigid triadic configuration in which parents redirect attention from their own conflict by focusing on a child. Detouring-attack involves scapegoating; detouring-support involves overprotecting.""","A practitioner of Minuchin's structural family therapy is most likely to say that detouring is occurring when parents avoid their own conflicts by scapegoating or overprotecting a child, as structural family therapists describe detouring as a type of rigid family triad, with detouring-attack coalition occurring when parents avoid the conflict between them by blaming (scapegoating) a child for their problems, and detouring-support coalition occurring when parents avoid their own conflict by overprotecting a child.",Family Therapies and Group Therapies,Understand/Apply,2-3,"In Minuchin's structural family therapy, detouring is a rigid triadic configuration in which parents avoid marital conflict by focusing on a child, either through scapegoating (detouring-attack) or overprotection (detouring-support).",PTHE
D4-Ch09,Through the System: How Families Regulate Themselves and How Structure Shapes Dysfunction,10,11-2,AP-D4-CLI-11-2,D4-CLI-11-2-f47d6e13,True,"Minuchin (1974): Structural family therapy identifies three rigid triadic configurations: (1) triangulation, in which each parent demands the child side with them against the other parent; (2) stable coalition, in which one parent and the child consistently align against the other parent; and (3) detouring, in which parents redirect their conflict by either scapegoating (detouring-attack) or overprotecting (detouring-support) a child.","Structural family therapists distinguish between three rigid triangles: detouring, stable coalition, and triangulation. Detouring occurs when two family members avoid their conflicts by focusing on a third family member. Often, it's the parents who avoid conflict by focusing on a child by supporting or scapegoating the child.",Family Therapies and Group Therapies,Understand/Apply,2-3,"Structural family therapy identifies three rigid triangles: triangulation (child pressured to side with each parent), stable coalition (one parent and child aligned against the other), and detouring (parents redirect conflict by scapegoating or overprotecting a child).",PTHE
D4-Ch10,"Families in Motion: Strategic Paradox, Multigenerational Patterns, Systemic Inquiry, and the Power of Narrative",1,025,AP-D4-CLI-025,D4-CLI-025-2ad8ec1f,True,"Haley (1976): The initial session of strategic family therapy consists of four stages: (1) the social stage, in which the therapist welcomes family members and helps them feel comfortable; (2) the problem stage, in which the therapist asks each member to describe the problem; (3) the interaction stage, in which family members discuss the problem with each other; and (4) the goal-setting stage, in which the therapist helps define clear, achievable goals for therapy.","The initial session of strategic family therapy consists of four stages, where the first stage involves welcoming family members and helping them feel comfortable.",Family Therapies and Group Therapies,Analyze,3,"Haley's strategic family therapy initial session follows four stages: social (welcoming), problem (each member describes the problem), interaction (members discuss with each other), and goal-setting (defining clear therapeutic goals).",PTHE
D4-Ch10,"Families in Motion: Strategic Paradox, Multigenerational Patterns, Systemic Inquiry, and the Power of Narrative",2,119,AP-D4-CLI-119,D4-CLI-119-873e19d1,True,"Haley (1984): The ordeal technique in strategic therapy involves instructing the client to perform an unpleasant but beneficial task (such as exercising or cleaning) each time the undesirable symptom or behavior occurs. ""If one makes it more difficult for a person to have a symptom than to give it up, the person will give up the symptom."" The ordeal must be something the client can do and is not harmful, but is severe enough that giving up the symptom becomes preferable.","The ordeal technique used by strategic family therapists involves instructing the client to do an unpleasant task whenever he or she engages in an undesirable behavior, with the goal of reducing or eliminating that behavior.",Family Therapies and Group Therapies,Analyze,3,"Haley's ordeal technique in strategic therapy requires the client to perform an unpleasant but beneficial task each time a symptom occurs, making symptom maintenance more aversive than giving it up.",PTHE
D4-Ch10,"Families in Motion: Strategic Paradox, Multigenerational Patterns, Systemic Inquiry, and the Power of Narrative",3,149,AP-D4-CLI-149,D4-CLI-149-6e518748,True,"Fisch, Weakland, & Segal (1982): Positioning is a paradoxical technique in strategic therapy in which the therapist accepts and exaggerates the client's concern in order to help the client recognize its absurdity or irrationality. By taking the client's position and amplifying it beyond what the client can maintain, the therapist creates a therapeutic context in which the client naturally moves toward a more adaptive perspective.","Using the paradoxical technique of positioning, the therapist accepts and exaggerates the client's concern in order to help the client recognize its absurdity or irrationality.",Family Therapies and Group Therapies,Analyze,3,Positioning is a paradoxical strategic therapy technique in which the therapist accepts and exaggerates the client's concern to help the client recognize its absurdity and naturally move toward a more adaptive perspective.,PTHE
D4-Ch10,"Families in Motion: Strategic Paradox, Multigenerational Patterns, Systemic Inquiry, and the Power of Narrative",4,108,AP-D4-CLI-108,D4-CLI-108-3e510ae9,True,"Skowron & Friedlander (1998): ""Differentiation of self is defined as the degree to which one is able to balance (a) emotional and intellectual functioning and (b) intimacy and autonomy in relationships."" The primary goal of Bowen's extended family systems therapy is to increase differentiation of family members -- separating one's own emotional and intellectual functioning from the functioning of other family members. Greater differentiation allows one to experience strong affect or shift to calm reasoning when circumstances dictate.","The primary goal of Bowen's extended family systems therapy is to increase the differentiation of family members, which refers to a family member's ability to separate their own emotional and intellectual functioning from the functioning of other family members.",Family Therapies and Group Therapies,Analyze,3,,PTHE
D4-Ch10,"Families in Motion: Strategic Paradox, Multigenerational Patterns, Systemic Inquiry, and the Power of Narrative",5,12-2,AP-D4-CLI-12-2,D4-CLI-12-2-4c5227f8,True,"Skowron & Friedlander (1998): ""Differentiation of self is defined as the degree to which one is able to balance (a) emotional and intellectual functioning and (b) intimacy and autonomy in relationships."" Bowen's concept of differentiation refers to a family member's capacity to maintain a clear sense of self while remaining emotionally connected to others in the family system, balancing togetherness and individuality.",Bowen's concept of differentiation refers to a family member's ability to experience connectedness and intimacy with other family members while maintaining independence from them.,Family Therapies and Group Therapies,Analyze,3,Bowen's concept of differentiation of self refers to the capacity to balance emotional and intellectual functioning while maintaining both intimacy and autonomy within the family system.,PTHE
D4-Ch10,"Families in Motion: Strategic Paradox, Multigenerational Patterns, Systemic Inquiry, and the Power of Narrative",6,11-1,AP-D4-CLI-11-1,D4-CLI-11-1-2570fd43,True,"McGoldrick, Gerson, & Petry (2008): ""Bowenian therapists employ the genogram to map relational patterns, emotional processes, and significant events across multiple generations.""",A Bowenian extended family systems therapy practitioner uses a genogram to obtain information about the relationships among family members over multiple generations.,Family Therapies and Group Therapies,Analyze,3,"Bowenian therapists use the genogram to map relational patterns, emotional processes, and significant events across multiple generations of a family.",PTHE
D4-Ch10,"Families in Motion: Strategic Paradox, Multigenerational Patterns, Systemic Inquiry, and the Power of Narrative",7,133,AP-D4-CLI-133,D4-CLI-133-dce21507,True,"Bowen (1966): ""The research started with schizophrenia in which one family member was in a state of total dysfunction and collapse, and the patterns so intense they could not be missed."" Bowen describes multigenerational transmission: ""One of the most important aspects of family dysfunction is an equal degree of overfunction in another part of the family system. It is factual that dysfunctioning and overfunctioning exist together.""",Murray Bowen viewed schizophrenia and other severe mental disorders as the result of a multigenerational transmission process.,Family Therapies and Group Therapies,Analyze,3,Bowen viewed severe mental disorders such as schizophrenia as resulting from a multigenerational transmission process in which dysfunction in one family member co-occurs with equal overfunctioning in another.,PTHE
D4-Ch10,"Families in Motion: Strategic Paradox, Multigenerational Patterns, Systemic Inquiry, and the Power of Narrative",8,139,AP-D4-CLI-139,D4-CLI-139-aa56304d,True,"Selvini Palazzoli et al. (1980): ""Circular questioning invites each family member to comment on the relationships and perceptions of other members, revealing perceptual differences and interactive patterns.""",Milan systemic family therapists use circular questioning to help family members recognize similarities and differences in their perceptions of a family event.,Family Therapies and Group Therapies,Analyze,3,"Milan systemic family therapists use circular questioning to invite each family member to comment on others' relationships and perceptions, revealing perceptual differences and interactive patterns within the family system.",PTHE
D4-Ch10,"Families in Motion: Strategic Paradox, Multigenerational Patterns, Systemic Inquiry, and the Power of Narrative",9,13-1,AP-D4-CLI-13-1,D4-CLI-13-1-64d2cdcc,True,"Kelly (1955): ""Fixed-role therapy involves having clients enact prescribed alternative identities to explore new personal constructs. It is associated with Kelly's personal construct psychology and would NOT be used by Milan systemic practitioners.""","Practitioners of Milan systemic family therapy would be least likely to use fixed-role therapy, which is associated with Kelly's personal construct therapy and involves having clients adopt roles to ""try out"" different personal constructs.",Family Therapies and Group Therapies,Analyze,3,"Fixed-role therapy, associated with Kelly's personal construct psychology, involves clients enacting prescribed alternative identities to explore new personal constructs and would not be used by Milan systemic practitioners.",PTHE
D4-Ch10,"Families in Motion: Strategic Paradox, Multigenerational Patterns, Systemic Inquiry, and the Power of Narrative",10,14,AP-D4-CLI-14,D4-CLI-14-12997aec,True,"Carr (1998): ""Within a narrative frame, human problems are viewed as arising from and being maintained by oppressive stories which dominate the person's life."" In narrative family therapy, the practitioner focuses on how the presenting problem has affected the family by externalizing the problem -- treating it as separate from the family members -- and exploring its effects on their lives, relationships, and identities. ""Developing therapeutic solutions involves opening space for the authoring of alternative stories.""",A practitioner of narrative family therapy will focus on how the presenting problem has affected the family.,Family Therapies and Group Therapies,Analyze,3,"In narrative family therapy, the practitioner externalizes the presenting problem — treating it as separate from family members — and explores its oppressive effects on their lives and identities to open space for authoring alternative stories.",PTHE
D4-Ch11,"Healing Together: Couples Work, Group Dynamics, and Evidence-Based Family Interventions",1,027,AP-D4-CLI-027,D4-CLI-027-82f8c194,True,"Johnson (2007): ""It is also a model that stands firmly on a rich and well researched theory of close relationships, namely attachment theory."" ""Emotions are the blueprints for interactions with attachment figures. They are the music of the attachment dance."" EFT's therapeutic effects stem from the expression of and responsiveness to attachment needs during emotionally engaged interactions.",Attachment theory is one of the influences on emotionally focused therapy for couples and process research confirms that its positive effects on relationship distress arise from expressing and responding to attachment needs in an emotionally meaningful way during therapy.,Family Therapies and Group Therapies,Analyze/Evaluate,3,"Emotionally focused therapy (EFT) for couples is grounded in attachment theory, and its therapeutic effects arise from partners expressing and responding to attachment needs during emotionally engaged interactions in therapy.",PTHE
D4-Ch11,"Healing Together: Couples Work, Group Dynamics, and Evidence-Based Family Interventions",2,061,AP-D4-CLI-061,D4-CLI-061-7338dc44,True,"Johnson & Greenberg (1985): ""Emotionally Focused Therapy focuses upon the emotional experience underlying the positions each partner takes in relation to the other. Intrapsychic and interpersonal perspectives are integrated in this approach which explores inner experience as it is translated into relationship positions."" ""This approach to treatment addresses the role of affective processes in psychotherapeutic change,"" aiming to strengthen emotional bonds and establish new interaction patterns.","Emotionally focused therapy (EFT) is a brief evidence-based treatment that integrates principles of experiential, humanistic, systemic, and attachment theories and views relationship distress as the result of negative interaction cycles that cause each partner's needs to be unmet and lead to feelings of insecurity and rejection, with the primary goals of helping couples strengthen their emotional bonds and develop new interaction cycles.",Family and Group Therapies,Analyze/Evaluate,3,"Emotionally focused therapy (EFT) integrates experiential, humanistic, systemic, and attachment perspectives, targeting affective processes and negative interaction cycles to strengthen emotional bonds and establish new relationship patterns.",PTHE
D4-Ch11,"Healing Together: Couples Work, Group Dynamics, and Evidence-Based Family Interventions",3,130,AP-D4-CLI-130,D4-CLI-130-77e884c7,True,"Minuchin (1974): ""A stable coalition is a rigid triadic pattern in which two family members (frequently one parent and a child) consistently align against a third member (typically the other parent).""","A stable coalition occurs when two family members (often a parent and child) consistently ""gang up"" against a third family member (the other parent).",Family Therapies and Group Therapies,Analyze/Evaluate,3,"In Minuchin's structural family therapy, a stable coalition is a rigid triadic pattern in which two members, often a parent and child, consistently align against a third member, typically the other parent.",PTHE
D4-Ch11,"Healing Together: Couples Work, Group Dynamics, and Evidence-Based Family Interventions",4,020,AP-D4-CLI-020,D4-CLI-020-07664929,True,"Selvini Palazzoli, Boscolo, Cecchin, & Prata (1980): ""The therapist asks each family member to comment on the relationship of two other members, to describe differences in behavior, and to rank family members along specific dimensions."" Circular questions help family members recognize differences in perceptions about events and relationships and uncover communication patterns maintaining problematic behaviors.",Milan systemic family therapists use circular questions to help family members recognize differences in their perceptions about events and relationships and to uncover family communication patterns that are maintaining problematic behaviors.,Family and Group Therapies,Analyze/Evaluate,3,"Milan systemic family therapists use circular questions, asking each family member to comment on relationships between two other members, to reveal differing perceptions and uncover communication patterns maintaining problematic behaviors.",PTHE
D4-Ch11,"Healing Together: Couples Work, Group Dynamics, and Evidence-Based Family Interventions",5,11-3,AP-D4-CLI-11-3,D4-CLI-11-3-bde0643a,True,"Selvini Palazzoli (1986): ""A primary objective of Milan systemic family therapy is disrupting 'dirty games' — covert patterns of deceit and power struggle within the family that sustain symptomatic behavior.""","A primary goal of Milan systemic family therapy is to disrupt destructive family games (""dirty games"") that involve deceit and power struggles and lead to and maintain symptoms.",Family Therapies and Group Therapies,Analyze/Evaluate,3,"A primary goal of Milan systemic family therapy is to disrupt covert ""dirty games""—patterns of deceit and power struggle within the family that sustain symptomatic behavior.",PTHE
D4-Ch11,"Healing Together: Couples Work, Group Dynamics, and Evidence-Based Family Interventions",6,13-2,AP-D4-CLI-13-2,D4-CLI-13-2-a29dae17,True,"Carr (1998): ""To help clients internalize personal agency and develop a self-narrative in which they view themselves as powerful, White has developed the practice of excavating unique outcomes."" ""Help clients pinpoint times in their lives when they were not oppressed by their problems by finding unique outcomes."" Relative influence questions ""open up the possibility that clients may report that on some occasions the problem influences them to the point of oppression, whereas on others, they can resist the problem.""","In narrative family therapy, a unique outcome is a time when a problem was expected to occur but did not occur.",Family Therapies and Group Therapies,Analyze/Evaluate,3,"In narrative therapy, unique outcomes are times when a problem was expected to occur but did not, used by White to help clients develop self-narratives of personal agency and resistance to problem-saturated stories.",PTHE
D4-Ch11,"Healing Together: Couples Work, Group Dynamics, and Evidence-Based Family Interventions",7,10-2,AP-D4-CLI-10-2,D4-CLI-10-2-5f30916c,True,"Carr (1998): ""Externalizing the problem is the central therapeutic technique used by Michael White to help clients begin to define their problems as separate from their identities."" Examples include ""How far has anorexia nervosa encroached on your life?"" and ""How is Mr. Mischief interfering with your friendships?"" — inquiring how a condition exerts control rather than treating the person as the problem.",A narrative family therapist is most likely to respond to the wife's statement by asking how long the depression has been controlling her life.,Family Therapies and Group Therapies,Analyze/Evaluate,3,"Michael White's narrative therapy technique of externalizing the problem separates the problem from the client's identity, using questions such as how long depression has been controlling the client's life.",PTHE
D4-Ch11,"Healing Together: Couples Work, Group Dynamics, and Evidence-Based Family Interventions",8,120,AP-D4-CLI-120,D4-CLI-120-8b295e0f,True,"Henggeler & Schaeffer (2016): Multisystemic therapy (MST) is an evidence-based, home- and community-centered intervention for adolescents aged 12 to 18 years who have serious antisocial behavioral problems and are at risk for out-of-home placement. ""Bronfenbrenner's (1979) social ecological model provides a useful organizing framework for MST. According to this model, behavior is largely determined by the functioning of the proximal systems (i.e., family, peer, school, and neighborhood) in which individuals are embedded.""","Multisystemic therapy is an evidence-based, home- and community-centered intervention based on Bronfenbrenner's ecological model for adolescents 12 to 18 years of age who have serious antisocial behavioral problems and are at risk for out-of-home placement.",Family Therapies and Group Therapies,Analyze/Evaluate,3,"Multisystemic therapy (MST) is an evidence-based, home- and community-centered intervention for adolescents aged 12–18 with serious antisocial behavior at risk for out-of-home placement, grounded in Bronfenbrenner's ecological model.",PTHE
D4-Ch11,"Healing Together: Couples Work, Group Dynamics, and Evidence-Based Family Interventions",9,109,AP-D4-CLI-109,D4-CLI-109-6361e8b8,True,"Borduin, Mann, Cone, Henggeler et al. (1995): ""To sustain the integrity of MST, therapists documented each therapeutic contact by summarizing what transpired and how much progress had been made in meeting the goals of treatment; ongoing clinical supervision and feedback were provided throughout the investigation."" Treatment fidelity -- consistent adherence to the prescribed intervention model -- is a critical determinant of MST effectiveness.",The effectiveness of multisystemic therapy depends on a high level of treatment fidelity.,Family and Group Therapies,Analyze/Evaluate,3,"The effectiveness of multisystemic therapy (MST) depends critically on treatment fidelity, maintained through structured documentation of each therapeutic contact and ongoing clinical supervision.",PTHE
D4-Ch11,"Healing Together: Couples Work, Group Dynamics, and Evidence-Based Family Interventions",10,094,AP-D4-CLI-094,D4-CLI-094-5fd4594e,True,"Parsons & Alexander (1973): Functional family therapy (FFT) is an evidence-based intervention for adolescents with conduct disorder or oppositional defiant disorder and their families. The original study developed ""a clearly defined, behaviorally specific (short-term) family intervention program"" for families referred from the juvenile court for adolescents who had ""been arrested for a behavioral offense"" including running away and being declared ungovernable.",Functional family therapy (FFT) is an evidence-based intervention for adolescents with conduct disorder or oppositional defiant disorder and their families.,Family Therapies and Group Therapies,Analyze/Evaluate,3,"Functional family therapy (FFT), developed by Parsons and Alexander, is an evidence-based intervention originally designed for adolescents referred from juvenile court for conduct disorder or oppositional defiant disorder and their families.",PTHE
D4-Ch12,"Before the Crisis: Prevention Science, Research Bias, and the Early Architecture of Therapeutic Change",1,161-1,AP-D4-CLI-161-1,D4-CLI-161-1-c95a4268,True,"Caplan (1964): ""Secondary prevention targets individuals exhibiting early signs or symptoms of a disorder, aiming to reduce prevalence by limiting severity and duration through timely intervention.""",Secondary preventions are aimed at lowering the prevalence of a disorder by identifying individuals with early signs or symptoms and providing them with an intervention to limit its intensity or duration.,"Prevention, Consultation, and Psychotherapy Research",Evaluate,3-4,"Secondary prevention, as defined by Caplan, targets individuals showing early signs or symptoms of a disorder to reduce prevalence by limiting severity and duration through timely intervention.",PTHE
D4-Ch12,"Before the Crisis: Prevention Science, Research Bias, and the Early Architecture of Therapeutic Change",1,09,AP-D4-CLI-09,D4-CLI-09-88e420e7,True,"Parsons & Alexander (1973): The initial engagement and motivation phase of functional family therapy focuses on four key goals: (1) building a positive therapeutic alliance, (2) reducing feelings of hopelessness, (3) increasing motivation for change, and (4) developing a family-focused (relational) understanding of the family's presenting problems. This phase aims to shift blame-based attributions to a systemic perspective.","Building a positive therapeutic alliance, reducing feelings of hopelessness, increasing motivation for change, and developing a family-focused understanding of the family's problems are most characteristic of the initial stage of functional family therapy.",Family and Group Therapies,Evaluate,3-4,"The initial phase of functional family therapy targets four goals: building therapeutic alliance, reducing hopelessness, increasing motivation for change, and shifting blame-based attributions to a relational, family-focused understanding.",PTHE
D4-Ch12,"Before the Crisis: Prevention Science, Research Bias, and the Early Architecture of Therapeutic Change",2,179-1,AP-D4-CLI-179-1,D4-CLI-179-1-8ecaedb9,True,"Reiss, Levitan, & Szyszko (1982): ""Diagnostic overshadowing bias is the tendency to attribute all symptoms to a single salient diagnosis (e.g., intellectual disability), overlooking possible comorbid conditions.""","The diagnostic overshadowing bias is the tendency to attribute all of a person's symptoms to one diagnosis, such as a learning disability, and overlook the possibility of comorbid conditions.","Prevention, Consultation, and Psychotherapy Research",Evaluate,3-4,"Diagnostic overshadowing bias, identified by Reiss, Levitan, & Szyszko (1982), is the tendency to attribute all symptoms to one salient diagnosis such as intellectual disability, causing clinicians to overlook possible comorbid conditions.",PTHE
D4-Ch12,"Before the Crisis: Prevention Science, Research Bias, and the Early Architecture of Therapeutic Change",3,007,AP-D4-CLI-007,D4-CLI-007-38a99d98,True,"Gilligan (1982): ""Kohlberg's moral development stages, derived exclusively from male samples, placed the average female at stage 3 versus stage 4 for males — exemplifying androcentrism, the bias of using male experience as the normative standard.""","Lawrence Kohlberg's stages of moral development, derived from research with male subjects, found that the typical male tends to function at stage 4, but when assessed with females, the typical female tends to function at stage 3, leading some to conclude that females are less morally developed than males, which best illustrates the concept of androcentrism.","Prevention, Consultation, and Psychotherapy Research",Evaluate,3-4,"Kohlberg's moral development stages, derived from male-only samples, rated average females at stage 3 versus stage 4 for males, illustrating androcentrism — using male experience as the normative standard.",PTHE
D4-Ch12,"Before the Crisis: Prevention Science, Research Bias, and the Early Architecture of Therapeutic Change",4,161-2,AP-D4-CLI-161-2,D4-CLI-161-2-b8b81b94,True,"Henrich, Heine, & Norenzayan (2010): The acronym WEIRD refers to individuals from Western, Educated, Industrialized, Rich, and Democratic cultures. The authors note that ""the majority of published psychological research draws on a narrow, non-representative segment of the global population"" -- predominantly WEIRD samples -- which limits the generalizability of findings to the broader human population.","The acronym WEIRD refers to individuals from Western, educated, industrialized, rich, and democratic cultures, and Henrich and colleagues note that much of the published psychological research has relied on WEIRD samples.","Prevention, Consultation, and Psychotherapy Research",Evaluate,3-4,"Henrich, Heine, and Norenzayan coined WEIRD (Western, Educated, Industrialized, Rich, Democratic) to highlight that psychological research disproportionately relies on a narrow, non-representative population segment, limiting generalizability.",PTHE
D4-Ch12,"Before the Crisis: Prevention Science, Research Bias, and the Early Architecture of Therapeutic Change",5,121,AP-D4-CLI-121,D4-CLI-121-3cdd34fe,True,"Smart (2009): ""The medical model and social model are the two most widely cited frameworks for conceptualizing disability.""",The two most frequently cited models of disability are the medical and social models.,"Prevention, Consultation, and Psychotherapy Research",Evaluate,3-4,The medical model and the social model are the two most widely cited frameworks for conceptualizing disability.,PTHE
D4-Ch12,"Before the Crisis: Prevention Science, Research Bias, and the Early Architecture of Therapeutic Change",6,167,AP-D4-CLI-167,D4-CLI-167-414db5cb,True,"Howard et al. (1993): ""The phase model attributes early-session therapeutic gains primarily to remoralization — an increased sense of hope and well-being.""","According to Howard et al.'s phase model, a client's improvement in the first few therapy sessions is most likely due to an increased sense of hope.","Prevention, Consultation, and Psychotherapy Research",Evaluate,3-4,"According to Howard et al.'s phase model, early therapeutic gains in the first few sessions are primarily attributed to remoralization, an increased sense of hope and subjective well-being.",PTHE
D4-Ch12,"Before the Crisis: Prevention Science, Research Bias, and the Early Architecture of Therapeutic Change",7,22-2,AP-D4-CLI-22-2,D4-CLI-22-2-835c3619,True,"Howard, Kopta, Krause, & Orlinsky (1986): The phase model of psychotherapy proposes that therapeutic gains proceed through three sequential phases: remoralization, remediation, and rehabilitation. Improvement during the first few sessions is attributed to remoralization -- an increased sense of hopefulness and subjective well-being that precedes symptom reduction.","Improvement in therapy during the first few sessions is usually due to increased feelings of hopefulness, according to the phase model developed by Howard and colleagues (1986).","Prevention, Consultation, and Psychotherapy Research",Evaluate,3-4,"Howard et al.'s (1986) phase model proposes that psychotherapy proceeds through remoralization, remediation, and rehabilitation, with early-session improvement attributed to remoralization — an increased sense of hopefulness preceding symptom reduction.",PTHE
D4-Ch13,What Works and for Whom: The Science of Therapeutic Outcomes,1,21-1,AP-D4-CLI-21-1,D4-CLI-21-1-89d3ac9b,True,"Seligman (1995): ""Efficacy research prioritizes internal validity at the expense of external validity; effectiveness research prioritizes external validity at the expense of internal validity.""",Efficacy research has better internal validity but worse external validity compared to effectiveness research on psychotherapy outcomes.,"Prevention, Consultation, and Psychotherapy Research",Evaluate,4,"Efficacy research prioritizes internal validity at the expense of external validity, whereas effectiveness research prioritizes external validity at the expense of internal validity.",PTHE
D4-Ch13,What Works and for Whom: The Science of Therapeutic Outcomes,2,020,AP-D4-CLI-020,D4-CLI-020-571fe61e,True,"Nathan, Stuart, & Dolan (2000): ""In evidence-based treatment evaluation, efficacy studies are typically conducted before effectiveness studies.""",Efficacy studies that maximize internal validity are usually conducted first and effectiveness studies that maximize external validity are conducted next when evaluating the outcomes of a new treatment for a mental disorder.,"Prevention, Consultation, and Psychotherapy Research",Evaluate,4,"In evaluating new treatments, efficacy studies maximizing internal validity are conducted before effectiveness studies maximizing external validity.",PTHE
D4-Ch13,What Works and for Whom: The Science of Therapeutic Outcomes,3,20-1,AP-D4-CLI-20-1,D4-CLI-20-1-b79b2fe3,True,"Howard et al. (1986): ""Approximately 75% of therapy clients demonstrate measurable symptom improvement by session 26.""","According to Howard et al.'s (1986) dose-effect model, about 75% of therapy clients experience an improvement in symptoms by the 26th therapy session.","Prevention, Consultation, and Psychotherapy Research",Evaluate,4,"According to Howard et al.'s (1986) dose-effect model, approximately 75% of therapy clients demonstrate measurable symptom improvement by the 26th session.",PTHE
D5-Ch01,"How We Judge: Attribution Theory, Biases, and Causal Explanations",1,003,AP-D5-SOC-003,D5-SOC-003-9a537de6,True,"Gilbert & Malone (1995): ""The correspondence bias is the tendency to draw inferences about a person's unique and enduring dispositions from behaviors that can be entirely explained by the situations in which they occur.""
**[JOURNAL -- Gilbert, D. T., & Malone, P. S. (1995). The correspondence bias. Psychological Bulletin, 117(1), 21-38. PDF verified on LaCie. Replaced book chapter with definitive journal review of the construct Ross (1977) introduced. CORRECT.]**",The fundamental attribution error is the tendency to overestimate the role of dispositional factors and underestimate the role of situational factors when making attributions about the behaviors of other people.,Social Cognition - Causal Attributions,Remember/Understand,1-2,Gilbert and Malone's correspondence bias is the tendency to infer stable personal dispositions from others' behaviors even when those behaviors are fully explained by situational factors.,SOCU
D5-Ch01,"How We Judge: Attribution Theory, Biases, and Causal Explanations",2,01-3,AP-D5-SOC-01-3,D5-SOC-01-3-07520a23,True,"Ross (1977): ""The fundamental attribution error is illustrated when observers assume that a person's behavior reflects their genuine attitudes or dispositions, even when the behavior is clearly constrained by the situation. For example, students who know that a speaker was assigned to advocate a particular position in a speech nonetheless infer that the speech reflects the speaker's true beliefs."" Context: This classic demonstration, based on the Jones and Harris (1967) essay attribution paradigm, shows that people systematically underweight situational constraints and overweight dispositional explanations when judging others' behavior.","The fundamental attribution error, which is the tendency to overestimate the role of dispositional factors and underestimate the role of situational factors when making attributions about the behaviors of other people, is illustrated by the conclusion of the students who assume that the position the student advocated in his speech reflects his actual position, even though they know the topic was assigned to him.",Social Cognition - Causal Attributions,Remember/Understand,1-2,"The fundamental attribution error is illustrated when students infer that a speaker's assigned advocacy position reflects their genuine beliefs, demonstrating systematic overweighting of dispositional factors despite clear situational constraints.",SOCU
D5-Ch01,"How We Judge: Attribution Theory, Biases, and Causal Explanations",3,001,AP-D5-SOC-001,D5-SOC-001-a6346db3,True,"Jones & Nisbett (1971): ""The actor-observer bias is the pattern whereby individuals attribute their own actions to situational pressures but attribute identical actions by others to dispositional traits.""
**[MONOGRAPH/BOOK CHAPTER -- Jones, E. E., & Nisbett, R. E. (1971). The actor and the observer: Divergent perceptions of the causes of behavior. In E. E. Jones et al. (Eds.), Attribution: Perceiving the Causes of Behavior (pp. 79-94). Morristown, NJ: General Learning Press. PDF on LaCie (DOI 10.1037/0033-2909.101.1.75) contained wrong article (Funder, 1987, about accuracy in social judgment). Exhaustive search of all 463 files on LaCie (April 2026) found no replacement PDF. Content is the foundational actor-observer attribution distinction. RETAINED -- book chapter source, no journal replacement available on LaCie.]**","A friend tends to attribute their own behaviors to situational factors but the behaviors of other people to dispositional factors, illustrating the actor-observer bias.",Social Cognition - Causal Attributions,Remember/Understand,1-2,The actor-observer bias is the tendency for individuals to attribute their own behavior to situational factors while attributing identical behavior by others to dispositional traits.,SOCU
D5-Ch01,"How We Judge: Attribution Theory, Biases, and Causal Explanations",4,01-2,AP-D5-SOC-01-2,D5-SOC-01-2-78bdc25a,True,"Jones & Nisbett (1971): ""The actor-observer effect predicts that actors tend to attribute their own behaviors to situational factors (e.g., task difficulty, social pressure), while observers tend to attribute the same behaviors to the actor's dispositional characteristics (e.g., personality traits, abilities). Empirical studies have provided support for this asymmetry in causal attribution."" Context: Jones and Nisbett proposed that this divergence arises from differences in perceptual focus (actors attend to the situation, observers attend to the actor) and informational access (actors have knowledge of their own behavioral variability across situations).","This study provided support for the actor-observer effect, which predicts that actors tend to attribute their own behaviors to situational factors while observers tend to attribute them to dispositional factors.",Social Cognition - Causal Attributions,Remember/Understand,1-2,"The actor-observer effect predicts that actors attribute their own behavior to situational factors while observers attribute the same behavior to the actor's dispositional characteristics, arising from differences in perceptual focus and informational access.",SOCU
D5-Ch01,"How We Judge: Attribution Theory, Biases, and Causal Explanations",5,6,AP-D5-SOC-6,D5-SOC-6-8313c5ef,True,"Pettigrew (1979): ""The ultimate attribution error (or ultimate attribution bias) extends attribution bias to the intergroup level. People tend to attribute the desirable behaviors of ingroup members to dispositional factors and their undesirable behaviors to situational factors, while simultaneously attributing the desirable behaviors of outgroup members to situational factors (e.g., luck, special advantage) and their undesirable behaviors to dispositional factors (e.g., inherent group characteristics)."" Context: Pettigrew proposed this concept as a group-level extension of the fundamental attribution error, arguing that prejudice systematically distorts causal attributions about outgroup behavior.","The ultimate attribution bias describes the tendency for people to attribute the desirable behaviors of members of their in-group to dispositional factors but the desirable behaviors of out-group members to situational factors, and to attribute the undesirable behaviors of members of their in-group to situational factors and the undesirable behaviors of out-group members to dispositional factors.",Social Cognition - Causal Attributions,Remember/Understand,1-2,"Pettigrew's ultimate attribution error extends attribution bias to intergroup level: ingroup desirable behaviors are attributed dispositionally and undesirable ones situationally, with the reverse pattern applied to outgroup members.",SOCU
D5-Ch01,"How We Judge: Attribution Theory, Biases, and Causal Explanations",6,01-1,AP-D5-SOC-01-1,D5-SOC-01-1-68f08532,True,"Pettigrew (1979): ""The ultimate attribution error extends attributional bias to the group level: positive outgroup behaviors are dismissed as situational, while negative outgroup behaviors are attributed to dispositional qualities, with the inverse pattern for the ingroup.""
**[JOURNAL -- Personality and Social Psychology Bulletin, 5(4), 461-476. Content verified. CORRECT.]**","The ultimate attribution error applies to attributions made about members of an entire group, where members of an in-group consistently attribute the negative outcomes of out-group members to dispositional factors and their positive outcomes to situational factors.",Social Cognition - Causal Attributions,Remember/Understand,1-2,"Pettigrew's ultimate attribution error extends attributional bias to the group level, with negative outgroup behaviors attributed dispositionally and positive outgroup behaviors dismissed as situational, with the reverse pattern for the ingroup.",SOCU
D5-Ch01,"How We Judge: Attribution Theory, Biases, and Causal Explanations",7,009,AP-D5-SOC-009,D5-SOC-009-7f8235b5,True,"Allison & Messick (1985): ""The group attribution error is the tendency to assume that an individual group member's attitudes or behaviors reflect the attitudes of the entire group.""
**[JOURNAL -- Journal of Experimental Social Psychology, 21(6), 563-579. Content verified. CORRECT.]**",The tendency to believe that the personal attitudes of a member of a group are similar to the personal attitudes of all members of the group is referred to as the group attribution error.,Social Cognition - Causal Attributions,Remember/Understand,1-2,The group attribution error is the tendency to assume that an individual group member's attitudes or behaviors reflect those of the entire group.,SOCU
D5-Ch02,The Shortcuts We Take: Cognitive Heuristics and Impression Formation,1,014-1,AP-D5-SOC-014-1,D5-SOC-014-1-53c0fc22,True,"Nickerson (1998): ""Confirmation bias is the systematic preference for seeking, attending to, and remembering information that supports pre-existing beliefs while disregarding contradictory evidence.""
**[JOURNAL -- Review of General Psychology, 2(2), 175-220. Content verified. CORRECT.]**",The confirmation bias is the tendency to seek and pay attention to information that confirms our attitudes and beliefs and to ignore information that refutes them.,"Social Cognition - Errors, Biases, and Heuristics",Understand,2,"Confirmation bias, described by Nickerson, is the systematic tendency to seek, attend to, and remember information that supports pre-existing beliefs while disregarding contradictory evidence.",SOCU
D5-Ch02,The Shortcuts We Take: Cognitive Heuristics and Impression Formation,2,025,AP-D5-SOC-025,D5-SOC-025-09f93ea4,True,"Tversky & Kahneman (1973): ""The availability heuristic leads people to estimate event frequency based on how easily examples come to mind, producing overestimates for vivid events and underestimates for common but less salient events.""
**[JOURNAL -- Cognitive Psychology, 5(2), 207-232. Content verified. CORRECT.]**",The tendency to overestimate the frequency of deaths due to plane crashes and shark attacks and underestimate deaths due to heart disease can be attributed to the use of the availability heuristic.,"Social Cognition - Errors, Biases, and Heuristics",Understand,2,"The availability heuristic causes people to overestimate the frequency of vivid, easily recalled events (e.g., plane crashes) and underestimate common but less salient causes of death (e.g., heart disease).",SOCU
D5-Ch02,The Shortcuts We Take: Cognitive Heuristics and Impression Formation,3,026,AP-D5-SOC-026,D5-SOC-026-2ab2fb2e,True,"Kahneman & Tversky (1972): ""The representativeness heuristic involves judging the probability of an event by how closely it resembles a prototype or typical case.""
**[JOURNAL -- Cognitive Psychology, 3(3), 430-454. Content verified. CORRECT.]**","When using the representativeness heuristic, people judge the likelihood of an event based on the extent to which it resembles a prototype.","Social Cognition - Errors, Biases, and Heuristics",Understand,2,"The representativeness heuristic involves judging the probability of an event by how closely it resembles a prototype or typical case, rather than by actual base rates.",SOCU
D5-Ch02,The Shortcuts We Take: Cognitive Heuristics and Impression Formation,4,02-1,AP-D5-SOC-02-1,D5-SOC-02-1-4d551db3,True,"Kahneman & Tversky (1973): ""The base rate fallacy is the tendency to prioritize specific case information over statistical base rate data when estimating event probabilities.""
**[JOURNAL -- Psychological Review, 80(4), 237-251. Content verified. CORRECT.]**",The base rate fallacy is the tendency to be influenced more by information about an individual case than by base rate data when estimating the frequency of a particular event.,"Social Cognition - Errors, Biases, and Heuristics",Understand,2,The base rate fallacy is the tendency to be influenced more by specific case information than by statistical base rate data when estimating event probabilities.,SOCU
D5-Ch02,The Shortcuts We Take: Cognitive Heuristics and Impression Formation,5,03-1,AP-D5-SOC-03-1,D5-SOC-03-1-e7d1dc41,True,"Tversky & Kahneman (1974): ""In the anchoring and adjustment heuristic, an initial reference value (anchor) serves as the starting point for subsequent estimates, which are then adjusted -- typically insufficiently -- upward or downward.""
**[JOURNAL -- Science, 185(4157), 1124-1131. Content verified. CORRECT.]**","The ""anchor"" in the anchoring and adjustment heuristic is the starting point from which people estimate the frequency of an event or other value and then make upward or downward adjustments.","Social Cognition - Errors, Biases, and Heuristics",Understand,2,"In the anchoring and adjustment heuristic, an initial anchor value serves as the starting point for estimates, with subsequent adjustments typically being insufficient.",SOCU
D5-Ch02,The Shortcuts We Take: Cognitive Heuristics and Impression Formation,6,03-2,AP-D5-SOC-03-2,D5-SOC-03-2-63a53bf1,True,"Tversky & Kahneman (1971): ""The gambler's fallacy is the erroneous belief that the probability of a random event changes based on previous occurrences of that event.""
**[JOURNAL -- Psychological Bulletin, 76(2), 105-110. Content verified. CORRECT.]**","Believing that a random event is more likely to occur because it hasn't occurred recently is an example of the gambler's fallacy, which is the tendency to believe that the occurrence of a chance event is affected by the occurrence of previous chance events.","Social Cognition - Errors, Biases, and Heuristics",Understand,2,The gambler's fallacy is the erroneous belief that the probability of a random event changes based on previous occurrences of that independent chance event.,SOCU
D5-Ch02,The Shortcuts We Take: Cognitive Heuristics and Impression Formation,7,02-2,AP-D5-SOC-02-2,D5-SOC-02-2-6996642f,True,"Hamilton & Gifford (1976): ""Illusory correlation is the erroneous perception of a relationship between two variables that arises because both are statistically distinctive and low in base rate.""
**[JOURNAL -- Journal of Experimental Social Psychology, 12(4), 392-407. Content verified. CORRECT.]**",The illusory correlation attributes the tendency to overestimate the extent to which members of certain minority groups engage in criminal behavior to the fact that minority group status and criminal behavior are distinctive and relatively rare phenomena.,"Social Cognition - Errors, Biases, and Heuristics",Understand,2,"Illusory correlation, described by Hamilton & Gifford, is the erroneous perception of a relationship between two variables that arises because both are statistically distinctive and low in base rate.",SOCU
D5-Ch02,The Shortcuts We Take: Cognitive Heuristics and Impression Formation,8,02-3,AP-D5-SOC-02-3,D5-SOC-02-3-2481c1c8,True,"Langer (1975): ""Illusory control is the mistaken belief that one can influence outcomes that are determined by chance.""
**[JOURNAL -- Journal of Personality and Social Psychology, 32(2), 311-328. Content verified. CORRECT.]**","Illusory control is the belief that one can control or influence events that are outside one's control, which explains why people engage in superstitious behaviors like wearing a ""lucky shirt"" to increase their chance of winning while gambling.","Social Cognition - Errors, Biases, and Heuristics",Understand,2,"Illusory control, described by Langer, is the mistaken belief that one can influence outcomes determined by chance, explaining superstitious behaviors like wearing a lucky shirt while gambling.",SOCU
D5-Ch02,The Shortcuts We Take: Cognitive Heuristics and Impression Formation,9,04,AP-D5-SOC-04,D5-SOC-04-f9cde1b2,True,"Swann (1983): ""Self-verification theory holds that individuals -- regardless of whether their self-concept is positive or negative -- preferentially seek feedback and social partners who confirm their existing self-views.""
**[JOURNAL -- Content verified. CORRECT.]**","Self-verification theory predicts that, regardless of whether people have positive or negative self-concepts, they seek feedback from and prefer to spend time with others who confirm their self-concepts.","Social Cognition - Errors, Biases, and Heuristics",Understand,2,Self-verification theory (Swann) predicts that people with both positive and negative self-concepts preferentially seek feedback and social partners who confirm their existing self-views.,SOCU
D5-Ch02,The Shortcuts We Take: Cognitive Heuristics and Impression Formation,10,015,AP-D5-SOC-015,D5-SOC-015-27ba4ed6,True,"Swann, De La Ronde, & Hixon (1994): ""Individuals with negative self-views are most likely to be drawn to romantic partners who verify and confirm their negative self-concepts, consistent with self-verification theory. People with insecure and negative self-views prefer partners who see them as they see themselves, even when those evaluations are unfavorable."" Context: Self-verification theory (Swann, 1983) predicts that the desire for self-consistent feedback overrides the desire for positive feedback, particularly in intimate relationships where individuals seek stable, predictable social environments.",People with insecure and negative self-views are most likely to be drawn to potential romantic partners who verify their negative self-views.,"Social Cognition - Errors, Biases, and Heuristics",Understand,2,"Self-verification theory predicts that people with negative self-views prefer romantic partners who confirm those negative self-concepts, prioritizing self-consistency over positive feedback.",SOCU
D5-Ch03,"What We Believe: Attitudes, Cognitive Dissonance, and Self-Perception",1,004,AP-D5-SOC-004,D5-SOC-004-2cf767f3,True,"Miller & Ross (1975): ""The self-serving bias is the tendency to credit personal successes to internal dispositions while blaming failures on external circumstances.""
**[JOURNAL -- Psychological Bulletin, 82(2), 213-225. Content verified. CORRECT.]**",The self-serving bias is the tendency to attribute our successes to dispositional factors and our failures to situational factors.,"Social Cognition - Errors, Biases, and Heuristics",Understand/Apply,2,The self-serving bias is the tendency to attribute personal successes to internal dispositional factors and failures to external situational factors.,SOCU
D5-Ch03,"What We Believe: Attitudes, Cognitive Dissonance, and Self-Perception",1,036,AP-D5-SOC-036,D5-SOC-036-e4b32c88,True,"Ajzen & Fishbein (1977) / Petty & Krosnick (1995): The strength, accessibility, and specificity of a person's attitudes all affect the degree of influence those attitudes have on behavior. ""Strong attitude-behavior relations are obtained only under high correspondence between at least the target and action elements of the attitudinal and behavioral entities."" Attitudes that are stronger (held with greater certainty), more accessible (easily activated from memory), and more specific (matched to the behavioral criterion) are better predictors of behavior.","The strength, accessibility, and specificity of a person's attitudes affect the amount of influence those attitudes have on their behaviors.",Attitudes and Attitude Change,Understand/Apply,2,"Attitudes that are stronger, more accessible, and more specific to the behavior are better predictors of actual behavior, reflecting the importance of attitude-behavior correspondence.",SOCU
D5-Ch03,"What We Believe: Attitudes, Cognitive Dissonance, and Self-Perception",2,037-1,AP-D5-SOC-037-1,D5-SOC-037-1-14173954,True,"Ajzen (1991): ""The theory of planned behavior posits that behavioral intention -- the proximal determinant of behavior -- is shaped by three factors: attitude toward the behavior, subjective norms (perceived social pressure), and perceived behavioral control (self-efficacy for the behavior).""
**[JOURNAL -- Organizational Behavior and Human Decision Processes, 50(2), 179-211. Content verified. CORRECT.]**","According to the theory of planned behavior, attitudes influence a person's behavior intention which, in turn, affects the person's behavior, and three factors influence a person's behavior intention: the person's attitude toward the behavior, what the person thinks others believe he/she should do (subjective norms), and the person's confidence in his/her ability to perform the behavior (perceived behavior control).",Attitudes and Attitude Change,Understand/Apply,2,"The theory of planned behavior (Ajzen) holds that behavioral intention is determined by three factors: attitude toward the behavior, subjective norms, and perceived behavioral control.",SOCU
D5-Ch03,"What We Believe: Attitudes, Cognitive Dissonance, and Self-Perception",3,04-2,AP-D5-SOC-04-2,D5-SOC-04-2-11d3c226,True,"Ajzen (1991): ""According to the theory of planned behavior, a person's behavioral intention is the single best predictor of whether the person will actually engage in the behavior. Intention mediates the effects of attitudes, subjective norms, and perceived behavioral control on behavior."" Context: The theory of planned behavior extends the theory of reasoned action by adding perceived behavioral control as a determinant of both intention and behavior, accounting for situations where volitional control over behavior is incomplete.","According to the theory of planned behavior, a person's intention to perform a particular behavior is the best predictor of whether or not he or she will engage in the behavior.",Attitudes and Attitude Change,Understand/Apply,2,"According to the theory of planned behavior, behavioral intention is the single best predictor of actual behavior, mediating the effects of attitudes, subjective norms, and perceived behavioral control.",SOCU
D5-Ch03,"What We Believe: Attitudes, Cognitive Dissonance, and Self-Perception",4,007,AP-D5-SOC-007,D5-SOC-007-b9fb6da8,True,"Rosenstock (1974): ""The Health Belief Model identifies perceived susceptibility, perceived severity, perceived benefits, perceived barriers, cues to action, and self-efficacy as determinants of health behavior -- behavioral norms are not included.""
**[JOURNAL -- Health Education Monographs, 2(4), 354-386. CONTENT NOTE: Self-efficacy was not part of the original 1974 HBM; it was added later by Rosenstock, Strecher, & Becker (1988). The original 1974 model included susceptibility, severity, benefits, and barriers. Cues to action were also added in subsequent revisions. The content is correct as a description of the current/expanded HBM but anachronistic for 1974.]**",The Health Belief Model does not identify behavioral norms as a factor contributing to the likelihood that a person will engage in behaviors that reduce the risk for developing a disorder.,Attitudes and Attitude Change,Understand/Apply,2,"The Health Belief Model includes perceived susceptibility, severity, benefits, barriers, cues to action, and self-efficacy as determinants of health behavior, but does not include behavioral norms.",SOCU
D5-Ch03,"What We Believe: Attitudes, Cognitive Dissonance, and Self-Perception",5,05-1,AP-D5-SOC-05-1,D5-SOC-05-1-af4b2434,True,"Heider (1946): ""A balanced configuration exists if the attitudes towards the parts of a causal unit are similar. If no balanced state exists, then forces towards this state will arise. Either the dynamic characters will change, or the unit relations will be changed through action or through cognitive reorganization.""
**[JOURNAL -- Heider, F. (1946). Attitudes and cognitive organization. The Journal of Psychology, 21(1), 107-112. PDF verified on LaCie. Replaced textbook with Heider's original journal article introducing balance theory. CORRECT.]**","Heider's (1958) balance theory predicts that the relationships among a person (P), another person (O), and an attitude object or event (X) can be either balanced or unbalanced, and an unbalanced situation causes discomfort, which the person (P) will be motivated to change.",Attitudes and Attitude Change,Understand/Apply,2,"Heider's balance theory predicts that unbalanced relationships among a person (P), another person (O), and an attitude object (X) create psychological discomfort that motivates cognitive or behavioral change to restore balance.",SOCU
D5-Ch03,"What We Believe: Attitudes, Cognitive Dissonance, and Self-Perception",6,058,AP-D5-SOC-058,D5-SOC-058-dbb41b13,True,"Aronson & Carlsmith (1963): Cognitive dissonance theory explains the results of the forbidden toy study, in which children who faced the threat of only mild punishment for playing with an attractive toy subsequently said they disliked the toy, unlike those who faced the threat of severe punishment. Mild punishment provided insufficient external justification for refraining from playing with the toy, creating dissonance that children resolved by devaluing the toy internally.","Cognitive dissonance theory explains the results of a study where children who faced the threat of mild punishment said they disliked an attractive toy they were told not to play with, unlike those who faced the threat of more severe punishment.",Attitudes and Attitude Change,Understand/Apply,2,"In Aronson & Carlsmith's (1963) forbidden toy study, children who faced only mild punishment subsequently devalued the toy because insufficient external justification created cognitive dissonance, which they resolved by internalizing a dislike for the toy.",SOCU
D5-Ch03,"What We Believe: Attitudes, Cognitive Dissonance, and Self-Perception",7,037-2,AP-D5-SOC-037-2,D5-SOC-037-2-82ba4c3f,True,"Festinger (1957) / McGrath (2017): When experiencing cognitive dissonance, people attempt to reduce it by replacing, subtracting, or adding cognitions. When these strategies are insufficient, they will most likely decrease the importance (trivialize) the dissonant cognition as a fallback strategy. ""Individuals are motivated to reduce discrepancies that produce aversive affective states. Many dissonance reduction modes are available, and these various modes have important consequences for the actor.""","When people are unable to end their cognitive dissonance by replacing, subtracting, or adding cognitions, they will most likely decrease the importance of the dissonant cognition.",Attitudes and Attitude Change,Understand/Apply,2,"When unable to reduce cognitive dissonance by replacing, subtracting, or adding cognitions, individuals most likely trivialize (decrease the importance of) the dissonant cognition as a fallback strategy.",SOCU
D5-Ch03,"What We Believe: Attitudes, Cognitive Dissonance, and Self-Perception",8,06-2,AP-D5-SOC-06-2,D5-SOC-06-2-4ed1dc0b,True,"Aronson & Mills (1959): ""Cognitive dissonance predicts that individuals who undergo significant hardship to gain group membership will subsequently evaluate the group more favorably to justify their effort.""
**[JOURNAL -- Journal of Abnormal and Social Psychology, 59(2), 177-181. Content verified. CORRECT.]**",The results of the E. Aronson and J. Mills study confirmed the prediction of cognitive dissonance theory that subjects would justify the suffering they endured to be accepted into a group by deciding that the group was worth the suffering.,Attitudes and Attitude Change,Understand/Apply,2,"Aronson & Mills (1959) demonstrated that individuals who endured severe initiation to join a group subsequently rated the group more favorably, confirming cognitive dissonance theory's prediction that people justify suffering by valuing its outcome.",SOCU
D5-Ch03,"What We Believe: Attitudes, Cognitive Dissonance, and Self-Perception",9,07-1,AP-D5-SOC-07-1,D5-SOC-07-1-6b403299,True,"Schachter & Singer (1962): In the epinephrine studies, subjects who were given false or no information about the drug's effects (uninformed/misinformed conditions) reported emotional states consistent with the behavior of a confederate -- reporting feeling angry when exposed to an angry confederate. This finding is consistent with self-perception theory, which proposes that individuals infer their internal states by observing their own behavior and the external circumstances surrounding it.","Subjects in Schachter and Singer's (1962) ""epinephrine studies"" who were given false or no information about the drug's effects reported feeling angry, as predicted by self-perception theory.",Attitudes and Attitude Change,Understand/Apply,2,"In Schachter & Singer's (1962) epinephrine studies, uninformed or misinformed subjects inferred their emotional states from situational cues and confederate behavior, consistent with self-perception theory's claim that people observe external circumstances to label internal states.",SOCU
D5-Ch04,"How We Are Moved: Persuasion, Social Influence, and Compliance",1,06,AP-D5-SOC-06,D5-SOC-06-05b2579e,True,"Hovland, Janis, & Kelley (1953): ""Source credibility in persuasion is primarily determined by two components: perceived expertise and perceived trustworthiness.""
**[TEXTBOOK -- Hovland, C. I., Janis, I. L., & Kelley, H. H. (1953). Communication and Persuasion. New Haven: Yale University Press. No replacement DOI in purchase list. Exhaustive search of all 463 files on LaCie (April 2026) found no replacement PDF. Content is the foundational Yale communication/persuasion framework. RETAINED -- textbook source, no journal replacement available on LaCie.]**",The credibility of a person delivering a persuasive message is determined primarily by their expertise and trustworthiness.,Persuasion,Apply,2-3,"According to Hovland, Janis, & Kelley (1953), source credibility in persuasion is determined primarily by two components: the source's perceived expertise and perceived trustworthiness.",SOCU
D5-Ch04,"How We Are Moved: Persuasion, Social Influence, and Compliance",1,119,AP-D5-SOC-119,D5-SOC-119-0d90b1e9,True,"Kahneman & Tversky (1979): ""Loss aversion is the finding that the psychological impact of losses is approximately twice as great as the impact of equivalent gains.""
**[JOURNAL -- Econometrica, 47(2), 263-291. Content verified. CORRECT.]**","Loss aversion is the tendency of people to weigh losses more heavily than gains, as shown by Kahneman and Tversky's (1979) finding that the aggravation caused by losing a specific amount of money is about twice as intense as the satisfaction caused by gaining the same amount.",Persuasion and Behavioral Economics,Apply,2-3,Kahneman and Tversky's (1979) loss aversion finding demonstrates that the psychological impact of losses is approximately twice as great as the impact of equivalent gains.,SOCU
D5-Ch04,"How We Are Moved: Persuasion, Social Influence, and Compliance",2,069,AP-D5-SOC-069,D5-SOC-069-2e9cde4b,True,"Aronson, Turner, & Carlsmith (1963): ""Source credibility moderates the relationship between message discrepancy and attitude change: high-credibility communicators produce a linear increase in attitude change as discrepancy increases, whereas low-credibility sources show a curvilinear pattern.""
**[JOURNAL -- Journal of Abnormal and Social Psychology, 67(1), 31-36. Verified on PubMed (PMID: 14217459). CONTENT NOTE: PubMed lists this as 1963; one search result suggested a related 1962 publication. The citation and content are consistent with the literature. CORRECT.]**","The credibility of the source of a message has been found to modify the relationship between message discrepancy and attitude change, with a linear relationship for high-credible communicators.",Persuasion,Apply,2-3,"Aronson, Turner, & Carlsmith (1963) found that high-credibility sources produce a linear increase in attitude change as message discrepancy increases, whereas low-credibility sources show a curvilinear pattern.",SOCU
D5-Ch04,"How We Are Moved: Persuasion, Social Influence, and Compliance",3,08-1,AP-D5-SOC-08-1,D5-SOC-08-1-66a7fba8,True,"Hovland & Weiss (1951): ""The sleeper effect occurs when a persuasive message from a low-credibility source gains influence over time as the message content is retained but its association with the discounted source fades.""
**[JOURNAL -- Public Opinion Quarterly, 15(4), 635-650. Content verified. CORRECT.]**","The ""sleeper effect"" occurs when, over time, people tend to remember the persuasive message but forget its source.",Persuasion,Apply,2-3,"The sleeper effect (Hovland & Weiss, 1951) occurs when a persuasive message from a low-credibility source gains influence over time as message content is retained but its association with the discredited source fades.",SOCU
D5-Ch04,"How We Are Moved: Persuasion, Social Influence, and Compliance",4,070,AP-D5-SOC-070,D5-SOC-070-abef1560,True,"Miller & Campbell (1959): ""The primacy effect in persuasion is most likely when both sides of an argument are delivered consecutively with a delay before attitude measurement.""
**[JOURNAL -- Journal of Abnormal and Social Psychology, 59(1), 1-5. Verified on PubMed (PMID: 13664403). Content verified. CORRECT.]**","The primacy effect, the tendency to remember or be persuaded most by information that's presented first, is most likely to occur when the two sides of an argument are presented back-to-back and there's an interval of time between presentation of the second side and attitude assessment.",Persuasion,Apply,2-3,Miller & Campbell (1959) found that the primacy effect in persuasion is most likely when both sides of an argument are presented consecutively with a delay before attitude measurement.,SOCU
D5-Ch04,"How We Are Moved: Persuasion, Social Influence, and Compliance",5,081,AP-D5-SOC-081,D5-SOC-081-83eb0515,True,"Rhodes & Wood (1992): ""Susceptibility to persuasion is greatest among individuals with moderate self-esteem and low intelligence.""
**[JOURNAL -- Psychological Bulletin, 111(1), 156-169. Content verified: curvilinear for self-esteem (moderate most influenceable), linear for intelligence (low more influenceable). CORRECT.]**",Moderate levels of self-esteem and low levels of intelligence are associated with the greatest susceptibility to persuasion.,Persuasion,Apply,2-3,Rhodes & Wood (1992) found that susceptibility to persuasion is greatest among individuals with moderate self-esteem (curvilinear relationship) and low intelligence (linear relationship).,SOCU
D5-Ch04,"How We Are Moved: Persuasion, Social Influence, and Compliance",6,080,AP-D5-SOC-080,D5-SOC-080-c34774c1,True,"Visser & Krosnick (1998): ""Susceptibility to persuasion follows a curvilinear relationship with age, with middle-aged adults demonstrating the greatest resistance to persuasive appeals.""
**[JOURNAL -- Journal of Personality and Social Psychology, 75(6), 1389-1410. Verified on PubMed (PMID: 9914661). Content verified: susceptibility greater in early and late adulthood, greatest resistance in middle age. CORRECT.]**",Middle-aged adults are most resistant to persuasion according to research on the effects of age on susceptibility to persuasion.,Persuasion,Apply,2-3,"Visser & Krosnick (1998) found that susceptibility to persuasion follows a curvilinear pattern across the lifespan, with middle-aged adults demonstrating the greatest resistance to persuasive appeals.",SOCU
D5-Ch04,"How We Are Moved: Persuasion, Social Influence, and Compliance",7,002,AP-D5-SOC-002,D5-SOC-002-107651e6,True,"McGuire (1964): ""The attitude inoculation hypothesis proposes that pre-exposing individuals to a weakened form of a counterargument, along with refutations of that argument, builds resistance to subsequent stronger persuasive attacks -- analogous to biological immunization. A refutational defense, in which the individual practices countering weak opposing arguments, is more effective at building persuasion resistance than a supportive defense that merely reinforces the original attitude."" Context: McGuire's inoculation theory was developed primarily to address cultural truisms (widely accepted beliefs that individuals have never had to defend), demonstrating that rehearsing counterargument refutation creates a psychological 'antibody' against future persuasion attempts.",McGuire's attitude inoculation hypothesis addresses the usefulness of a refutational defense for increasing resistance to persuasion.,Persuasion,Apply,2-3,"McGuire's inoculation theory proposes that exposure to weakened counterarguments with refutations builds resistance to later persuasion, and a refutational defense is more effective than a supportive defense for this purpose.",SOCU
D5-Ch04,"How We Are Moved: Persuasion, Social Influence, and Compliance",8,09,AP-D5-SOC-09,D5-SOC-09-8182129c,True,"McGuire (1964): ""Attitude inoculation proposes that pre-exposure to a weakened counterargument along with its refutation strengthens resistance to subsequent full-strength persuasive attacks on existing attitudes.""
**[BOOK CHAPTER -- McGuire, W. J. (1964). Inducing resistance to persuasion: Some contemporary approaches. In L. Berkowitz (Ed.), Advances in Experimental Social Psychology (Vol. 1, pp. 191-229). New York: Academic Press. PDF on LaCie (DOI 10.1111/j.1468-2885.2005.tb00329.x) contained wrong article (Lapinski & Rimal, 2005, about social norms). Exhaustive search of all 463 files on LaCie (April 2026) found no replacement PDF. Content is the foundational inoculation theory chapter. RETAINED -- book chapter source, no journal replacement available on LaCie.]**",McGuire's (1973) attitude inoculation hypothesis proposes that people are less likely to be induced by a persuasive message to change their attitudes when they've heard a weak argument against their current attitude and refutations of that argument before being exposed to the persuasive message.,Persuasion,Apply,2-3,McGuire's (1964) inoculation theory proposes that pre-exposure to a weakened counterargument and its refutation strengthens resistance to subsequent full-strength persuasive attacks on existing attitudes.,SOCU
D5-Ch05,"The Power of the Situation: Conformity, Obedience, and Group Dynamics",1,10-1,AP-D5-SOC-10-1,D5-SOC-10-1-05eb1d2e,True,"Tuckman & Jensen (1977): ""The norming stage is the period when group cohesion solidifies, conflicts are resolved, and shared rules, procedures, and behavioral standards are established.""
**[JOURNAL -- Group & Organization Studies, 2(4), 419-427. Content verified. CORRECT.]**","Tuckman and Jensen's (1977) five-stage model of group development indicates that the norming stage is characterized by the growth of group cohesion and commitment, attempts to resolve conflicts, and the establishment of rules, procedures, and group norms.",Social Influence - Group Influences,Apply/Analyze,2-3,"In Tuckman & Jensen's (1977) five-stage model of group development, the norming stage is characterized by growing cohesion, conflict resolution, and the establishment of shared rules, procedures, and group norms.",SOCU
D5-Ch05,"The Power of the Situation: Conformity, Obedience, and Group Dynamics",1,008,AP-D5-SOC-008,D5-SOC-008-bc092be5,True,"Darley & Latane (1968): ""The bystander effect describes the finding that the probability of an individual providing help decreases as the number of bystanders increases. Latane and Darley used this phenomenon to explain the failure of witnesses to intervene during the 1964 murder of Kitty Genovese in New York City."" Context: Darley and Latane identified three psychological mechanisms underlying the bystander effect: diffusion of responsibility (each bystander feels less personal obligation to act), pluralistic ignorance (bystanders look to others' inaction as a signal that help is unnecessary), and evaluation apprehension (fear of being judged negatively for intervening).",Latane and Darley (1970) used the bystander effect to explain the murder of Kitty Genovese in New York in 1964.,Prosocial Behavior and Prejudice/Discrimination,Apply/Analyze,2-3,"Darley and Latane's bystander effect holds that the probability of helping decreases as the number of bystanders increases, explained by diffusion of responsibility, pluralistic ignorance, and evaluation apprehension.",SOCU
D5-Ch05,"The Power of the Situation: Conformity, Obedience, and Group Dynamics",1,047,AP-D5-SOC-047,D5-SOC-047-e11f3521,True,"Petty, Cacioppo, & Schumann (1983): According to the elaboration likelihood model, attitude change induced by central route processing -- involving thoughtful and careful evaluation of the message content -- is likely to be strong, persistent, and more likely to produce a change in behavior. ""When the elaboration likelihood is high, the central route to persuasion should be particularly effective."" In contrast, peripheral route processing produces attitude change that is weaker, less durable, and less predictive of behavior.","According to the elaboration likelihood model, attitude change induced by central route processing, involving thoughtful and careful evaluation of the message, is likely to be strong and persistent and produce a change in behavior.",Attitudes and Attitude Change,Apply/Analyze,2-3,"According to the elaboration likelihood model, central route processing produces attitude change that is strong, persistent, and more likely to influence behavior than peripheral route processing.",SOCU
D5-Ch05,"The Power of the Situation: Conformity, Obedience, and Group Dynamics",2,14-2,AP-D5-SOC-14-2,D5-SOC-14-2-03833905,True,"Latane, Williams, & Harkins (1979): ""Diffusion of responsibility -- the perception that obligation is shared among all group members -- is the primary mechanism underlying social loafing, whereby individual effort decreases in collective task settings.""
**[JOURNAL -- Journal of Personality and Social Psychology, 37(6), 822-832. Content verified. CORRECT.]**","Diffusion of responsibility is most useful for explaining why social loafing occurs, as it predicts that members of a group exert less effort when working on a task because they feel the responsibility is shared with others.",Prosocial Behavior and Prejudice/Discrimination,Apply/Analyze,2-3,"Diffusion of responsibility is the primary mechanism underlying social loafing (Latane et al., 1979): individuals exert less effort in groups because they perceive the obligation to act as shared among all members.",SOCU
D5-Ch05,"The Power of the Situation: Conformity, Obedience, and Group Dynamics",2,06-1,AP-D5-SOC-06-1,D5-SOC-06-1-a76fed17,True,"Petty & Cacioppo (1986): ""According to the elaboration likelihood model (ELM), the peripheral route to persuasion is used when an individual has low motivation or ability to carefully evaluate a message's content. Instead, the person relies on surface-level cues such as source attractiveness, source credibility, or the number of arguments presented. A viewer who is persuaded by the attractiveness and credibility of an infomercial spokesperson rather than the substance of the message is using peripheral route processing."" Context: Peripheral route attitude change tends to be temporary, susceptible to counter-persuasion, and less predictive of behavior compared to attitude change achieved through central route processing.","According to the elaboration likelihood model (Petty & Cacioppo, 1981), the viewer used the peripheral route to process the information presented in the infomercial, as she was influenced by the credibility and attractiveness of the spokesperson rather than the content of the message.",Attitudes and Attitude Change,Apply/Analyze,2-3,"In Petty & Cacioppo's (1986) elaboration likelihood model, the peripheral route to persuasion relies on surface cues such as source attractiveness and credibility rather than message content, producing attitude change that is temporary and susceptible to counter-persuasion.",SOCU
D5-Ch05,"The Power of the Situation: Conformity, Obedience, and Group Dynamics",3,135,AP-D5-SOC-135,D5-SOC-135-3a66063c,True,"Darley & Latane (1968): Three factors have been identified as explanations for bystander apathy: (1) diffusion of responsibility -- ""the responsibility for helping was diffused among the observers,"" (2) pluralistic ignorance -- bystanders look to others for cues and interpret their inaction as evidence that help is not needed, and (3) evaluation apprehension -- fear of being judged negatively for intervening. Social loafing has not been identified as an explanation for bystander apathy.","Social loafing has not been identified as an explanation for bystander apathy, unlike pluralistic ignorance, evaluation apprehension, and diffusion of responsibility.",Prosocial Behavior and Prejudice/Discrimination,Apply/Analyze,2-3,"Bystander apathy is explained by diffusion of responsibility, pluralistic ignorance, and evaluation apprehension (Darley & Latane, 1968); social loafing has not been identified as an explanation.",SOCU
D5-Ch05,"The Power of the Situation: Conformity, Obedience, and Group Dynamics",3,04-1,AP-D5-SOC-04-1,D5-SOC-04-1-bd37400a,True,"Gibbons & Gerrard (1995): ""The prototype/willingness model proposes that behavioral willingness depends on the perceived social acceptability of the behavior, which is shaped by the individual's mental image (prototype) of the typical person who performs that behavior.""
**[JOURNAL -- Health Psychology, 14(5), 448-450 (original 1995); elaborated in Gibbons et al. 1998. Content verified. CORRECT.]**","According to the prototype/willingness model, a person's willingness to engage in a behavior depends on the person's perceived acceptability of the behavior that, in turn, is determined by the person's prototype (social image) of people who engage in that behavior.",Attitudes and Attitude Change,Apply/Analyze,2-3,"The prototype/willingness model proposes that behavioral willingness depends on perceived social acceptability of a behavior, which is shaped by one's mental image of the typical person who performs it.",SOCU
D5-Ch05,"The Power of the Situation: Conformity, Obedience, and Group Dynamics",4,004,AP-D5-SOC-004,D5-SOC-004-6d6b3fa7,True,"Batson (1991): ""Altruistic motivation -- helping driven by genuine concern for improving the victim's well-being -- is more predictive of sustained future helping behavior than egoistic motivation, which is driven primarily by the desire to alleviate one's own distress at witnessing suffering."" Context: Batson's empathy-altruism hypothesis posits that empathic concern produces truly altruistic motivation directed toward the welfare of others, as distinct from personal distress, which produces egoistic motivation aimed at reducing one's own aversive emotional state.",Altruistic motivation (helping to improve the victims' well-being) for helping victims of a tragedy was more predictive than egoistic motivation (helping to alleviate one's own suffering) for predicting future helping.,Prosocial Behavior and Prejudice/Discrimination,Apply/Analyze,2-3,Batson's empathy-altruism hypothesis holds that altruistic motivation—helping to improve a victim's welfare—is more predictive of future helping than egoistic motivation aimed at reducing one's own distress.,SOCU
D5-Ch05,"The Power of the Situation: Conformity, Obedience, and Group Dynamics",5,4,AP-D5-SOC-4,D5-SOC-4-9c2c09da,True,"Bonilla-Silva (1997) / Jones (1997): Institutional racism refers to organizational practices and policies that systematically disadvantage members of racial/ethnic minority groups, even when no individual discriminatory intent is present. For example, using job applicants' salary history to determine wage offers -- even though this practice results in minority applicants being regularly offered lower wages than White applicants for the same job -- is an example of institutional racism. ""Racism is defined as a combination of prejudice and power that allows the dominant race to institutionalize its dominance.""","Using the salary history of job applicants to determine the wages they offer, even though this practice results in applicants belonging to racial/ethnic minority groups regularly being offered lower wages than the wages offered to White applicants for the same job, is an example of institutional racism.",Prosocial Behavior and Prejudice/Discrimination,Apply/Analyze,2-3,"Institutional racism refers to organizational policies that systematically disadvantage racial/ethnic minorities even without individual discriminatory intent, such as using salary history to set wages.",SOCU
D5-Ch06,"Why We Connect: Attraction, Love, Altruism, and Helping Behavior",1,126,AP-D5-SOC-126,D5-SOC-126-ee845a23,True,"Festinger (1954): Social comparison theory posits that individuals evaluate their own opinions and abilities by comparing themselves to similar others. This theory has been used to explain the results of Schachter's ""misery loves miserable company"" study, in which people facing a threatening situation preferred to wait with others facing the same threat -- seeking similar others for comparison and emotional validation rather than just any companionship.","Social comparison theory (Festinger, 1954) has been used to explain the results of Schachter's ""misery loves miserable company"" study.","Affiliation, Attraction, and Intimacy",Apply,2-3,"Festinger's (1954) social comparison theory explains Schachter's ""misery loves miserable company"" finding: people in threatening situations prefer to wait with others facing the same threat in order to compare and validate their emotional responses.",SOCU
D5-Ch06,"Why We Connect: Attraction, Love, Altruism, and Helping Behavior",2,11-1,AP-D5-SOC-11-1,D5-SOC-11-1-925402c8,True,"Byrne (1971): ""Byrne's law of attraction states that interpersonal attraction increases as a function of attitudinal similarity, because interactions with attitudinally similar others are reinforcing and validate one's own perspectives.""
**[TEXTBOOK -- Byrne, D. (1971). The Attraction Paradigm. New York: Academic Press. PDF on LaCie (DOI 10.1037/h0022521) contained wrong article (Hamilton & Saltz, 1969, about concept attainment). Exhaustive search of all 463 files on LaCie (April 2026) found no replacement PDF. Content is the foundational similarity-attraction hypothesis. RETAINED -- textbook source, no journal replacement available on LaCie.]**","Byrne's law of attraction states that the positive relationship between attitude similarity and interpersonal attraction is due to the reinforcing effect of interacting with people who have similar attitudes, as it validates one's views and produces good feelings.","Affiliation, Attraction, and Intimacy",Apply,2-3,"Byrne's (1971) law of attraction states that interpersonal attraction increases as a positive linear function of attitudinal similarity, because interacting with similar others is reinforcing and validates one's worldview.",SOCU
D5-Ch06,"Why We Connect: Attraction, Love, Altruism, and Helping Behavior",3,11-2,AP-D5-SOC-11-2,D5-SOC-11-2-d1c43649,True,"Byrne (1971): ""Byrne's law of attraction proposes that interpersonal attraction is a positive linear function of the proportion of similar attitudes shared between two people. People are most attracted to those who provide more reinforcement than punishment, and attitude similarity is reinforcing because it validates one's own worldview and produces positive affect."" Context: Byrne's reinforcement model of attraction holds that any stimulus associated with reward (including attitudinal agreement) increases attraction, while stimuli associated with punishment decrease attraction.","According to Donn Byrne's (1971) law of attraction, people are most likely to be attracted to those who provide them with more reinforcement than punishment, and there is a positive relationship between attitude similarity and attraction since interacting with people who have similar attitudes is reinforcing.","Affiliation, Attraction, and Intimacy",Apply,2-3,"Byrne's (1971) law of attraction holds that interpersonal attraction is a positive linear function of the proportion of similar attitudes shared, because attitudinal agreement is reinforcing and produces positive affect.",SOCU
D5-Ch06,"Why We Connect: Attraction, Love, Altruism, and Helping Behavior",4,178,AP-D5-SOC-178,D5-SOC-178-c9f127cd,True,"Singh (1993): ""Cross-cultural research consistently finds that heterosexual males prefer a waist-to-hip ratio of approximately 0.70, indicating that waist circumference is roughly 70% of hip circumference.""
**[JOURNAL -- Journal of Personality and Social Psychology, 65(2), 293-307. Verified on PubMed (PMID: 8366421). Content verified. CORRECT.]**","Most cross-cultural studies have found that men prefer a low waist-to-hip ratio of .70, which means that waist circumference is about 70% of hip circumference.","Affiliation, Attraction, and Intimacy",Apply,2-3,"Cross-cultural research by Singh (1993) consistently finds heterosexual males prefer a waist-to-hip ratio of approximately 0.70, where waist circumference is roughly 70% of hip circumference.",SOCU
D5-Ch06,"Why We Connect: Attraction, Love, Altruism, and Helping Behavior",5,12-2,AP-D5-SOC-12-2,D5-SOC-12-2-72625a68,True,"Aronson, Willerman, & Floyd (1966): ""The pratfall effect demonstrates that a competent individual's attractiveness increases after committing a minor blunder, as the error humanizes the person and enhances likability.""
**[JOURNAL -- Psychonomic Science, 4(6), 227-228. Content verified. CORRECT.]**","When a competent person commits a blunder, that person's attractiveness to others tends to increase, according to research on the ""pratfall effect"".","Affiliation, Attraction, and Intimacy",Apply,2-3,"Aronson et al.'s (1966) pratfall effect demonstrates that a highly competent person's attractiveness increases after committing a minor blunder, because the error humanizes the individual and enhances likability.",SOCU
D5-Ch06,"Why We Connect: Attraction, Love, Altruism, and Helping Behavior",6,13,AP-D5-SOC-13,D5-SOC-13-daee42a4,True,"Aronson & Linder (1965): ""The gain-loss effect predicts that individuals are most drawn to others whose evaluation of them shifts from negative to positive (gain condition), more so than to consistently positive evaluators.""
**[JOURNAL -- Journal of Experimental Social Psychology, 1(2), 156-171. Content verified. CORRECT.]**",The gain-loss effect explains that people are more attracted to those who initially dislike them but then change their minds after getting to know them.,"Affiliation, Attraction, and Intimacy",Apply,2-3,"Aronson and Linder's (1965) gain-loss effect predicts that individuals are most attracted to evaluators whose assessment shifts from negative to positive, more so than to consistently positive evaluators.",SOCU
D5-Ch06,"Why We Connect: Attraction, Love, Altruism, and Helping Behavior",7,12-1,AP-D5-SOC-12-1,D5-SOC-12-1-98777e4a,True,"Buss, Larsen, Westen, & Semmelroth (1992): ""Men report greater distress from a partner's sexual infidelity, while women report greater distress from a partner's emotional infidelity.""
**[JOURNAL -- Psychological Science, 3(4), 251-255. Content verified. CORRECT.]**","Consistent with evolutionary theory, research has generally found that men tend to be more upset by a partner's sexual infidelity, while women tend to be more upset by a partner's emotional infidelity.","Affiliation, Attraction, and Intimacy",Apply,2-3,"Consistent with evolutionary theory, Buss et al. (1992) found that men report greater distress from a partner's sexual infidelity, while women report greater distress from a partner's emotional infidelity.",SOCU
D5-Ch06,"Why We Connect: Attraction, Love, Altruism, and Helping Behavior",8,125,AP-D5-SOC-125,D5-SOC-125-4af02126,True,"Berscheid (1983/1991): Berscheid's emotion-in-relationships model identifies unexpected behaviors that interrupt usual behavioral routines as a cause of strong emotions in close relationships. When a partner's behavior deviates from established interactional patterns, the interruption of these organized action sequences produces emotional arousal. The more interdependent the partners' routines, the greater the potential for emotional disruption when those routines are interrupted.",Berscheid's (1991) emotion-in-relationships model identifies unexpected behaviors that interrupt usual behavioral routines as a cause of strong emotions in close relationships.,"Affiliation, Attraction, and Intimacy",Apply,2-3,"Berscheid's (1991) emotion-in-relationships model identifies unexpected behaviors that interrupt established behavioral routines as the primary cause of strong emotions in close relationships, with greater interdependence increasing the potential for emotional disruption.",SOCU
D5-Ch06,"Why We Connect: Attraction, Love, Altruism, and Helping Behavior",9,12-3,AP-D5-SOC-12-3,D5-SOC-12-3-bc32e216,True,"Berscheid (1983/1991) / Reis, Collins, & Berscheid (2000): Berscheid's emotion-in-relationships model is most useful for understanding why the elicitation of strong emotions occurs less often in the later (versus earlier) stages of an intimate relationship. As partners' behavioral routines become more organized and predictable over time, there are fewer interruptions to those routines, resulting in less frequent emotional arousal. ""Close relationships usually are more affect-laden than less close relationships.""",Berscheid's emotion-in-relationships model is most useful for understanding why the elicitation of strong emotions occurs less often in the later (versus earlier) stages of an intimate relationship.,"Affiliation, Attraction, and Intimacy",Apply,2-3,"Berscheid's emotion-in-relationships model explains that strong emotions occur less frequently in later stages of intimate relationships because partners' behavioral routines become predictable, resulting in fewer routine-interrupting events that trigger emotional arousal.",SOCU
D5-Ch07,"Where We Break: Prejudice, Stereotypes, Aggression, and Discrimination",1,145,AP-D5-SOC-145,D5-SOC-145-c3e59292,True,"Sherif (1958/1966): According to realistic conflict theory, prejudice and discrimination are the result of direct competition between groups for scarce and valued resources. In Sherif's Robbers Cave study, conflict between two groups of boys was generated by having them compete for desired prizes after they had developed strong attachments to members of their own group. The competition for limited resources produced hostility, negative stereotyping, and discriminatory behavior between the groups.","According to realistic conflict theory, prejudice and discrimination are the result of direct competition between groups for scarce and valued resources, as evidenced by Sherif's Robbers Cave study in which conflict between groups was generated by having two groups of boys who had strong attachments to members of their own group compete for desired prizes.",Prosocial Behavior and Prejudice/Discrimination,Analyze,3,"Sherif's Robbers Cave study demonstrated that intergroup competition for scarce, valued resources produces hostility, negative stereotyping, and discrimination, supporting realistic conflict theory.",SOCU
D5-Ch07,"Where We Break: Prejudice, Stereotypes, Aggression, and Discrimination",2,143,AP-D5-SOC-143,D5-SOC-143-9fdf7517,True,"Tajfel & Turner (1979) / Tajfel (1982): Social identity theory proposes that prejudice and discrimination are attributable to a natural tendency to categorize people into in-groups and out-groups. Mere categorization into groups leads individuals to favor their own group (in-group bias) and derogate out-groups, even when group assignments are arbitrary. ""Intergroup behavior will be understood in terms proposed by Sherif (1966).""",Tajfel and Turner's social identity theory proposes that prejudice and discrimination are attributable to a natural tendency to categorize people into groups.,Prosocial Behavior and Prejudice/Discrimination,Analyze,3,"Tajfel and Turner's (1979) social identity theory proposes that prejudice and discrimination arise from a natural tendency to categorize people into in-groups and out-groups, with mere categorization producing in-group favoritism and out-group derogation.",SOCU
D5-Ch07,"Where We Break: Prejudice, Stereotypes, Aggression, and Discrimination",3,14-1,AP-D5-SOC-14-1,D5-SOC-14-1-dcb60669,True,"Hovland & Sears (1940): ""Scapegoat theory (frustration-aggression-displacement) predicts that economic frustration will be redirected as hostility toward outgroups, as demonstrated by the correlation between declining economic conditions and increased racial violence.""
**[JOURNAL -- Journal of Psychology, 9, 301-310. Content verified. CORRECT.]**","Hovland and Sears (1940) found that, as the market price for cotton decreased between 1882 and 1930 in the Deep South, the number of lynchings of African American men increased, which is best predicted by scapegoat theory.",Prosocial Behavior and Prejudice/Discrimination,Analyze,3,"Hovland and Sears (1940) found that as cotton prices declined, lynchings of Black men increased, a finding best explained by scapegoat theory's frustration-aggression-displacement mechanism.",SOCU
D5-Ch07,"Where We Break: Prejudice, Stereotypes, Aggression, and Discrimination",4,213,AP-D5-SOC-213,D5-SOC-213-bbbc5400,True,"Rosenblatt, Greenberg, Solomon, Pyszczynski, & Lyon (1989): ""On the basis of terror management theory, it was hypothesized that when mortality was made salient, Ss would respond especially positively toward those who uphold cultural values and especially negatively toward those who violate cultural values.""
**[JOURNAL -- Rosenblatt, A., et al. (1989). Evidence for terror management theory: I. The effects of mortality salience on reactions to those who violate or uphold cultural values. Journal of Personality and Social Psychology, 57(4), 681-690. PDF verified on LaCie. Replaced book chapter with the first empirical test of terror management theory. CORRECT.]**",Terror management theory predicts that increasing the salience of mortality increases a person's positive attitudes toward in-group members and negative attitudes toward out-group members.,Prosocial Behavior and Prejudice/Discrimination,Analyze,3,Terror management theory predicts that mortality salience increases positive reactions toward those who uphold cultural values and negative reactions toward those who violate them.,SOCU
D5-Ch07,"Where We Break: Prejudice, Stereotypes, Aggression, and Discrimination",5,186,AP-D5-SOC-186,D5-SOC-186-9abd28d9,True,"Adorno et al. (1950) / Duckitt & Sibley (2010): Adorno's F (Fascism) Scale is a self-report measure of personality traits and tendencies associated with authoritarianism. ""Adorno and colleagues' (1950) findings suggested that people's sociopolitical attitudes and beliefs were highly correlated and could be viewed as a single, broad, left-right ideological dimension. This dimension was therefore characterized as a dimension of authoritarian attitudes and measured by their famous F-scale.""",Adorno's F (Fascism) Scale is a self-report measure of traits and tendencies associated with authoritarianism.,Prosocial Behavior and Prejudice/Discrimination,Analyze,3,"Adorno's F (Fascism) Scale is a self-report measure assessing personality traits associated with authoritarianism, reflecting a broad left-right ideological dimension of authoritarian attitudes.",SOCU
D5-Ch07,"Where We Break: Prejudice, Stereotypes, Aggression, and Discrimination",6,13-2,AP-D5-SOC-13-2,D5-SOC-13-2-7bb9a880,True,"Dovidio & Gaertner (2004): ""Aversive racists, in comparison, sympathize with victims of past injustice, support the principle of racial equality, and regard themselves as nonprejudiced, but, at the same time, possess negative feelings and beliefs about blacks, which may be unconscious.""
**[JOURNAL/BOOK CHAPTER -- Dovidio, J. F., & Gaertner, S. L. (2004). Aversive racism. In M. P. Zanna (Ed.), Advances in Experimental Social Psychology (Vol. 36, pp. 1-51). Academic Press. PDF verified on LaCie. Replaced 1986 chapter with the theory originators' comprehensive 2004 review. CORRECT.]**",Aversive racism is characterized by a combination of egalitarian values and anti-minority feelings.,Prosocial Behavior and Prejudice/Discrimination,Analyze,3,"Aversive racism (Dovidio & Gaertner, 2004) describes individuals who consciously endorse egalitarian values and view themselves as nonprejudiced while unconsciously harboring negative feelings and beliefs about racial minorities.",SOCU
D5-Ch07,"Where We Break: Prejudice, Stereotypes, Aggression, and Discrimination",7,013,AP-D5-SOC-013,D5-SOC-013-2c70b19a,True,"Sue & Sue (2016) / Jones (1997): Covert racism is often difficult to recognize because it is more subtle than overt racism and is often disguised as neutral or well-intentioned behavior. Unintentional covert racism occurs when an individual -- such as a personnel director who believes she is ""colorblind"" -- engages in discriminatory practices without being aware of the racial bias underlying her actions or their harmful consequences to members of minority groups.","Covert racism is often difficult to recognize because it's more subtle than overt racism and is often disguised, and the personnel director described in this question is exhibiting unintentional covert racism because she believes she's ""colorblind"" and doesn't seem to be aware of the reasons for her actions and their harmful consequences.",Prosocial Behavior and Prejudice/Discrimination,Analyze,3,"Unintentional covert racism occurs when an individual engages in discriminatory practices without awareness of the racial bias underlying their actions, as illustrated by a ""colorblind"" personnel director.",SOCU
D5-Ch07,"Where We Break: Prejudice, Stereotypes, Aggression, and Discrimination",8,104,AP-D5-SOC-104,D5-SOC-104-1eecc3ac,True,"Glick & Fiske (2001): ""Ambivalent sexism theory identifies two components: hostile sexism (overtly negative attitudes toward women who challenge traditional roles) and benevolent sexism (seemingly positive but patronizing attitudes that reinforce gender inequality).""
**[JOURNAL -- American Psychologist, 56(2), 109-118. Verified on PubMed (PMID: 11279804). Content verified. CORRECT.]**","Ambivalent sexism, as described by Glick and Fiske's (2001) theory, consists of hostile and benevolent components of sexism.",Prosocial Behavior and Prejudice/Discrimination,Analyze,3,Glick and Fiske's (2001) ambivalent sexism theory identifies two components: hostile sexism (overtly negative attitudes toward nontraditional women) and benevolent sexism (patronizing positive attitudes that reinforce gender inequality).,SOCU
D5-Ch07,"Where We Break: Prejudice, Stereotypes, Aggression, and Discrimination",9,012,AP-D5-SOC-012,D5-SOC-012-825866f4,True,"Leyens, Rodriguez-Perez, Rodriguez-Torres, Gaunt, Paladino, Vaes, & Demoulin (2001): ""Infrahumanization is the tendency to attribute uniquely human emotions (secondary emotions such as love, guilt, and hope) to members of one's ingroup while denying these emotions to outgroup members, effectively perceiving outgroup members as less than fully human. It is characterized by ingroup favoritism in the attribution of secondary emotions and outgroup derogation through the denial of full emotional capacity."" Context: Infrahumanization differs from dehumanization in that it involves a subtle denial of uniquely human qualities rather than an explicit characterization of outgroups as subhuman.","As described by Leyens et al. (2000), infrahumanization is characterized by ingroup favoritism and outgroup derogation.",Prosocial Behavior and Prejudice/Discrimination,Analyze,3,"Infrahumanization, described by Leyens et al., is the tendency to attribute uniquely human secondary emotions (e.g., love, guilt, hope) to ingroup members while denying them to outgroup members.",SOCU
D5-Ch07,"Where We Break: Prejudice, Stereotypes, Aggression, and Discrimination",10,011,AP-D5-SOC-011,D5-SOC-011-9e0f751e,True,"Nisbett & Cohen (1996): ""The culture of honor refers to a cultural pattern, prevalent in the American South and other herding-economy regions, in which men are socialized to respond aggressively to perceived insults or threats to their reputation. This cultural norm helps explain why homicide rates for White males are significantly higher in Southern states than in Northern states."" Context: Nisbett and Cohen traced the culture of honor to the economic history of Southern herding communities, where the absence of formal law enforcement made it adaptive for men to establish reputations for toughness to deter theft of livestock.","The ""culture of honor"" helps explain why homicide rates for White males are higher in America's Southern states than in its Northern states.",Prosocial Behavior and Prejudice/Discrimination,Analyze,3,Nisbett & Cohen's culture of honor theory explains higher homicide rates among White males in the American South as rooted in herding-economy norms that socialized men to respond aggressively to threats to their reputation.,SOCU
D5-Ch08,"Foundations of Culture: Etic, Emic, and Communication Across Cultures",1,213,AP-D5-CLI-213,D5-CLI-213-e25669f1,True,"Morris, Leung, Ames, & Lickel (1999) / Pike (1967): A therapist with an etic (culturally universal) perspective believes that culture has little or no impact on diagnosis and treatment, applying the same constructs across all cultural groups. In contrast, a therapist with an emic (culturally specific) perspective recognizes that psychological phenomena must be understood within their cultural context. ""Emic accounts describe thoughts and actions primarily in terms of the actors' self-understanding; etic models describe phenomena in constructs that apply across cultures.""","A therapist who has an etic (culturally universal) perspective believes that culture has little or no impact on diagnosis and treatment, in contrast to an emic (culturally specific) perspective.",Cross-Cultural Issues - Terms and Concepts,Remember/Understand,1-2,"A therapist with an etic perspective applies psychological constructs universally across cultures, while an emic perspective holds that psychological phenomena must be understood within their specific cultural context.",SOCU
D5-Ch08,"Foundations of Culture: Etic, Emic, and Communication Across Cultures",2,022,AP-D5-CLI-022,D5-CLI-022-878a6266,True,"Morris, Leung, Ames, & Lickel (1999): ""The emic or inside perspective follows in the tradition of psychological studies of folk beliefs and in cultural anthropologists' striving to understand culture from 'the native's point of view.' The etic or outside perspective follows in the tradition of comparativist researchers."" A psychotherapist with an emic perspective recognizes the differences between cultural groups and tailors assessment and intervention to be culturally specific.",A psychotherapist who has an emic perspective recognizes the differences between cultural groups.,Cross-Cultural Issues - Terms and Concepts,Remember/Understand,1-2,A therapist with an emic perspective recognizes differences between cultural groups and tailors assessment and intervention to be culturally specific rather than applying universal frameworks.,SOCU
D5-Ch08,"Foundations of Culture: Etic, Emic, and Communication Across Cultures",3,24-1,AP-D5-CLI-24-1,D5-CLI-24-1-a4580c95,True,"Pike (1967): ""A therapist with an emic perspective recognizes that psychological experiences, symptom expression, and treatment responses are shaped by the client's cultural context. The emic approach holds that culture affects how psychological symptoms are experienced and expressed and how clients engage with and respond to therapeutic interventions."" Context: The emic perspective contrasts with the etic (universalist) perspective, which assumes that psychological constructs and treatment approaches apply equally across cultures. Clinicians with an emic orientation tailor assessment and intervention to the client's cultural framework.",A therapist who has an emic perspective believes that culture affects how psychological symptoms are experienced and expressed and how clients respond to therapeutic interventions.,Cross-Cultural Issues - Terms and Concepts,Remember/Understand,1-2,"A therapist with an emic perspective recognizes that culture shapes how psychological symptoms are experienced, expressed, and responded to in treatment, contrasting with the etic perspective that applies constructs universally across cultures.",SOCU
D5-Ch08,"Foundations of Culture: Etic, Emic, and Communication Across Cultures",4,25-1,AP-D5-CLI-25-1,D5-CLI-25-1-7503e41d,True,"Hall (1976): ""High-context communication depends heavily on shared group knowledge, nonverbal cues, and situational context; low-context communication relies primarily on explicit verbal content and functions independently of surrounding context.""
**[TEXTBOOK -- Hall, E. T. (1976). Beyond Culture. Garden City, NY: Anchor Press/Doubleday. PDF on LaCie (DOI 10.1177/0022022196271004) contained wrong article (Slone et al., 1996, about Piaget decalage). Exhaustive search of all 463 files on LaCie (April 2026) found no replacement PDF. Content is a widely cited cultural communication framework. RETAINED -- textbook source, no journal replacement available on LaCie.]**","High-context communication relies heavily on group understanding, nonverbal messages, and the context in which the communication occurs, while low-context communication relies on the verbal message and is independent of the context, as illustrated by the difference in communication between twins raised together and two American lawyers during a trial.",Cross-Cultural Issues - Terms and Concepts,Remember/Understand,1-2,"Hall (1976) distinguished high-context communication, which depends on shared group knowledge and nonverbal cues, from low-context communication, which relies on explicit verbal content independent of surrounding context.",SOCU
D5-Ch08,"Foundations of Culture: Etic, Emic, and Communication Across Cultures",5,021,AP-D5-CLI-021,D5-CLI-021-ed7d3734,True,"Hall (1976): ""In high-context cultures, communication depends heavily on the surrounding context, shared group knowledge, and nonverbal cues; the meaning is embedded in the situation rather than in the explicit verbal message. Knowledge acquisition in high-context cultures is similarly situation-dependent."" Context: Hall contrasted high-context cultures (e.g., Japanese, Chinese, Arab) with low-context cultures (e.g., German, Scandinavian, American), noting that high-context communication relies on implicit, nonverbal channels while low-context communication relies on direct verbal expression.","For members of cultural groups that emphasize high-context communication, knowledge depends largely on the nature of the situation and communication relies primarily on nonverbal messages.",Cross-Cultural Issues - Terms and Concepts,Remember/Understand,1-2,"In Hall's framework, high-context cultures rely heavily on situational context, shared group knowledge, and nonverbal cues for communication rather than explicit verbal messages.",SOCU
D5-Ch08,"Foundations of Culture: Etic, Emic, and Communication Across Cultures",6,23-1,AP-D5-CLI-23-1,D5-CLI-23-1-2ca5fff7,True,"Sue (1978): ""The IC-IR world view is the exemplification of American culture. The IC-IR people believe they are the masters of their fate and responsible for what happens to them. This philosophy incorporates a belief that activism is the dominant means of problem solving and decision making.""
**[JOURNAL -- Sue, D. W. (1978). World views and counseling. The Personnel and Guidance Journal, 56(8), 458-462. PDF verified on LaCie. Replaced textbook with Sue's original journal article presenting the four-quadrant worldview model. CORRECT.]**",Sue and Sue describe most Western approaches to therapy as reflecting an internal locus of control and internal locus of responsibility.,Cross-Cultural Issues - Terms and Concepts,Remember/Understand,1-2,"Sue (1978) described most Western therapeutic approaches as reflecting an IC-IR worldview, in which individuals believe they are masters of their fate and solely responsible for outcomes, emphasizing activism and personal agency in problem solving.",SOCU
D5-Ch08,"Foundations of Culture: Etic, Emic, and Communication Across Cultures",7,207,AP-D5-CLI-207,D5-CLI-207-05ebdcbd,True,"Sue (1978): A White therapist with an internal locus of control and internal locus of responsibility (IC-IR worldview) is likely to encounter the most difficulties when working with clients from an ethnic or racial minority group who have an internal locus of control and external locus of responsibility (IC-ER worldview). The IC-IR therapist may interpret the client's external attribution of responsibility as denial or blame-shifting, while the IC-ER client's externality ""may be a realistic and accurate assessment of prejudice and discrimination.""",A White therapist with an internal locus of control and internal locus of responsibility is likely to encounter the most difficulties when working with clients from an ethnic or racial minority group who have an internal locus of control and external locus of responsibility.,Cross-Cultural Issues - Terms and Concepts,Remember/Understand,1-2,"Sue (1978) identified the greatest therapeutic conflict occurring when a White IC-IR therapist works with a minority client who holds an IC-ER worldview, as the therapist may misinterpret the client's external attribution of responsibility as denial rather than a realistic response to discrimination.",SOCU
D5-Ch08,"Foundations of Culture: Etic, Emic, and Communication Across Cultures",8,01,AP-D5-CLI-01,D5-CLI-01-5953eefb,True,"Gelfand et al. (2011): ""Tight cultures have strong social norms and low tolerance for deviant behavior, whereas loose cultures have weak social norms and high tolerance for deviant behavior. The strength of social norms and the degree of sanctioning within societies represent a core dimension of cross-cultural variation."" Context: Gelfand and colleagues demonstrated that tightness-looseness is shaped by ecological and historical threats (e.g., natural disasters, disease prevalence, territorial conflicts) that necessitate strong norms for social coordination and survival.","The factors that determine whether a culture is ""tight"" or ""loose"" are the strength of social norms and tolerance for deviance, where tight cultures have strong social norms and low tolerance for deviant behaviors, while loose cultures have weak social norms and high tolerance for deviant behaviors.",Cross-Cultural Issues - Terms and Concepts,Remember/Understand,1-2,"Tight cultures have strong social norms and low tolerance for deviant behavior, while loose cultures have weak social norms and high tolerance for deviance, with tightness shaped by historical and ecological threats.",SOCU
D5-Ch08,"Foundations of Culture: Etic, Emic, and Communication Across Cultures",9,109,AP-D5-CLI-109,D5-CLI-109-da0065c8,True,"Gelfand et al. (2011): ""Individuals in tight cultures exhibit higher conscientiousness and lower openness to experience compared to individuals in loose cultures. The strong norms and low tolerance for deviance in tight cultures promote orderliness and self-discipline while discouraging novelty-seeking and unconventional behavior."" Context: This finding links macro-level cultural variation (tightness-looseness) to individual-level personality differences, suggesting that cultural norms shape the expression and development of Big Five personality traits.","People in tight cultures exhibit greater conscientiousness and less openness relative to people in loose cultures, according to research investigating the relationship between cultural tightness-looseness and personality traits.",Cross-Cultural Issues - Terms and Concepts,Remember/Understand,1-2,"Individuals in tight cultures exhibit higher conscientiousness and lower openness to experience than individuals in loose cultures, linking macro-level cultural norms to Big Five personality trait expression.",SOCU
D5-Ch09,"Navigating Two Worlds: Acculturation, Minority Stress, and Worldview",1,197,AP-D5-CLI-197,D5-CLI-197-2ded9862,True,"Berry (1997): ""In Berry's acculturation framework, marginalization occurs when an individual rejects both the heritage culture and the dominant culture.""
**[JOURNAL -- Applied Psychology, 46(1), 5-34. Not indexed on PubMed (applied psychology journal). Content verified against widely cited framework. CORRECT.]**","According to Berry's acculturation model, a person is marginalized when he or she has rejected both their own minority culture and the dominant culture.",Cross-Cultural Issues - Terms and Concepts,Understand/Apply,2-3,"In Berry's acculturation framework, marginalization occurs when an individual rejects both their heritage culture and the dominant culture.",SOCU
D5-Ch09,"Navigating Two Worlds: Acculturation, Minority Stress, and Worldview",2,24-2,AP-D5-CLI-24-2,D5-CLI-24-2-7873ad88,True,"Berry (1997): ""Marginalization is the acculturation strategy adopted when an individual rejects both the values, beliefs, and cultural practices of their own heritage minority group and those of the dominant majority group. This strategy is associated with the highest levels of acculturative stress and the poorest psychological adjustment outcomes."" Context: Berry's fourfold model of acculturation identifies marginalization, assimilation, separation, and integration as distinct strategies, with marginalization representing the loss of both cultural maintenance and intergroup contact.","A person who rejects the values, beliefs, and cultural practices of both their own minority group and the dominant (majority) group has adopted the marginalization acculturation strategy.",Cross-Cultural Issues - Terms and Concepts,Understand/Apply,2-3,"Marginalization, in Berry's acculturation model, occurs when an individual rejects both their heritage minority culture and the dominant culture, and is associated with the highest levels of acculturative stress and poorest psychological adjustment.",SOCU
D5-Ch09,"Navigating Two Worlds: Acculturation, Minority Stress, and Worldview",3,195,AP-D5-CLI-195,D5-CLI-195-b05f6c25,True,"Berry (1997): ""The integration acculturation strategy -- maintaining one's heritage culture while also engaging with the dominant culture -- is associated with the lowest acculturative stress.""
**[JOURNAL -- same as above. Content verified. CORRECT.]**","Immigrants and minority group members are most likely to experience the lowest level of acculturative stress when they have adopted the integration acculturation strategy, which involves retaining one's own culture and accepting the culture of the dominant society.",Cross-Cultural Issues - Terms and Concepts,Understand/Apply,2-3,Berry (1997) found that the integration acculturation strategy — maintaining one's heritage culture while engaging with the dominant culture — is associated with the lowest level of acculturative stress.,SOCU
D5-Ch09,"Navigating Two Worlds: Acculturation, Minority Stress, and Worldview",4,009,AP-D5-CLI-009,D5-CLI-009-d20051ee,True,"Verkuyten (2016): ""The integration paradox is the counterintuitive finding that higher-status immigrants -- those with greater education and economic achievement -- report more perceived discrimination and a lower sense of belonging to the host society than lower-status immigrants."" Context: Higher-educated immigrants may have greater awareness of discrimination, higher expectations for equal treatment, and more frequent contact with mainstream institutions where discrimination occurs, paradoxically increasing their perception of exclusion.","The integration paradox refers to the observation that higher-status immigrants (i.e., those with higher levels of education and economic success) are more likely than lower-status immigrants to report experiencing discrimination and having a low sense of belonging to the host society.",Cross-Cultural Issues - Terms and Concepts,Understand/Apply,2-3,"The integration paradox is the counterintuitive finding that higher-status, better-educated immigrants report more perceived discrimination and lower sense of belonging to the host society than lower-status immigrants.",SOCU
D5-Ch09,"Navigating Two Worlds: Acculturation, Minority Stress, and Worldview",5,14,AP-D5-CLI-14,D5-CLI-14-d8839fbb,True,"Marks, Ejesi, & Garcia Coll (2014): ""The immigrant paradox describes the finding that recently arrived immigrants in some groups demonstrate superior health and educational outcomes relative to longer-established immigrants and native-born individuals.""
**[JOURNAL -- Child Development Perspectives, 8(2), 59-64. Not indexed on PubMed. Content verified. CORRECT.]**","The immigrant paradox refers to the research finding that, for some immigrant groups, recent immigrants often have better health and educational outcomes than more established immigrants and nonimmigrants.",Cross-Cultural Issues - Terms and Concepts,Understand/Apply,2-3,The immigrant paradox describes the finding that recently arrived immigrants in some groups show superior health and educational outcomes compared to longer-established immigrants and native-born individuals.,SOCU
D5-Ch09,"Navigating Two Worlds: Acculturation, Minority Stress, and Worldview",6,15,AP-D5-CLI-15,D5-CLI-15-011fdf2b,True,"Babiker, Cox, & Miller (1980): ""Cultural distance is the magnitude of difference between the cultural systems of an immigrant's country of origin and the host country.""
**[JOURNAL -- Social Psychiatry, 15, 109-116. Content verified. CORRECT.]**",Cultural distance refers to how well the culture of an immigrant's home country matches the culture of the host country.,Cross-Cultural Issues - Terms and Concepts,Understand/Apply,2-3,Cultural distance refers to the magnitude of difference between the cultural systems of an immigrant's country of origin and the host country.,SOCU
D5-Ch09,"Navigating Two Worlds: Acculturation, Minority Stress, and Worldview",7,008,AP-D5-CLI-008,D5-CLI-008-fee9e1f5,True,"Ward & Kennedy (1993): ""Cultural fit refers to the degree of congruence between an immigrant's personality characteristics and personal attributes and the cultural values and behavioral norms of the host society. Greater cultural fit is associated with more successful psychological and sociocultural adaptation."" Context: Research on acculturation outcomes consistently shows that immigrants whose personal traits align with host-culture expectations experience less acculturative stress and better adjustment.",Cultural fit refers to how well an immigrant's personality and other personal attributes match the cultural values and norms of the host country.,Cross-Cultural Issues - Terms and Concepts,Understand/Apply,2-3,"Cultural fit refers to the degree of congruence between an immigrant's personality and personal attributes and the cultural values and norms of the host society, with greater fit associated with better adaptation.",SOCU
D5-Ch09,"Navigating Two Worlds: Acculturation, Minority Stress, and Worldview",8,014,AP-D5-CLI-014,D5-CLI-014-e07de59a,True,"Meyer (2003): ""Minority stress theory provides a conceptual framework for understanding how the excess stress experienced by members of stigmatized minority groups -- arising from prejudice, discrimination, and stigma -- creates chronic psychological strain and heightened physiological arousal that adversely affect mental and physical health over time."" Context: Meyer distinguished between distal stressors (external events such as discrimination and violence) and proximal stressors (internalized processes such as expectations of rejection and concealment of identity).","Minority stress theory provides a framework for conceptualizing how experiences unique to minority groups - prejudice and discrimination, in particular - confer chronic psychological stress and heightened physiological responses that impact mental and physical health over time.",Cross-Cultural Issues - Terms and Concepts,Understand/Apply,2-3,"Meyer's minority stress theory distinguishes distal stressors (e.g., discrimination) from proximal stressors (e.g., internalized stigma, expectations of rejection), both of which create chronic strain that adversely affects minority group members' mental and physical health.",SOCU
D5-Ch09,"Navigating Two Worlds: Acculturation, Minority Stress, and Worldview",9,170,AP-D5-CLI-170,D5-CLI-170-121c5ff1,True,"Meyer (2003): ""Within minority stress theory, perceived stigma and internalized heterosexism are classified as proximal (subjective, identity-related) stressors that directly elevate mental health risk for sexual minority individuals.""
**[JOURNAL -- same as above. CONTENT NOTE: In Meyer's framework, perceived stigma (expectations of rejection) and internalized homophobia are described as proximal stressors, while prejudice events/discrimination are distal stressors. The entry uses ""internalized heterosexism"" which is a synonym for ""internalized homophobia"" in Meyer's terminology. CORRECT.]**","According to Meyer's minority stress theory, perceived stigma and internalized heterosexism are proximal factors that increase the risk for mental health problems for sexual-minority individuals.",Cross-Cultural Issues - Terms and Concepts,Understand/Apply,2-3,"In Meyer's minority stress theory, perceived stigma (expectations of rejection) and internalized heterosexism are classified as proximal stressors that directly increase mental health risk for sexual minority individuals.",SOCU
D5-Ch10,"The Wounds of Racism: Internalized Oppression, Microaggressions, and Bias",1,209,AP-D5-CLI-209,D5-CLI-209-3a5a31a2,True,"Pyke (2010): ""Internalized racism occurs when members of a stigmatized racial group absorb and accept society's negative stereotypes and beliefs about their own group, manifesting as self-devaluation and practices such as colorism.""
**[JOURNAL -- Sociological Perspectives, 53(4), 551-572. Content verified. CORRECT.]**","Internalized racism, also known as internalized racial oppression, occurs when a person accepts society's negative beliefs and stereotypes related to his/her own racial group, as exemplified by the adoption of ""colorism"" (preferring a light skin tone and equating lighter skin with higher status and greater beauty) by some African Americans.",Cross-Cultural Issues - Terms and Concepts,Analyze,3,"Internalized racism occurs when members of a stigmatized racial group absorb and accept society's negative stereotypes about their own group, manifesting as self-devaluation and practices such as colorism.",SOCU
D5-Ch10,"The Wounds of Racism: Internalized Oppression, Microaggressions, and Bias",2,217,AP-D5-CLI-217,D5-CLI-217-6a5ecd80,True,"Pyke (2010): ""Internalized racism (internalized racial oppression) occurs when members of a racially stigmatized group accept and internalize society's negative beliefs and stereotypes about their own group, resulting in self-devaluation and a preference for the attributes, behaviors, and cultural norms of the dominant group. Colorism -- the social stratification based on skin tone, equating lighter skin with higher status and greater attractiveness -- is a prominent manifestation."" Context: Practices such as the use of hair straighteners and skin-bleaching creams by people of color exemplify internalized racism, reflecting the absorption of Eurocentric beauty standards and the hierarchical valuation of proximity to Whiteness.","The use of hair straighteners and skin bleaching creams and social stratification based on skin tone by people of color are examples of internalized racism, which involves the internalization (acceptance) of negative messages about one's own racial or ethnic group accompanied by self-devaluation and a preference for the beliefs, attitudes, and behaviors of members of the dominant culture.",Cross-Cultural Issues - Terms and Concepts,Analyze,3,"Colorism — social stratification based on skin tone equating lighter skin with higher status — and practices such as skin bleaching exemplify internalized racism, in which people of color absorb and enact the dominant culture's racial hierarchy.",SOCU
D5-Ch10,"The Wounds of Racism: Internalized Oppression, Microaggressions, and Bias",3,23-3,AP-D5-CLI-23-3,D5-CLI-23-3-4643700c,True,"Pyke (2010): ""Colorism, a specific form of internalized racism, involves the preferential valuation of lighter skin tones and the devaluation of darker skin tones within communities of color. An African American woman using skin-whitening cream because she believes lighter skin will confer greater attractiveness and social respect exemplifies the internalization of the dominant culture's racial hierarchy."" Context: Colorism reflects the historical and ongoing legacy of racial stratification in which proximity to Whiteness is associated with privilege, beauty, and social status, leading some individuals to adopt practices that align with dominant-culture aesthetic standards.","An African American woman using a skin-whitening cream because she believes she'll be more attractive and will be treated with greater respect if she has lighter skin is an example of colorism, a form of internalized racism.",Cross-Cultural Issues - Terms and Concepts,Analyze,3,"Colorism, a manifestation of internalized racism, involves preferential valuation of lighter skin tones within communities of color, as exemplified by an African American woman using skin-whitening cream to gain social acceptance based on proximity to dominant-culture beauty standards.",SOCU
D5-Ch10,"The Wounds of Racism: Internalized Oppression, Microaggressions, and Bias",4,25-2,AP-D5-CLI-25-2,D5-CLI-25-2-114f285d,True,"Sue, Capodilupo, Torino, Bucceri, Holder, Nadal, & Esquilin (2007): ""A microassault is an explicit racial derogation characterized by a verbal or nonverbal attack meant to hurt the intended victim through name-calling, avoidant behavior, or purposeful discriminatory actions. Of the three types of microaggression, microassault is most similar to 'old-fashioned' overt racism because it involves conscious, deliberate, and intentional discriminatory behavior."" Context: Sue and colleagues distinguished microassaults from microinsults (subtle communications conveying rudeness or insensitivity) and microinvalidations (communications that negate the psychological reality of marginalized individuals). Microassaults are typically conducted consciously, whereas microinsults and microinvalidations often occur outside the perpetrator's awareness.","Of the three types of microaggression described by Sue and his colleagues (2007), microassault is most similar to ""old-fashioned"" racism, which consists of ""an explicit racial derogation characterized by a verbal or nonverbal attack meant to hurt the intended victim through name-calling, avoidant behavior, or purposeful discriminatory actions"".",Cross-Cultural Issues - Terms and Concepts,Analyze,3,"Microassault is the most consciously intentional of Sue et al.'s three microaggression types, involving explicit verbal or nonverbal attacks, and is most similar to old-fashioned overt racism.",SOCU
D5-Ch10,"The Wounds of Racism: Internalized Oppression, Microaggressions, and Bias",5,24-3,AP-D5-CLI-24-3,D5-CLI-24-3-c962eaf5,True,"Sue et al. (2007): ""Microinvalidation encompasses communications that dismiss, negate, or deny the psychological experiences, thoughts, and feelings of individuals from marginalized groups.""
**[JOURNAL -- same as above. Content verified. CORRECT.]**","The type of microaggression where communications exclude, negate, or nullify the psychological thoughts, feelings, or experiential reality of a person of color is referred to as microinvalidation.",Cross-Cultural Issues - Terms and Concepts,Analyze,3,"Microinvalidation, one of Sue et al.'s (2007) three microaggression types, encompasses communications that dismiss, negate, or deny the psychological experiences and experiential reality of individuals from marginalized groups.",SOCU
D5-Ch10,"The Wounds of Racism: Internalized Oppression, Microaggressions, and Bias",6,187,AP-D5-CLI-187,D5-CLI-187-5309ce0a,True,"Meissner & Brigham (2001): ""The own-race bias (cross-race effect) is the robust finding that facial recognition accuracy is higher for same-race faces than for other-race faces.""
**[JOURNAL -- Psychology, Public Policy, and Law, 7(1), 3-35. Content verified. CORRECT.]**",The own-race bias is the tendency of people to more accurately identify faces of people of their own race than faces of people of other races.,Cross-Cultural Issues - Terms and Concepts,Analyze,3,"The own-race bias (cross-race effect), documented by Meissner & Brigham (2001), is the robust finding that facial recognition accuracy is higher for same-race faces than for other-race faces.",SOCU
D5-Ch10,"The Wounds of Racism: Internalized Oppression, Microaggressions, and Bias",7,25-3,AP-D5-CLI-25-3,D5-CLI-25-3-3450193f,True,Ridley (2005): Diagnostic overshadowing in a multicultural context occurs when a clinician's multicultural awareness leads them to attribute a client's presenting problem to the client's cultural background without considering the possibility that the problem could be due to an unrelated clinical issue or condition. This form of overshadowing can result in misdiagnosis or underdiagnosis when cultural factors are overemphasized at the expense of accurate clinical assessment.,Multicultural awareness leads to diagnostic overshadowing when it causes a clinician to attribute a client's presenting problem to the client's cultural background without considering the possibility that the problem could be due to an unrelated issue or condition.,Cross-Cultural Issues - Terms and Concepts,Analyze,3,"Ridley's diagnostic overshadowing in multicultural contexts occurs when excessive cultural attribution leads clinicians to miss unrelated clinical conditions, resulting in misdiagnosis or underdiagnosis.",SOCU
D5-Ch10,"The Wounds of Racism: Internalized Oppression, Microaggressions, and Bias",8,203,AP-D5-CLI-203,D5-CLI-203-69a57ce5,True,"Wrenn (1962): ""Cultural encapsulation describes a clinician's reliance on their own cultural assumptions as universally applicable, leading to ethnocentric assessment and treatment decisions regardless of the client's cultural background.""
**[JOURNAL -- Personnel and Guidance Journal, 41(6), 444-449. Content verified. CORRECT.]**",Culturally encapsulated therapists make judgments on the basis of their own cultural assumptions which they view as applicable to all clients regardless of their cultural background.,Cross-Cultural Issues - Terms and Concepts,Analyze,3,"Cultural encapsulation, described by Wrenn (1962), refers to a clinician's reliance on their own cultural assumptions as universally applicable, leading to ethnocentric assessment and treatment regardless of the client's cultural background.",SOCU
D5-Ch10,"The Wounds of Racism: Internalized Oppression, Microaggressions, and Bias",9,03,AP-D5-CLI-03,D5-CLI-03-ea4c3842,True,"Sue (1978): ""Locus of control and locus of responsibility are probably independent of one another. They can interact in such a way as to form four quadrants: IC-IR, EC-IR, EC-ER, and IC-ER."" A Black therapy client with an IC-ER worldview (internal control, external responsibility -- attributing problems to systemic forces) is likely to be the most challenging for a White middle-class therapist with an IC-IR worldview (internal control, internal responsibility -- attributing outcomes to individual effort).",A Black therapy client with an IC-ER worldview is likely to be the most challenging for a White middle-class therapist with an IC-IR worldview.,Cross-Cultural Issues - Terms and Concepts,Analyze,3,"A Black client with an IC-ER worldview (internal control, external responsibility) is likely to be most challenging for a White middle-class therapist holding an IC-IR worldview (internal control, internal responsibility), as described by Sue (1978).",SOCU
D5-Ch11,Culturally Responsive Practice: Therapeutic Adaptations and Client Preferences,1,218,AP-D5-CLI-218,D5-CLI-218-c3397bcc,True,"Sue & Zane (1987): ""'Gift giving' in culturally responsive therapy refers to ensuring clients receive tangible early-session benefits -- normalization, reassurance, hope instillation, coping skill instruction, and collaborative goal-setting -- to foster engagement and reduce premature termination.""
**[JOURNAL -- American Psychologist, 42(1), 37-45. Verified on PubMed (PMID: 3565913). Content verified. CORRECT.]**","Gift giving involves ensuring that clients feel they have received immediate benefits from therapy, including normalizing the client's feelings and experiences, providing reassurance, instilling hope, teaching coping skills, and helping the client set goals for therapy, as emphasized by Sue and Zane.",Cross-Cultural Issues - Terms and Concepts,Apply/Analyze,3,"Sue & Zane's (1987) concept of ""gift giving"" refers to ensuring culturally diverse clients receive tangible early-session benefits — such as normalization, reassurance, hope, coping skills, and goal-setting — to foster engagement and reduce premature termination.",SOCU
D5-Ch11,Culturally Responsive Practice: Therapeutic Adaptations and Client Preferences,2,191,AP-D5-CLI-191,D5-CLI-191-75d0811c,True,"Boyd-Franklin (2003): ""Boyd-Franklin's multisystems model integrates multiple treatment levels (individual, family, extended family, community, institutional) to address the interconnected systems affecting African American family functioning.""
**[TEXTBOOK -- Boyd-Franklin, N. (2003). Black Families in Therapy: Understanding the African American Experience (2nd ed.). New York: Guilford Press. PDF on LaCie (DOI 10.1037/a0021025) contained wrong article (Honomichl & Chen, 2011, about dimensional card sort task). Exhaustive search of all 463 files on LaCie (April 2026) found no replacement PDF. Content describes the multisystems model for African American family therapy. RETAINED -- textbook source, no journal replacement available on LaCie.]**","The multisystems model developed by Boyd-Franklin combines components of the treatment process with levels at which the therapist can provide treatment, specifically for African American families.",Cross-Cultural Issues - Terms and Concepts,Apply/Analyze,3,"Boyd-Franklin's multisystems model integrates multiple treatment levels — individual, family, extended family, community, and institutional — to address the interconnected systems affecting African American family functioning.",SOCU
D5-Ch11,Culturally Responsive Practice: Therapeutic Adaptations and Client Preferences,3,23-2,AP-D5-CLI-23-2,D5-CLI-23-2-3d29dc63,True,"Draguns (1975): ""Autoplastic interventions aim to modify the individual's internal responses so they can better adapt to environmental demands (contrasted with alloplastic interventions, which aim to change the environment).""
**[BOOK CHAPTER -- Draguns, J. G. (1975). Resocialization into culture: The complexities of taking a worldwide view of psychotherapy. In R. W. Brislin et al. (Eds.), Cross-Cultural Perspectives on Learning. New York: Wiley/Halsted. PDF on LaCie (DOI 10.1111/j.1468-2850.2007.00064.x) contained wrong article (Bellack, 2007, about comorbidity in serious mental illness). Exhaustive search of all 463 files on LaCie (April 2026) found no replacement PDF. Content defines the autoplastic/alloplastic distinction in cross-cultural counseling. RETAINED -- book chapter source, no journal replacement available on LaCie.]**",Autoplastic interventions are designed to change the individual so he or she can better adapt to the demands of the environment.,Cross-Cultural Issues - Terms and Concepts,Apply/Analyze,3,"Autoplastic interventions aim to modify the individual's internal responses to help them adapt to environmental demands, in contrast to alloplastic interventions, which aim to change the environment itself.",SOCU
D5-Ch11,Culturally Responsive Practice: Therapeutic Adaptations and Client Preferences,4,26-2,AP-D5-CLI-26-2,D5-CLI-26-2-cea6be63,True,"Sue, Zane, Nagayama Hall, & Berger (2009): ""Culturally adapted interventions provide incremental benefit to therapeutic outcomes, with stronger evidence of benefit for adult populations than for child and adolescent populations.""
**[JOURNAL -- Annual Review of Psychology, 60, 525-548. Verified on PubMed (PMID: 18729724). Content verified. CORRECT.]**","Based on their review of the literature, S. Sue, N. Zane, G. C. Nagayama Hall, and L. K. Berger conclude that the preponderance of evidence shows that culturally adapted interventions provide benefit to intervention outcomes, but this added value is more apparent in the research on adults than on children and youths.",Cross-Cultural Issues - Terms and Concepts,Apply/Analyze,3,"Sue and colleagues' review found culturally adapted interventions improve therapeutic outcomes, but the evidence for this benefit is stronger for adults than for children and adolescents.",SOCU
D5-Ch11,Culturally Responsive Practice: Therapeutic Adaptations and Client Preferences,5,017,AP-D5-CLI-017,D5-CLI-017-a3d5bc92,True,"Sue & Sue (2016) / Thompson, Bazile, & Akbar (2004): Research suggests that African American therapy clients are most likely to prefer an egalitarian, problem-focused, and time-limited approach to therapy. This preference reflects cultural values emphasizing directness, practical outcomes, and collaborative (rather than hierarchically structured) therapeutic relationships.","African American therapy clients are most likely to prefer an egalitarian, problem-focused, time-limited approach.",Cross-Cultural Issues - Terms and Concepts,Apply/Analyze,3,"African American therapy clients are most likely to prefer an egalitarian, problem-focused, and time-limited therapeutic approach reflecting cultural values of directness, practical outcomes, and collaborative relationships.",SOCU
D5-Ch11,Culturally Responsive Practice: Therapeutic Adaptations and Client Preferences,6,189,AP-D5-CLI-189,D5-CLI-189-93c139d3,True,"Ridley (1984) / Whaley (2001): Charles Ridley classified a Black therapy client who is willing to self-disclose to a Black therapist but unwilling to self-disclose to a White therapist as a ""healthy cultural paranoiac."" This differential self-disclosure pattern reflects a culturally appropriate response to historical and ongoing racism rather than psychopathology. Whaley notes that ""healthy cultural paranoia is both a reaction to interracial encounters in mental health situations and the cause of the misdiagnosis of schizophrenia in African Americans.""",Charles Ridley (2005) classified a Black therapy client who is willing to self-disclose to a Black therapist but unwilling to self-disclose to a White therapist as a healthy cultural paranoiac.,Cross-Cultural Issues - Terms and Concepts,Apply/Analyze,3,"Ridley classified a Black client who self-discloses to a Black therapist but not a White therapist as a ""healthy cultural paranoiac,"" reflecting a culturally appropriate response to racism that Whaley links to misdiagnosis of schizophrenia in African Americans.",SOCU
D5-Ch11,Culturally Responsive Practice: Therapeutic Adaptations and Client Preferences,7,005,AP-D5-CLI-005,D5-CLI-005-45e344ce,True,"Ridley (1984): ""Healthy cultural paranoia describes a Black client's adaptive mistrust of White therapists and institutions, reflecting a realistic appraisal of historical and ongoing racism rather than psychopathology. A Black client who withholds personal information from a White therapist may be exhibiting a culturally appropriate self-protective response."" Context: Ridley distinguished healthy cultural paranoia from pathological paranoia, arguing that clinicians must recognize that cultural mistrust in interracial therapy dyads is a rational response to racism rather than a symptom of mental illness.","Ridley's concept of ""healthy cultural paranoia"" is useful for understanding why a Black therapy client may resist disclosing personal information to a White therapist.",Cross-Cultural Issues - Terms and Concepts,Apply/Analyze,3,"Ridley's healthy cultural paranoia describes Black clients' adaptive, reality-based mistrust of White therapists as a culturally appropriate self-protective response to racism rather than psychopathology.",SOCU
D5-Ch11,Culturally Responsive Practice: Therapeutic Adaptations and Client Preferences,8,26-3,AP-D5-CLI-26-3,D5-CLI-26-3-0211388c,True,"Ridley (2005) / Sue & Sue (2016): When an African American client of a White therapist is unwilling to disclose personal information due to cultural paranoia -- defined as ""a minority group member's healthy reaction to racism"" -- the therapist should discuss the meaning of the client's paranoia with them. Acknowledging and exploring the client's mistrust as a culturally appropriate response, rather than pathologizing it, is therapeutically indicated.","When an African American client of a White therapist is unwilling to disclose personal information due to cultural paranoia, which refers to ""a minority group member's healthy reaction to racism,"" the therapist should discuss the meaning of the client's paranoia with them.",Cross-Cultural Issues - Terms and Concepts,Apply/Analyze,3,When an African American client's reluctance to disclose reflects cultural paranoia—a healthy reaction to racism—the therapist should explore and acknowledge the mistrust rather than pathologize it.,SOCU
D5-Ch11,Culturally Responsive Practice: Therapeutic Adaptations and Client Preferences,9,27,AP-D5-CLI-27,D5-CLI-27-93c6d36e,True,"Cross (2001): ""In the pre-encounter stage of Cross's Black racial identity model, racial group membership holds minimal personal significance, and the individual typically favors a majority-culture therapist.""
**[TEXTBOOK/BOOK CHAPTER -- Cross, W. E., Jr. (2001). Encounter stage of Black racial identity. Original source is a book chapter in Ponterotto et al. (Eds.), Handbook of Multicultural Counseling. PDF on LaCie (DOI 10.1037/a0027407) contained wrong article (Carter & Gilovich, 2012). Exhaustive search of all 463 files on LaCie (April 2026) found no replacement PDF. Content is consistent with Cross's (1971, 1991) nigrescence model as described in verified Ponterotto & Park-Taylor (2007) entries above. RETAINED -- textbook source, no journal replacement available on LaCie.]**",Clients in the pre-encounter stage of Cross's (2001) model of Black racial identity development have low racial identity salience and ordinarily prefer a White therapist.,Cross-Cultural Issues - Terms and Concepts,Apply/Analyze,3,"In Cross's nigrescence model, individuals in the pre-encounter stage assign minimal personal significance to racial group membership and typically prefer a majority-culture therapist.",SOCU
D5-Ch12,"Identity in Development: Cross, Helms, Atkinson, and Racial Identity Models",1,018,AP-D5-CLI-018,D5-CLI-018-f5ab4a71,True,"Cross (1971) / Atkinson, Morten, & Sue (1998): The initial stage of most racial/ethnic identity development models is characterized by disinterest in or rejection of one's own racial/ethnic identity. In Cross's model, this is the pre-encounter stage, where the individual holds pro-White/majority culture attitudes and places little emphasis on racial identity. In the Atkinson, Morten, and Sue model, this corresponds to the conformity stage.",The initial stage of most racial/ethnic identity development models is characterized by disinterest in or rejection of one's own racial/ethnic identity.,Cross-Cultural Issues - Identity Development Models,Analyze,3,"The initial stage of most racial/ethnic identity development models is characterized by disinterest in or rejection of one's own racial/ethnic identity, corresponding to Cross's pre-encounter stage and Atkinson, Morten, and Sue's conformity stage.",SOCU
D5-Ch12,"Identity in Development: Cross, Helms, Atkinson, and Racial Identity Models",2,113,AP-D5-CLI-113,D5-CLI-113-c82f1d70,True,"Cross (1971) / Atkinson, Morten, & Sue (1998): The first stages of Atkinson, Morten, and Sue's Racial/Cultural Identity Development Model (conformity) and Cross's Black Racial Identity Development Model (pre-encounter) are both characterized by positive attitudes toward White (majority) culture and negative attitudes toward Black (minority) culture. Individuals in these stages tend to idealize the dominant culture while devaluing their own racial or ethnic group.","The first stages of Atkinson, Morten, and Sue's Racial/Cultural Identity Development Model and Cross's Black Racial Identity Development Model are characterized by positive attitudes toward White (majority) culture and negative attitudes toward Black (minority) culture.",Cross-Cultural Issues - Identity Development Models,Analyze,3,"The conformity stage of Atkinson, Morten, and Sue's model and the pre-encounter stage of Cross's Black Racial Identity model are both characterized by positive attitudes toward White majority culture and negative attitudes toward one's own minority culture.",SOCU
D5-Ch12,"Identity in Development: Cross, Helms, Atkinson, and Racial Identity Models",3,221,AP-D5-CLI-221,D5-CLI-221-b7bca076,True,"Atkinson, Morten, & Sue (1998): ""In the conformity stage of the Racial/Cultural Identity Development (R/CID) model, minority group members hold negative attitudes toward their own minority group and other minority groups while maintaining positive attitudes toward the dominant (White) group. Individuals in this stage prefer a therapist from the dominant culture."" Context: The conformity stage represents the earliest phase of racial/cultural identity development, in which the individual has internalized the dominant culture's values and devalues their own group, paralleling the pre-encounter stage in Cross's model of Black racial identity development.","Minority group members in the conformity stage of Atkinson, Morten, and Sue's racial/cultural identity development model have negative attitudes toward their own minority group and other minority groups and positive attitudes toward Whites (the dominant group), and they prefer a White therapist.",Cross-Cultural Issues - Identity Development Models,Analyze,3,"In the conformity stage of Atkinson, Morten, & Sue's R/CID model, minority group members hold negative attitudes toward their own and other minority groups, positive attitudes toward the dominant White group, and prefer a therapist from the dominant culture.",SOCU
D5-Ch12,"Identity in Development: Cross, Helms, Atkinson, and Racial Identity Models",4,28-3,AP-D5-CLI-28-3,D5-CLI-28-3-814403d6,True,"Atkinson, Morten, & Sue (1998): ""In the dissonance stage of the Racial/Cultural Identity Development (R/CID) model, individuals experience conflict between the attitudes and beliefs they held in the conformity stage and new experiences that challenge those views. They begin questioning their previously held positive attitudes toward the dominant group and negative attitudes toward their own minority group."" Context: The dissonance stage is triggered by encounters with racism or cultural experiences that contradict the individual's previously internalized dominant-culture perspective, creating cognitive and emotional conflict that propels identity exploration.","According to Atkinson, Morten, and Sue's (1998) racial/cultural identity development (R/CID) model, people belonging to a racial/cultural minority group who are questioning their attitudes toward their own minority group and the majority group are in the dissonance stage of identity development.",Cross-Cultural Issues - Identity Development Models,Analyze,3,"In Atkinson, Morten, and Sue's R/CID model, the dissonance stage involves conflict between previously held conformity-stage attitudes and new experiences that challenge positive views of the dominant group and negative views of one's own minority group.",SOCU
D5-Ch12,"Identity in Development: Cross, Helms, Atkinson, and Racial Identity Models",5,220,AP-D5-CLI-220,D5-CLI-220-cdca0f07,True,"Atkinson, Morten, & Sue (2003): The integrative awareness stage is the final stage of the Racial/Cultural Identity Development Model. In this stage, the individual adopts a multicultural perspective, recognizing that there are positive and negative aspects of all cultures -- including their own and the dominant culture. The person develops a secure sense of racial/cultural identity while appreciating cultural diversity and working to eliminate all forms of oppression.","The adoption of a multicultural perspective is characteristic of the integrative awareness stage of Atkinson, Morten, and Sue's (2003) racial/cultural identity development model, which involves recognizing that there are positive and negative aspects of all cultures.",Cross-Cultural Issues - Identity Development Models,Analyze,3,"The integrative awareness stage, the final stage of Atkinson, Morten, & Sue's R/CID model, is characterized by adoption of a multicultural perspective that recognizes positive and negative aspects of all cultures while maintaining a secure racial/cultural identity.",SOCU
D5-Ch12,"Identity in Development: Cross, Helms, Atkinson, and Racial Identity Models",6,27,AP-D5-CLI-27,D5-CLI-27-41213796,True,"Helms (1990): ""In the contact stage of Helms's White Racial Identity Development model, the individual has little awareness of racism, White privilege, or the significance of race in social interactions. People in this stage are generally satisfied with the racial status quo and may hold a 'colorblind' perspective that minimizes racial differences."" Context: The contact stage is the initial phase of White racial identity development, preceding the disintegration stage in which awareness of racial inequity begins to emerge and creates psychological discomfort.","According to Helms's White racial identity development model, people in the initial contact stage have little awareness of racial or cultural issues.",Cross-Cultural Issues - Identity Development Models,Analyze,3,"In Helms's White Racial Identity Development model, the initial contact stage is characterized by little awareness of racism, White privilege, or racial significance, often reflected in a colorblind perspective.",SOCU
D5-Ch12,"Identity in Development: Cross, Helms, Atkinson, and Racial Identity Models",7,223,AP-D5-CLI-223,D5-CLI-223-14bba87c,True,"Helms (1984/1995): In Helms's reintegration stage of White identity development, a White adult recognizes their own racist views and justifies them by adopting beliefs that support White superiority and minority inferiority. This stage often follows the anxiety and guilt of the disintegration stage, with the individual resolving those uncomfortable feelings by retreating into a stance of White racial superiority.",A White adult in Helms's reintegration stage of White identity development recognizes their own racist views and justifies them by adopting beliefs that support White superiority and minority inferiority.,Cross-Cultural Issues - Identity Development Models,Analyze,3,"In Helms's reintegration stage of White identity development, a White adult acknowledges their racist views and resolves prior disintegration-stage guilt by retreating into beliefs supporting White superiority and minority inferiority.",SOCU
D5-Ch12,"Identity in Development: Cross, Helms, Atkinson, and Racial Identity Models",8,154,AP-D5-CLI-154,D5-CLI-154-4334e6da,True,"Helms (1984/1995): In Helms's White Racial Identity Development Model, people in the contact stage have a lack of awareness of racism and White privilege and are generally satisfied with the racial status quo. They may hold naive curiosity about or superficial interest in other racial groups but have not examined the meaning of their own Whiteness or the systemic nature of racial inequality.","According to Helms's White Racial Identity Development Model, people in the contact stage have a lack of awareness of racism and White privilege and are satisfied with the racial status quo.",Cross-Cultural Issues - Identity Development Models,Analyze,3,"In Helms's White Racial Identity Development Model, the contact stage is characterized by lack of awareness of racism and White privilege, superficial curiosity about other groups, and general satisfaction with the racial status quo.",SOCU
D5-Ch12,"Identity in Development: Cross, Helms, Atkinson, and Racial Identity Models",9,28-1,AP-D5-CLI-28-1,D5-CLI-28-1-d530175f,True,"Ponterotto & Park-Taylor (2007): White racial identity development includes stages of Contact, Disintegration, Reintegration, Pseudo-Independence, Immersion-Emersion, and Autonomy. A White therapist in the final Autonomy stage has developed non-racist attitudes and a stable White identity that is not rooted in privilege, and is likely to be more effective when working with clients from racial or ethnic minority groups due to their advanced racial consciousness and cultural sensitivity.","A White therapist in the final ""autonomy"" stage of Helms's model of White racial identity development has non-racist attitudes and a stable White identity not rooted in privilege, and is likely to be more effective when working with clients from racial or ethnic minority groups.",Cross-Cultural Issues - Identity Development Models,Analyze,3,"A White therapist in Helms's final autonomy stage has developed non-racist attitudes and a stable White identity not rooted in privilege, making them more effective with racial and ethnic minority clients.",SOCU
D5-Ch12,"Identity in Development: Cross, Helms, Atkinson, and Racial Identity Models",10,28-2,AP-D5-CLI-28-2,D5-CLI-28-2-166cc98a,True,"Troiden (1989): ""Troiden's model of homosexual identity formation proceeds through four stages: sensitization, identity confusion, identity assumption, and commitment.""
**[JOURNAL -- Journal of Homosexuality, 17(1-2), 43-73. Verified on PubMed (PMID: 2668403). Content verified. CORRECT.]**","Troiden's homosexual identity development model consists of four stages: sensitization, identity confusion, identity assumption, and commitment.",Cross-Cultural Issues - Identity Development Models,Analyze,3,"Troiden's model of homosexual identity formation consists of four sequential stages: sensitization, identity confusion, identity assumption, and commitment.",SOCU
D5-Ch13,"Becoming Multicultural: Sue's Framework, Competence, and Integration",1,124,AP-D5-CLI-124,D5-CLI-124-55eb7517,True,"Sellers, Smith, Shelton, Rowley, & Chavous (1998): ""In the Multidimensional Model of Racial Identity (MMRI), racial salience -- the extent to which race is a relevant part of one's self-concept at a particular moment -- is influenced by both the individual's level of racial centrality and the characteristics of the current situation."" Context: Unlike racial centrality (which is relatively stable across contexts), racial salience is dynamic and context-dependent, fluctuating based on situational cues such as being in a racially homogeneous versus diverse setting.",Racial salience is affected by the current situation and racial centrality in Seller et al.'s (1998) multidimensional model of racial identity.,Cross-Cultural Issues - Identity Development Models,Analyze/Evaluate,3-4,"In Sellers et al.'s MMRI, racial salience is dynamic and context-dependent, influenced by both the situation and the individual's relatively stable level of racial centrality.",SOCU
D5-Ch13,"Becoming Multicultural: Sue's Framework, Competence, and Integration",1,048,AP-D5-SOC-048,D5-SOC-048-d68ad959,True,"Sherif & Hovland (1961): ""Social judgment theory predicts that high ego-involvement with a position narrows the latitudes of acceptance and noncommitment while widening the latitude of rejection, making persuasion more difficult.""
**[TEXTBOOK -- Sherif, M., & Hovland, C. I. (1961). Social Judgment: Assimilation and Contrast Effects in Communication and Attitude Change. New Haven: Yale University Press. PDF on LaCie (DOI 10.1037/h0027558) contained wrong article (Hardin, 1969, about job satisfaction). Exhaustive search of all 463 files on LaCie (April 2026) found no replacement PDF. Content is the foundational social judgment theory text. RETAINED -- textbook source, no journal replacement available on LaCie.]**","The more ego-involved a person is with one side of the issue addressed by a persuasive message, the smaller his/her latitudes of acceptance and non-commitment and the larger his/her latitude of rejection, according to social judgment theory.",Attitudes and Attitude Change,Analyze/Evaluate,3-4,"Social judgment theory (Sherif & Hovland) predicts that high ego-involvement narrows the latitudes of acceptance and noncommitment while widening the latitude of rejection, making persuasion more difficult.",SOCU
D5-Ch13,"Becoming Multicultural: Sue's Framework, Competence, and Integration",1,010,AP-D5-SOC-010,D5-SOC-010-b974d13a,True,"Zillmann (1971): Excitation transfer occurs when residual physiological arousal from one stimulus is misattributed to a subsequent stimulus, intensifying the emotional response to the second event. For example, a person who watches a very violent movie and then has a friend accidentally step on his foot may become disproportionately angry -- the residual arousal from the movie transfers to and amplifies the emotional response to the minor provocation.","Excitation transfer occurs when the arousal caused by one stimulus is added to the arousal from a second stimulus and the combined arousal is attributed (erroneously) to the second stimulus, which explains Tom's behavior of becoming very angry and yelling at and shoving his friend after watching a very violent movie and his skinny friend accidentally stepping on his foot.",Prosocial Behavior and Prejudice/Discrimination,Analyze/Evaluate,3-4,"Zillmann's excitation transfer occurs when residual physiological arousal from one stimulus is misattributed to a subsequent stimulus, amplifying the emotional response to the second event.",SOCU
D5-Ch13,"Becoming Multicultural: Sue's Framework, Competence, and Integration",2,05,AP-D5-CLI-05,D5-CLI-05-5c5eeec0,True,"Sellers, Smith, Shelton, Rowley, & Chavous (1998): ""The MMRI identifies four dimensions of African American identity: racial salience, racial centrality, racial regard, and racial ideology. Racial disparity is not a dimension.""
**[JOURNAL -- Personality and Social Psychology Review, 2(1), 18-39. Verified on PubMed (PMID: 15647149). Content verified: four dimensions are salience, centrality, regard, and ideology. CORRECT.]**","The multidimensional model of racial identity (MMRI) developed by Sellers and colleagues (1998) distinguishes between four dimensions of African American identity, excluding racial disparity.",Cross-Cultural Issues - Identity Development Models,Analyze/Evaluate,3-4,"Sellers et al.'s Multidimensional Model of Racial Identity (MMRI) identifies four dimensions of African American identity — racial salience, centrality, regard, and ideology — with racial disparity not among them.",SOCU
D5-Ch13,"Becoming Multicultural: Sue's Framework, Competence, and Integration",2,05-3,AP-D5-SOC-05-3,D5-SOC-05-3-d89a8104,True,"Sherif & Hovland (1961): ""In social judgment theory, the 'internal anchor' is the individual's pre-existing attitude on an issue, which serves as the reference point against which incoming persuasive messages are evaluated.""
**[TEXTBOOK -- Sherif, M., & Hovland, C. I. (1961). Social Judgment. Same source as Entry 44. PDF mismatch confirmed; exhaustive LaCie search (April 2026) found no replacement PDF. RETAINED -- textbook source, no journal replacement available on LaCie.]**","According to Sherif and Hovland's (1961) social judgment theory, an ""internal anchor"" is a person's attitude toward an issue prior to hearing a persuasive message about that issue.",Attitudes and Attitude Change,Analyze/Evaluate,3-4,"In social judgment theory (Sherif & Hovland), the internal anchor is a person's pre-existing attitude on an issue, serving as the reference point against which persuasive messages are evaluated.",SOCU
D5-Ch13,"Becoming Multicultural: Sue's Framework, Competence, and Integration",3,212,AP-D5-CLI-212,D5-CLI-212-ee7d8bbe,True,"Sellers, Smith, Shelton, Rowley, & Chavous (1998): ""Racial salience -- the degree to which racial identity is relevant in a given moment -- is the MMRI dimension most responsive to immediate situational context.""
**[JOURNAL -- same as above. Content verified: salience is the situationally dynamic dimension. CORRECT.]**",The dimension of the Multidimensional Model of Racial Identity (MMRI) that is most affected by the nature of the individual's current situation is racial salience.,Cross-Cultural Issues - Identity Development Models,Analyze/Evaluate,3-4,"In the Multidimensional Model of Racial Identity (MMRI), racial salience — the degree to which race is relevant in a given moment — is the dimension most responsive to immediate situational context.",SOCU
D5-Ch13,"Becoming Multicultural: Sue's Framework, Competence, and Integration",3,05-2,AP-D5-SOC-05-2,D5-SOC-05-2-469561be,True,"Gibbons, Gerrard, Blanton, & Russell (1998): ""The prototype/willingness model predicts that adult smokers are more likely to successfully quit smoking when they hold a negative image (prototype) of the 'typical smoker.' A negative smoker prototype reduces willingness to engage in smoking behavior, thereby facilitating cessation."" Context: The prototype/willingness model proposes that health-risk behaviors are influenced not only by rational decision-making but also by social images associated with the behavior, with negative prototypes serving as a deterrent.","Adult smokers are more likely to successfully quit smoking when they have a negative image of the ""typical"" smoker, as predicted by the prototype/willingness model.",Attitudes and Attitude Change,Analyze/Evaluate,3-4,"The prototype/willingness model predicts that adult smokers holding a negative image of the typical smoker are more likely to successfully quit, as negative prototypes reduce willingness to engage in the behavior.",SOCU
D5-Ch13,"Becoming Multicultural: Sue's Framework, Competence, and Integration",4,059,AP-D5-SOC-059,D5-SOC-059-1524c994,True,"Lepper, Greene, & Nisbett (1973): ""The overjustification effect occurs when providing external rewards for engaging in an intrinsically motivating activity reduces the individual's subsequent intrinsic motivation to perform that activity. Once the external reward is removed, the person is less likely to engage in the behavior than they were before the reward was introduced."" Context: Self-perception theory explains this effect: when people receive salient external rewards, they re-attribute their motivation from internal interest to external reinforcement, undermining their sense of intrinsic enjoyment.",The overjustification effect occurs when obtaining external rewards for engaging in a behavior reduces intrinsic motivation to perform that behavior.,Attitudes and Attitude Change,Analyze/Evaluate,3-4,"The overjustification effect (Lepper, Greene, & Nisbett, 1973) occurs when salient external rewards for an intrinsically motivating activity lead individuals to re-attribute their motivation externally, reducing intrinsic interest after the reward is removed.",SOCU
D5-Ch13,"Becoming Multicultural: Sue's Framework, Competence, and Integration",5,132,AP-D5-SOC-132,D5-SOC-132-b3f70a6a,True,"Lepper, Greene, & Nisbett (1973): The overjustification effect occurs when providing extrinsic rewards for an intrinsically motivated activity causes the individual to reattribute their motivation to external factors, thereby reducing intrinsic motivation. The overjustification effect provides key evidence for Bem's self-perception theory, which proposes that people infer their attitudes and motivations by observing their own behavior and its context.","Evidence for self-perception theory is provided by studies confirming the overjustification effect, which predicts that, when people are externally reinforced for engaging in an intrinsically rewarding behavior, they'll think they are performing the behavior because of the external rewards, which will cause their intrinsic motivation to decline.",Attitudes and Attitude Change,Analyze/Evaluate,3-4,"The overjustification effect (Lepper et al., 1973) supports Bem's self-perception theory: extrinsic rewards for intrinsically motivated activities cause people to reattribute their motivation to external factors, reducing intrinsic motivation.",SOCU
D5-Ch13,"Becoming Multicultural: Sue's Framework, Competence, and Integration",6,07-2,AP-D5-SOC-07-2,D5-SOC-07-2-00f0c63a,True,"Heider (1946): ""Balance theory predicts that when a person (P) likes another person (O) but dislikes an attitude object (X) that O likes, or vice versa, the resulting imbalanced state creates psychological tension that motivates P to restore balance. For example, if Martina likes Julian but dislikes the car Julian purchased, she will likely resolve the imbalance by either deciding she likes the car or deciding she no longer likes Julian."" Context: Heider proposed that balanced states (where the product of the three relationship signs is positive) are psychologically comfortable, while imbalanced states create pressure toward cognitive reorganization.",Martina will likely decide either that she likes Julian or doesn't like the car that Julian bought to establish balance according to balance theory.,Attitudes and Attitude Change,Analyze/Evaluate,3-4,"Heider's (1946) balance theory predicts that when Person P likes Person O but dislikes an object O endorses, the imbalanced triad creates psychological tension motivating P to restore balance by changing attitudes toward either O or the object.",SOCU
D6-Ch01,"The Landscape of Work: Organizational Theories, Career Models, and How People Choose Their Paths",1,15-1,AP-D6-ORG-15-1,D6-ORG-15-1-63973184,True,"McGregor (1960): ""Theory Y posits that employees are intrinsically motivated, capable of self-direction and self-control, and will seek responsibility under supportive conditions.""
   - NO PDF ON FILE: McGregor (1960) is a book (The Human Side of Enterprise). No replacement PDF found on /Volumes/LaCie/.","According to McGregor's Theory Y, managers with an optimistic view of employees see them as being capable of self-direction and self-control.",Organizational Theories,Remember/Understand,1-2,"McGregor's Theory Y posits that employees are intrinsically motivated, capable of self-direction and self-control, and will seek responsibility under supportive conditions.",WDEV
D6-Ch01,"The Landscape of Work: Organizational Theories, Career Models, and How People Choose Their Paths",1,12-1,AP-D6-ORG-12-1,D6-ORG-12-1-0118564e,True,"Holland (1997): Holland's RIASEC hexagonal model arranges six personality/environment types (Realistic, Investigative, Artistic, Social, Enterprising, Conventional) so that adjacent types are most similar and opposite types are most dissimilar. The Realistic type is most similar to the Investigative and Conventional types (its adjacent neighbors on the hexagon) and most dissimilar to the Social type (its opposite on the hexagon).",Holland's theory depicts the realistic personality type as most similar to the investigative and conventional types and most dissimilar to the social type.,Career Choice and Development,Remember/Understand,1-2,"In Holland's RIASEC hexagonal model, the Realistic type is most similar to the adjacent Investigative and Conventional types and most dissimilar to the opposite Social type.",WDEV
D6-Ch01,"The Landscape of Work: Organizational Theories, Career Models, and How People Choose Their Paths",2,13,AP-D6-ORG-13,D6-ORG-13-a5431386,True,"McGregor (1960): ""The self-fulfilling prophecy in management occurs when a supervisor's expectations about employee capability influence the supervisor's behavior in ways that cause the employee to perform consistently with those expectations -- the core prediction of Theory X versus Theory Y.""
   - NO PDF ON FILE: McGregor (1960) is a book (The Human Side of Enterprise). No replacement PDF found on /Volumes/LaCie/.",The self-fulfilling prophecy effect is most consistent with McGregor's predictions about Theory X and Theory Y managers.,Organizational Theories,Remember/Understand,1-2,McGregor's Theory X versus Theory Y predicts a self-fulfilling prophecy in which supervisors' expectations about employee capability influence their behavior in ways that cause employees to perform consistently with those expectations.,WDEV
D6-Ch01,"The Landscape of Work: Organizational Theories, Career Models, and How People Choose Their Paths",2,13-2,AP-D6-ORG-13-2,D6-ORG-13-2-555e3d3c,True,"Holland (1997): ""Differentiation refers to the degree to which a person's interests are clearly defined with respect to the six RIASEC personality types; a highly differentiated profile shows a sharp peak on one or two types, while an undifferentiated profile is relatively flat across all types."" Context: Greater differentiation indicates a more crystallized vocational identity and more predictable career-related behavior within Holland's framework.","Holland (1985) used the term ""differentiation"" to describe the extent to which a person's personality is clearly defined with regard to the six personality types.",Career Choice and Development,Remember/Understand,1-2,"In Holland's RIASEC framework, differentiation refers to the degree to which a person's interest profile shows a sharp peak on one or two types versus a flat, undifferentiated profile across all six types.",WDEV
D6-Ch01,"The Landscape of Work: Organizational Theories, Career Models, and How People Choose Their Paths",3,015,AP-D6-ORG-015,D6-ORG-015-a98f978e,True,"Holland (1997): ""Holland's Realistic type is characterized by preferences for working with objects, tools, machines, and animals, and an orientation toward concrete, practical activities.""",A person who obtains the highest score on the realistic scale of Holland's Self-Directed Search would most likely say he/she likes to work with tools and machinery.,Career Choice and Development,Remember/Understand,1-2,"Holland's Realistic type is characterized by preferences for working with objects, tools, machines, and animals, and an orientation toward concrete, practical activities.",WDEV
D6-Ch01,"The Landscape of Work: Organizational Theories, Career Models, and How People Choose Their Paths",4,122,AP-D6-ORG-122,D6-ORG-122-8bab2c67,True,"Super, Savickas, & Super (1996): ""An individual's self-concept serves as the primary determinant of occupational choice and career behavior across the lifespan.""","According to Super (Super, Savickas, & Super, 1996), a person's self-concept is the primary determinant of their occupational choice.",Career Choice and Development,Remember/Understand,1-2,"According to Super, an individual's self-concept is the primary determinant of occupational choice and career behavior across the lifespan.",WDEV
D6-Ch01,"The Landscape of Work: Organizational Theories, Career Models, and How People Choose Their Paths",5,11,AP-D6-ORG-11,D6-ORG-11-afa3ec59,True,"Super (1980): ""Super's life-span/life-space career theory holds that individuals select and adapt to occupations that permit expression and development of their self-concepts.""","According to Super's life-space/life-span career theory, people choose careers that reflect their self-concepts.",Career Choice and Development,Remember/Understand,1-2,Super's life-span/life-space career theory holds that individuals select and adapt to occupations that permit expression and development of their self-concepts.,WDEV
D6-Ch01,"The Landscape of Work: Organizational Theories, Career Models, and How People Choose Their Paths",6,138,AP-D6-ORG-138,D6-ORG-138-79e12ba9,True,"Super (1980): ""Super's life-career rainbow depicts how major life roles (child, student, worker, citizen, homemaker, leisurite) intersect with developmental life stages across the lifespan.""",Super's life-career rainbow depicts the relationship between life stages and major life roles.,Career Choice and Development,Remember/Understand,1-2,"Super's life-career rainbow depicts how major life roles (child, student, worker, citizen, homemaker, leisurite) intersect across developmental life stages throughout the lifespan.",WDEV
D6-Ch02,"Navigating Career Paths: Super, Dawis, and the Frameworks That Explain Career Decisions",1,12-3,AP-D6-ORG-12-3,D6-ORG-12-3-418dcc0b,True,"Super (1980): ""According to Donald Super, a career is 'the combination and sequence of roles played by a person during the course of a lifetime,' encompassing roles such as child, student, worker, citizen, homemaker, and leisurite across the life span."" Context: Super's definition broadened the concept of career beyond occupation to include all major life roles, as depicted in his life-career rainbow.","According to Donald Super, a career is ""the combination and sequence of roles played by a person during the course of a lifetime.""",Career Choice and Development,Understand,2,"Super defined a career as the combination and sequence of roles played by a person during the course of a lifetime, encompassing all major life roles across the life span.",WDEV
D6-Ch02,"Navigating Career Paths: Super, Dawis, and the Frameworks That Explain Career Decisions",2,108,AP-D6-ORG-108,D6-ORG-108-c7118163,True,"Dawis & Lofquist (1984): ""The theory of work adjustment (TWA) is a person-environment fit model that emphasizes the correspondence between a worker's needs and abilities and the reinforcers and requirements of the work environment, predicting that greater correspondence leads to greater satisfaction, satisfactoriness, and tenure."" Context: TWA is one of the earliest and most influential P-E fit theories, proposing that both the individual and the environment must meet each other's requirements for a satisfactory work relationship to persist.",Dawis and Lofquist's (1984) theory of work adjustment is a person-environment fit theory that emphasizes the importance of the match between a person's characteristics and the characteristics of the job.,Career Choice and Development,Understand,2,"Dawis and Lofquist's theory of work adjustment (TWA) predicts that greater correspondence between a worker's needs and abilities and the job's reinforcers and requirements leads to greater satisfaction, satisfactoriness, and tenure.",WDEV
D6-Ch02,"Navigating Career Paths: Super, Dawis, and the Frameworks That Explain Career Decisions",3,133,AP-D6-ORG-133,D6-ORG-133-3e1eacde,True,"Eggerth (2008): ""Correspondence is the match between worker needs and work environment reinforcers and may be used to predict job satisfaction. The match between worker abilities and the behavioral requirement of a job predicts satisfactoriness. Given mutual satisfaction, tenure is predicted. If either is dissatisfied, tenure is not predicted.""",Dawis and Lofquist's theory of work adjustment identifies tenure as the primary indicator of work adjustment and proposes that it's affected by two factors - satisfaction and satisfactoriness.,Career Choice and Development,Understand,2,"In Dawis and Lofquist's theory of work adjustment, tenure is predicted when both satisfaction (worker's evaluation of job reinforcers) and satisfactoriness (employer's evaluation of worker abilities) are achieved simultaneously.",WDEV
D6-Ch02,"Navigating Career Paths: Super, Dawis, and the Frameworks That Explain Career Decisions",4,13-1,AP-D6-ORG-13-1,D6-ORG-13-1-23b44903,True,"Dawis & Lofquist (1984) / Eggerth (2008): According to the theory of work adjustment (TWA), satisfactoriness is determined by the correspondence between the worker's skills and the skill requirements of the job -- that is, how well the individual's abilities meet the demands of the work environment. ""TWA views work as an interactive and reciprocal process between the individual and the work environment."" Satisfactoriness reflects the employer's evaluation of the worker, as distinct from satisfaction, which reflects the worker's evaluation of the job.","According to Dawis and Lofquist's theory of work adjustment, satisfactoriness is determined by the correspondence between the worker's skills and the skill requirements of the job.",Career Choice and Development,Understand,2,"In Dawis and Lofquist's theory of work adjustment, satisfactoriness reflects the employer's evaluation of how well the worker's abilities meet job demands, distinct from satisfaction, which reflects the worker's evaluation of the job.",WDEV
D6-Ch02,"Navigating Career Paths: Super, Dawis, and the Frameworks That Explain Career Decisions",5,12-2,AP-D6-ORG-12-2,D6-ORG-12-2-53b3dc3b,True,"Dawis & Lofquist (1984): ""In the theory of work adjustment, a worker's job satisfaction is determined by the degree of correspondence between the worker's vocational needs (e.g., achievement, comfort, status) and the reinforcers provided by the work environment (e.g., compensation, working conditions, advancement opportunities)."" Context: Satisfaction represents one half of the TWA correspondence model; the other half, satisfactoriness, concerns the match between worker abilities and job skill requirements.","In Dawis and Lofquist's theory of work adjustment, a worker's job satisfaction is determined by the correspondence between the worker's needs and the reinforcers provided by the job.",Career Choice and Development,Understand,2,"In Dawis and Lofquist's theory of work adjustment, a worker's job satisfaction is determined by the degree of correspondence between the worker's vocational needs and the reinforcers provided by the work environment.",WDEV
D6-Ch02,"Navigating Career Paths: Super, Dawis, and the Frameworks That Explain Career Decisions",6,146,AP-D6-ORG-146,D6-ORG-146-be47c1cb,True,"Tiedeman & O'Hara (1963): ""Tiedeman's career decision-making model frames vocational identity as a continuous process linked to Erikson's ego identity stages, moving through anticipation (exploration, crystallization, choice, clarification) and implementation (induction, reformation, integration) phases.""",Tiedeman's career decision-making model views vocational identity development as an ongoing decision-making process that's linked to Erikson's stages of ego identity development.,Career Choice and Development,Understand,2,"Tiedeman's career decision-making model frames vocational identity development as an ongoing process linked to Erikson's ego identity stages, progressing through anticipation and implementation phases.",WDEV
D6-Ch02,"Navigating Career Paths: Super, Dawis, and the Frameworks That Explain Career Decisions",7,14-2,AP-D6-ORG-14-2,D6-ORG-14-2-4584a6d8,True,"Tiedeman & O'Hara (1963): ""Tiedeman's career decision-making model distinguishes between two broad phases: an anticipation phase consisting of exploration, crystallization, choice, and clarification substages, and an implementation phase consisting of induction, reformation, and integration substages."" Context: These phases describe how individuals progress from initial exploration of career options through actual entry into and adjustment within a chosen career.","Tiedeman's career decision-making model distinguishes between an anticipation phase (exploration, crystallization, choice, and clarification) and an implementation phase (induction, reformation, and integration).",Career Choice and Development,Understand,2,"Tiedeman's career decision-making model distinguishes an anticipation phase (exploration, crystallization, choice, clarification) from an implementation phase (induction, reformation, integration).",WDEV
D6-Ch02,"Navigating Career Paths: Super, Dawis, and the Frameworks That Explain Career Decisions",8,141,AP-D6-ORG-141,D6-ORG-141-02ad52a9,True,"Mitchell, Levin, & Krumboltz (1999): ""Planned happenstance theory may be considered as an amendment to the learning theory of career counseling (Krumboltz, 1996), which was an expansion of the social learning theory of career decision making (Krumboltz, 1979)."" Krumboltz's (1979) theory identifies four factors that influence career decision-making: (1) genetic endowment and special abilities, (2) environmental conditions and events, (3) learning experiences, and (4) task approach skills.","Krumboltz's (1979) social learning theory of career decision-making identifies four factors that influence decision-making: genetic endowment and special abilities, environmental conditions and events, learning experiences, and task approach skills.",Career Choice and Development,Understand,2,"Krumboltz's social learning theory of career decision-making identifies four influences: genetic endowment and special abilities, environmental conditions and events, learning experiences, and task approach skills.",WDEV
D6-Ch02,"Navigating Career Paths: Super, Dawis, and the Frameworks That Explain Career Decisions",9,14-1,AP-D6-ORG-14-1,D6-ORG-14-1-9b33e6f6,True,"Driver and Brousseau's career concept model distinguishes between four career concepts: linear, expert, spiral, and transitory.",,Career Choice and Development,Understand,2,"Driver and Brousseau's career concept model identifies four career concepts: linear, expert, spiral, and transitory.",WDEV
D6-Ch03,Defining the Work: Job Analysis Methods and the Foundations of Fair Compensation,1,17,AP-D6-ORG-17,D6-ORG-17-a56df881,True,"McCormick (1979): ""Job analysis methods fall into three categories: work-oriented (focusing on tasks and duties), worker-oriented (focusing on human attributes needed), or hybrid approaches combining both perspectives.""
   - NO PDF ON FILE: McCormick (1979) is a book (Job Analysis: Methods and Applications). No replacement PDF found on /Volumes/LaCie/.","Job analysis methods can be categorized as work-oriented, worker-oriented, or a combination of the two.",Job Analysis and Performance Assessment,Understand/Apply,2,"Job analysis methods are categorized as work-oriented (focusing on tasks and duties), worker-oriented (focusing on required human attributes), or hybrid approaches combining both.",WDEV
D6-Ch03,Defining the Work: Job Analysis Methods and the Foundations of Fair Compensation,2,01-2,AP-D6-ORG-01-2,D6-ORG-01-2-a931113a,True,"McCormick (1979): ""A worker-oriented job analysis identifies the knowledge, skills, abilities, and other characteristics (KSAOs) required for successful job performance, focusing on the human attributes needed rather than the specific tasks performed."" Context: Worker-oriented approaches contrast with work-oriented (task-based) methods and are particularly useful for developing selection procedures and training programs.","A worker-oriented job analysis is conducted to identify the knowledge, skills, abilities, and other characteristics required to perform a job successfully.",Job Analysis and Performance Assessment,Understand/Apply,2,"A worker-oriented job analysis identifies the KSAOs required for successful job performance, focusing on human attributes rather than specific tasks performed.",WDEV
D6-Ch03,Defining the Work: Job Analysis Methods and the Foundations of Fair Compensation,3,008,AP-D6-ORG-008,D6-ORG-008-5717f2f6,True,"McCormick, Jeanneret, & Mecham (1972): ""The Position Analysis Questionnaire (PAQ) is a worker-oriented, structured job analysis instrument that addresses six categories of work activity: information input, mental processes, work output, relationships with other persons, job context, and other job characteristics."" Context: The PAQ yields quantitative job profiles that enable comparison across diverse jobs, making it widely used in compensation, selection, and classification research.",The Position Analysis Questionnaire is a worker-oriented job analysis tool that addresses six categories of work activity.,Job Analysis and Performance Assessment,Understand/Apply,2,"The Position Analysis Questionnaire (PAQ) is a worker-oriented job analysis instrument assessing six categories: information input, mental processes, work output, relationships with others, job context, and other job characteristics.",WDEV
D6-Ch03,Defining the Work: Job Analysis Methods and the Foundations of Fair Compensation,4,01-3,AP-D6-ORG-01-3,D6-ORG-01-3-2df15291,True,"McCormick, Jeanneret, & Mecham (1972): ""The Position Analysis Questionnaire (PAQ) is a structured, standardized job analysis questionnaire that provides quantitative information enabling the comparison of worker activities across different jobs."" Context: Because the PAQ uses a common set of worker-oriented items, it allows direct comparison of job profiles for classification, compensation, and selection purposes.",The Position Analysis Questionnaire is a structured questionnaire that provides the information needed to compare worker activities for different jobs.,Job Analysis and Performance Assessment,Understand/Apply,2,"The Position Analysis Questionnaire (PAQ) is a structured, standardized worker-oriented job analysis tool that provides quantitative data enabling comparison of worker activities across different jobs.",WDEV
D6-Ch03,Defining the Work: Job Analysis Methods and the Foundations of Fair Compensation,5,01-1,AP-D6-ORG-01-1,D6-ORG-01-1-bf7fa402,True,"Shippmann et al. (2000): Competency modeling is similar to traditional job analysis but focuses specifically on the core competencies required to successfully perform all jobs or a subset of jobs within an organization. These competencies are linked to the organization's values, goals, and strategies. ""Competency modeling is compared and contrasted to job analysis using a conceptual framework reflected in a 10-dimension Level of Rigor Scale.""","Competency modeling is similar to job analysis but focuses on the core competencies that are required to successfully perform all jobs or a subset of jobs within an organization and are linked to the organization's values, goals, and strategies.",Job Analysis and Performance Assessment,Understand/Apply,2,"Competency modeling resembles traditional job analysis but focuses on core competencies required across all or a subset of organizational jobs, explicitly linked to organizational values, goals, and strategies.",WDEV
D6-Ch03,Defining the Work: Job Analysis Methods and the Foundations of Fair Compensation,6,001-1,AP-D6-ORG-001-1,D6-ORG-001-1-f870a1fc,True,"Cascio & Aguinis (2019): ""Developing a performance appraisal instrument begins with a job analysis that identifies the knowledge, skills, abilities, and other characteristics essential for successful job performance.""
   - NO PDF ON FILE: Cascio & Aguinis (2019) is a textbook (Applied Psychology in Human Resource Management, 8th ed.). No replacement PDF found on /Volumes/LaCie/.",The first step in developing a new performance appraisal measure is to conduct a job analysis to identify the knowledge and skills required to perform the job successfully.,Job Analysis and Performance Assessment,Understand/Apply,2,Developing a performance appraisal instrument begins with a job analysis identifying the KSAOs essential for successful job performance.,WDEV
D6-Ch03,Defining the Work: Job Analysis Methods and the Foundations of Fair Compensation,7,019,AP-D6-ORG-019,D6-ORG-019-5dcd0fb6,True,"Milkovich, Newman, & Gerhart (2014): ""Job evaluation is conducted to establish comparable worth -- the principle that different positions contributing equal organizational value should receive equivalent compensation.""
   - NO PDF ON FILE: Milkovich, Newman, & Gerhart (2014) is a textbook (Compensation, 11th ed.). No replacement PDF found on /Volumes/LaCie/.",An organizational psychologist would most likely be hired by a company to conduct a job evaluation for the purpose of establishing comparable worth.,Job Analysis and Performance Assessment,Understand/Apply,2,Job evaluation is conducted to establish comparable worth — the principle that jobs contributing equal organizational value should receive equivalent compensation.,WDEV
D6-Ch03,Defining the Work: Job Analysis Methods and the Foundations of Fair Compensation,8,02-2,AP-D6-ORG-02-2,D6-ORG-02-2-a7d266cc,True,"Milkovich, Newman, & Gerhart (2014): ""Job evaluation is a systematic process for determining the relative worth of jobs within an organization by assigning points to compensable factors -- such as skill, effort, responsibility, and working conditions -- to establish an equitable pay structure."" Context: The point method is the most widely used job evaluation technique and provides a quantitative basis for setting compensation levels.",Job evaluation involves assigning points to a job's compensable factors to determine its monetary value.,Job Analysis and Performance Assessment,Understand/Apply,2,"The point method of job evaluation assigns points to compensable factors such as skill, effort, responsibility, and working conditions to establish an equitable pay structure and is the most widely used job evaluation technique.",WDEV
D6-Ch03,Defining the Work: Job Analysis Methods and the Foundations of Fair Compensation,9,02-3,AP-D6-ORG-02-3,D6-ORG-02-3-8b89ab3e,True,"Milkovich, Newman, & Gerhart (2014): ""Comparable worth procedures use job evaluation to establish pay equivalencies across different jobs that are performed predominantly by men or women, ensuring that positions of equal organizational value receive equivalent compensation regardless of the gender composition of the workforce."" Context: Comparable worth addresses gender-based pay inequity by comparing the compensable factors of male-dominated and female-dominated occupations.",Comparable worth procedures are useful for establishing pay equivalencies for different jobs performed primarily by men or women.,Job Analysis and Performance Assessment,Understand/Apply,2,"Comparable worth procedures use job evaluation to establish pay equivalencies across male-dominated and female-dominated jobs of equal organizational value, addressing gender-based pay inequity.",WDEV
D6-Ch04,Measuring Performance: Appraisal Methods and the Errors That Distort Them,1,02-1,AP-D6-ORG-02-1,D6-ORG-02-1-fbd75689,True,"Flanagan (1954): ""A critical incident in performance appraisal is a documented example of on-the-job behavior representing either exceptionally effective or exceptionally ineffective performance.""","In the context of performance appraisal, a ""critical incident"" is job-related behavior that is associated with very good or very poor performance.",Job Analysis and Performance Assessment,Apply,2-3,"In performance appraisal, a critical incident is a documented example of job behavior representing either exceptionally effective or exceptionally ineffective performance.",WDEV
D6-Ch04,Measuring Performance: Appraisal Methods and the Errors That Distort Them,2,03-3,AP-D6-ORG-03-3,D6-ORG-03-3-c6a3bdca,True,"Smith & Kendall (1963): ""The critical incident technique is most useful for developing behaviorally anchored rating scales (BARS) because it provides descriptions of specific job behaviors representing good, average, and poor performance that serve as the behavioral anchors on the rating scale."" Context: Flanagan's (1954) critical incident technique generates the behavioral examples that define performance levels on each BARS dimension.","Knowing that behavioral anchors are descriptions of specific job behaviors that represent good, average, and poor performance would have helped identify the critical incident technique as being most useful for developing behaviorally anchored rating scales (BARS).",Job Analysis and Performance Assessment,Apply,2-3,"The critical incident technique is most useful for developing behaviorally anchored rating scales (BARS) because it provides specific behavioral examples representing good, average, and poor performance that serve as the scale anchors.",WDEV
D6-Ch04,Measuring Performance: Appraisal Methods and the Errors That Distort Them,3,023,AP-D6-ORG-023,D6-ORG-023-25b35dd9,True,"Smith & Kendall (1963): ""A primary limitation of behaviorally anchored rating scales (BARS) is the substantial time and effort required for their development, as each scale dimension demands its own set of critical incidents.""",A criticism of behaviorally anchored rating scales (BARS) is that they're time-consuming to develop.,Job Analysis and Performance Assessment,Apply,2-3,"A primary limitation of behaviorally anchored rating scales (BARS) is the substantial time and effort required for development, as each dimension demands its own set of critical incidents.",WDEV
D6-Ch04,Measuring Performance: Appraisal Methods and the Errors That Distort Them,4,145,AP-D6-ORG-145,D6-ORG-145-7dda5562,True,"Smith & Kendall (1963): ""Behaviorally anchored rating scales (BARS) evaluate employees on multiple performance dimensions using graphic scales whose anchor points are critical incidents describing specific behaviors at distinct performance levels.""","When using BARS, a supervisor rates each employee on several dimensions of job performance using a graphic rating scale, with points on the scale being ""anchored"" by specific behaviors (critical incidents) that each describe a different level of performance.",Job Analysis and Performance Assessment,Apply,2-3,Behaviorally anchored rating scales (BARS) evaluate employees on multiple performance dimensions using graphic scales whose anchor points are critical incidents describing specific behaviors at distinct performance levels.,WDEV
D6-Ch04,Measuring Performance: Appraisal Methods and the Errors That Distort Them,5,012,AP-D6-ORG-012,D6-ORG-012-ea508300,True,"Cascio & Aguinis (2019): ""The paired comparison technique requires evaluating every possible employee pair on each performance dimension, making it increasingly time-consuming as the number of ratees grows.""
   - NO PDF ON FILE: Cascio & Aguinis (2019) is a textbook (Applied Psychology in Human Resource Management, 8th ed.). No replacement PDF found on /Volumes/LaCie/.",The paired comparison technique for performance assessment can be very time-consuming to use when there are many employees to rate.,Job Analysis and Performance Assessment,Apply,2-3,The paired comparison technique for performance appraisal becomes increasingly time-consuming as the number of employees to be rated grows.,WDEV
D6-Ch04,Measuring Performance: Appraisal Methods and the Errors That Distort Them,6,03-2,AP-D6-ORG-03-2,D6-ORG-03-2-4beeaa50,True,"Cascio & Aguinis (2019): ""The forced distribution method requires raters to assign employees to predetermined performance categories in fixed proportions, which can misrepresent actual performance when the true distribution does not match the imposed curve.""
   - NO PDF ON FILE: Cascio & Aguinis (2019) is a textbook (Applied Psychology in Human Resource Management, 8th ed.). No replacement PDF found on /Volumes/LaCie/.",The problem with the forced distribution method of performance assessment is that the prespecified performance categories may not match the actual performance of employees.,Job Analysis and Performance Assessment,Apply,2-3,The forced distribution method of performance appraisal is problematic because its prespecified performance categories may not match the actual distribution of employee performance.,WDEV
D6-Ch04,Measuring Performance: Appraisal Methods and the Errors That Distort Them,7,030,AP-D6-ORG-030,D6-ORG-030-958f6c1d,True,"Cascio & Aguinis (2019): ""Relative (comparative) job performance measures reduce rater biases including leniency, strictness, and central tendency by requiring evaluators to rank or compare employees against one another rather than rating each independently.""
   - NO PDF ON FILE: Cascio & Aguinis (2019) is a textbook (Applied Psychology in Human Resource Management, 8th ed.). No replacement PDF found on /Volumes/LaCie/.","An advantage of relative job performance measures is that they reduce leniency, strictness, and central tendency rater biases.",Job Analysis and Performance Assessment,Apply,2-3,"Relative job performance measures reduce leniency, strictness, and central tendency rater biases by requiring evaluators to rank or compare employees against one another rather than rating each independently.",WDEV
D6-Ch04,Measuring Performance: Appraisal Methods and the Errors That Distort Them,8,041,AP-D6-ORG-041,D6-ORG-041-058dc523,True,"Thorndike (1920): ""Halo error is a rating bias in which a rater's evaluation of an employee on one performance dimension disproportionately influences ratings on all other dimensions, producing artificially uniform scores.""",The halo error occurs when a rater's rating of an employee on one dimension of job performance affects how the rater rates the employee on all other dimensions.,Job Analysis and Performance Assessment,Apply,2-3,"Halo error, identified by Thorndike (1920), is a rating bias in which a rater's overall impression of an employee on one performance dimension disproportionately influences ratings on all other dimensions, producing artificially uniform scores.",WDEV
D6-Ch04,Measuring Performance: Appraisal Methods and the Errors That Distort Them,9,057,AP-D6-ORG-057,D6-ORG-057-13c68a1f,True,"Thorndike (1920): ""A supervisor's performance ratings exhibiting the halo effect show a pattern of highly consistent ratings -- either uniformly positive or uniformly negative -- across different performance dimensions for each employee, reflecting the influence of a global impression on dimension-specific evaluations."" Context: The halo effect produces artificially high intercorrelations among performance dimension ratings, masking true variation in employee performance across dimensions.",A supervisor's performance ratings exhibiting a halo effect show a pattern of ratings that are highly consistent in positivity or negativity across different dimensions for each employee.,Job Analysis and Performance Assessment,Apply,2-3,"The halo effect produces artificially high intercorrelations among performance dimension ratings, resulting in uniformly positive or negative scores across dimensions that mask true variation in employee performance.",WDEV
D6-Ch05,"Keeping It Fair: Rating Biases, Criterion Problems, and the Legal Framework for Selection",1,034,AP-D6-ORG-034,D6-ORG-034-a5158298,True,"Cascio & Aguinis (2019): ""Leniency bias is the systematic tendency of a rater to assign uniformly high ratings to all employees irrespective of actual performance differences.""
   - NO PDF ON FILE: Cascio & Aguinis (2019) is a textbook (Applied Psychology in Human Resource Management, 8th ed.). No replacement PDF found on /Volumes/LaCie/.","The leniency bias occurs when a rater gives all employees high ratings, regardless of their actual job performance.",Job Analysis and Performance Assessment,Apply/Analyze,3,Leniency bias is the systematic tendency of a rater to assign uniformly high ratings to all employees irrespective of actual performance differences.,WDEV
D6-Ch05,"Keeping It Fair: Rating Biases, Criterion Problems, and the Legal Framework for Selection",1,09-2,AP-D6-ORG-09-2,D6-ORG-09-2-01cabac4,True,"EEOC (1978): ""The four-fifths rule provides a quantitative threshold for identifying potential adverse impact in employee selection procedures.""",The 80% (four-fifths) rule is used to determine if a selection test is having an adverse impact.,Employee Selection - Evaluation of Techniques,Apply/Analyze,3,The four-fifths (80%) rule is the quantitative threshold used to identify potential adverse impact in employee selection procedures.,WDEV
D6-Ch05,"Keeping It Fair: Rating Biases, Criterion Problems, and the Legal Framework for Selection",2,03-1,AP-D6-ORG-03-1,D6-ORG-03-1-b59ea54c,True,"Cascio & Aguinis (2019): ""Central tendency bias is the systematic tendency of a rater to assign average or midpoint ratings to all employees, regardless of actual differences in job performance, thereby restricting the range of ratings and reducing their usefulness for distinguishing among performance levels."" Context: Central tendency is one of several common rater biases, along with leniency, strictness, and halo, that compromise the accuracy of performance appraisals.","Mrs. Akeem's tendency to give all supervisees average ratings, regardless of their actual performance, illustrates the central tendency bias.",Job Analysis and Performance Assessment,Apply/Analyze,3,"Central tendency bias occurs when a rater assigns average or midpoint ratings to all employees regardless of actual performance differences, restricting rating range and reducing usefulness for distinguishing performance levels.",WDEV
D6-Ch05,"Keeping It Fair: Rating Biases, Criterion Problems, and the Legal Framework for Selection",2,078,AP-D6-ORG-078,D6-ORG-078-bc2da19d,True,"EEOC (1978): ""The four-fifths (80%) rule states that adverse impact may exist when the selection rate for a protected group is less than 80% of the selection rate for the group with the highest rate.""","When the hiring rate for male applicants is 50%, the minimum hiring rate for female applicants to be consistent with the 80% (four-fifths) rule is 40%.",Employee Selection - Evaluation of Techniques,Apply/Analyze,3,The four-fifths (80%) rule states that adverse impact may exist when the selection rate for a protected group is less than 80% of the selection rate for the highest-rated group; a 50% male hire rate requires at least a 40% female hire rate.,WDEV
D6-Ch05,"Keeping It Fair: Rating Biases, Criterion Problems, and the Legal Framework for Selection",3,04-2,AP-D6-ORG-04-2,D6-ORG-04-2-cc8e5714,True,"Cascio & Aguinis (2019): ""Criterion contamination occurs when a performance measure is systematically influenced by factors extraneous to actual job performance, such as when rater knowledge of predictor scores biases subsequent criterion ratings.""
   - NO PDF ON FILE: Cascio & Aguinis (2019) is a textbook (Applied Psychology in Human Resource Management, 8th ed.). No replacement PDF found on /Volumes/LaCie/.","Criterion contamination occurs when a performance (criterion) measure is affected by factors unrelated to job performance, such as a supervisor's knowledge of how well employees did on the predictors that were used to hire them.",Job Analysis and Performance Assessment,Apply/Analyze,3,"Criterion contamination occurs when a performance measure is systematically influenced by factors extraneous to actual job performance, such as rater knowledge of employees' predictor scores.",WDEV
D6-Ch05,"Keeping It Fair: Rating Biases, Criterion Problems, and the Legal Framework for Selection",4,001-2,AP-D6-ORG-001-2,D6-ORG-001-2-64f8f4f9,True,"Cascio & Aguinis (2019): ""Criterion contamination occurs when scores on a criterion measure are systematically influenced by factors unrelated to actual job performance, such as when a supervisor's ratings are biased by knowledge of the employee's predictor test scores."" Context: This is a key validity threat in personnel selection research; contamination inflates or distorts the apparent relationship between predictors and criteria.","Criterion contamination occurs when ratings on a performance measure are affected by factors unrelated to the individual's actual performance, such as when a supervisor's performance ratings for an employee are affected by the rater's knowledge of how well the employee did on the selection tests used to hire the employee.",Job Analysis and Performance Assessment,Apply/Analyze,3,"Criterion contamination occurs when performance ratings are systematically influenced by factors unrelated to actual job performance, such as a rater's knowledge of an employee's selection test scores.",WDEV
D6-Ch05,"Keeping It Fair: Rating Biases, Criterion Problems, and the Legal Framework for Selection",5,04-1,AP-D6-ORG-04-1,D6-ORG-04-1-822805c7,True,"Bernardin & Buckley (1981): Frame-of-reference (FOR) training focuses on helping raters ""develop a common frame of reference for observing and evaluating performance."" FOR training teaches raters to recognize the multidimensionality of job performance and what constitutes different levels of performance on each dimension, using behavioral examples to calibrate their standards. Woehr & Huffcutt (1994) found FOR training produced the largest effect on rating accuracy (d = .83) among single training strategies.",Frame-of-reference training focuses on helping raters recognize the multidimensionality of job performance and what constitutes different levels of performance.,Job Analysis and Performance Assessment,Apply/Analyze,3,Frame-of-reference (FOR) training improves rating accuracy by teaching raters to recognize the multidimensionality of job performance and calibrate what constitutes different performance levels using behavioral examples; it produces the largest effect on accuracy among single training strategies.,WDEV
D6-Ch05,"Keeping It Fair: Rating Biases, Criterion Problems, and the Legal Framework for Selection",6,04-3,AP-D6-ORG-04-3,D6-ORG-04-3-a1e5baec,True,"Woehr & Huffcutt (1994): ""The main goal of frame-of-reference (FOR) training is to establish a common performance standard among raters by helping them distinguish between different levels of employee performance and adopt a shared frame of reference when making performance evaluations."" Context: FOR training is the most effective single rater training strategy for improving rating accuracy, surpassing rater error training and behavioral observation training.",The main goal of frame-of-reference training is to help raters distinguish between different levels of employee performance and adopt a common frame of reference when rating employee performance.,Job Analysis and Performance Assessment,Apply/Analyze,3,"The main goal of frame-of-reference (FOR) training is to establish a common performance standard among raters by helping them distinguish between different levels of employee performance, making it the most effective single rater training strategy for improving accuracy.",WDEV
D6-Ch06,Finding the Right People: Selection Methods and What Predicts Job Success,1,045,AP-D6-ORG-045,D6-ORG-045-04d3c6d0,True,"Schmidt & Hunter (1998): ""General mental ability (GMA) is the strongest single predictor of job performance across occupational types and criterion measures.""",General mental ability tests are the best predictor of job performance across different jobs and different measures of job performance.,Employee Selection - Techniques,Apply,2-3,"According to Schmidt & Hunter (1998), general mental ability (GMA) is the strongest single predictor of job performance across occupational types and criterion measures.",WDEV
D6-Ch06,Finding the Right People: Selection Methods and What Predicts Job Success,2,05-1,AP-D6-ORG-05-1,D6-ORG-05-1-1291d492,True,"Hurtz & Donovan (2000): ""Conscientiousness is a generally valid predictor of job performance and represents the primary personality dimension for use in personnel selection.""","Of the Big Five personality traits, conscientiousness has been found to be the best predictor of job performance across different jobs and performance criteria.",Employee Selection - Techniques,Apply,2-3,"Of the Big Five personality traits, conscientiousness (Hurtz & Donovan, 2000) is the best predictor of job performance across different jobs and performance criteria.",WDEV
D6-Ch06,Finding the Right People: Selection Methods and What Predicts Job Success,3,063,AP-D6-ORG-063,D6-ORG-063-b4329459,True,"Ones, Viswesvaran, & Schmidt (1993): ""Integrity tests fall into two categories: overt tests (directly assessing attitudes toward dishonesty) and personality-based (covert) tests (measuring traits associated with counterproductive behavior).""",The two main types of integrity tests used for selection decisions are overt tests and personality-based tests.,Employee Selection - Techniques,Apply,2-3,"Integrity tests fall into two categories: overt tests, which directly assess attitudes toward dishonesty, and personality-based (covert) tests, which measure traits associated with counterproductive behavior.",WDEV
D6-Ch06,Finding the Right People: Selection Methods and What Predicts Job Success,4,012,AP-D6-ORG-012,D6-ORG-012-7fc11356,True,"Sackett, Burris, & Callahan (1989): ""Covert (personality-based) integrity tests assess honesty indirectly by measuring personality traits associated with counterproductive work behavior, and are most likely to include items about impulsivity, thrill-seeking, and reliability rather than direct questions about theft or dishonesty."" Context: Unlike overt integrity tests that directly ask about attitudes toward theft and past dishonest behavior, covert tests use personality-type items that correlate with integrity-related criteria.","A covert integrity test is most likely to include the question ""Would your friends describe you as impulsive?"".",Employee Selection - Techniques,Apply,2-3,"Covert integrity tests measure honesty indirectly through personality traits associated with counterproductive work behavior, typically including items about impulsivity, thrill-seeking, and reliability rather than direct theft questions.",WDEV
D6-Ch06,Finding the Right People: Selection Methods and What Predicts Job Success,5,173,AP-D6-ORG-173,D6-ORG-173-a96d2069,True,"Schmidt & Hunter (1998): ""Combining a general mental ability test with an integrity test produces the largest gain in predictive validity for job performance, as these two measures tap distinct performance determinants.""","The greatest increase in predictive validity for job performance occurs when a test of general mental ability is combined with an integrity test, as these two types of tests assess different contributors to job performance.",Employee Selection - Techniques,Apply,2-3,Schmidt and Hunter found that combining a general mental ability test with an integrity test produces the largest gain in predictive validity for job performance because the two measures tap distinct performance determinants.,WDEV
D6-Ch06,Finding the Right People: Selection Methods and What Predicts Job Success,6,152,AP-D6-ORG-152,D6-ORG-152-978221e7,True,"Mumford & Owens (1987): ""Empirically keyed biographical data (biodata) forms may contain items that lack face validity because items are selected solely on the basis of their statistical relationship to the criterion, not their apparent relevance.""
   - NO PDF ON FILE: Mumford & Owens (1987) is a book chapter/review. No replacement PDF found on /Volumes/LaCie/.",A disadvantage of empirically derived biodata forms is that they may contain items that lack face validity.,Employee Selection - Techniques,Apply,2-3,"Empirically keyed biodata forms may contain items that lack face validity because items are selected solely on the basis of their statistical relationship to a criterion, not their apparent relevance.",WDEV
D6-Ch06,Finding the Right People: Selection Methods and What Predicts Job Success,7,052,AP-D6-ORG-052,D6-ORG-052-79be69ad,True,"Janz (1982): ""Behavioral interviews require experienced applicants to describe how they handled specific job-relevant situations previously, grounded in the principle that past behavior best predicts future performance.""","Behavioral interviews ask experienced job applicants to describe how they handled specific job-related situations in the past, as this is considered the best predictor of future behavior.",Employee Selection - Techniques,Apply,2-3,"Behavioral interviews (Janz, 1982) ask experienced applicants to describe how they handled specific past job-relevant situations, based on the principle that past behavior is the best predictor of future performance.",WDEV
D6-Ch06,Finding the Right People: Selection Methods and What Predicts Job Success,8,022,AP-D6-ORG-022,D6-ORG-022-15e566f3,True,"Thornton & Byham (1982): ""The in-basket test is a simulation exercise commonly used in assessment centers in which candidates respond to accumulated memos, correspondence, and requests representative of the target position.""
   - NO PDF ON FILE: Thornton & Byham (1982) is a book (Assessment Centers and Managerial Performance). No replacement PDF found on /Volumes/LaCie/.","The ""in-basket test"" is most likely to be included as part of an assessment center.",Employee Selection - Techniques,Apply,2-3,"The in-basket test, a simulation in which candidates respond to accumulated memos and correspondence representing a target position, is most likely to be used in an assessment center.",WDEV
D6-Ch06,Finding the Right People: Selection Methods and What Predicts Job Success,9,056,AP-D6-ORG-056,D6-ORG-056-b725dfb9,True,"Premack & Wanous (1985): ""Realistic job previews present both favorable and unfavorable aspects of a position before hiring to establish accurate expectations, thereby reducing early turnover.""",A realistic job preview is used to reduce turnover by ensuring that new employees have accurate job expectations.,Employee Selection - Techniques,Apply,2-3,"Realistic job previews present both favorable and unfavorable aspects of a position before hiring to establish accurate expectations, thereby reducing early voluntary turnover.",WDEV
D6-Ch06,Finding the Right People: Selection Methods and What Predicts Job Success,10,05-2,AP-D6-ORG-05-2,D6-ORG-05-2-c9136d5f,True,"Premack & Wanous (1985): ""A realistic job preview (RJP) presents both favorable and unfavorable information about a job to applicants prior to hiring, ensuring they develop realistic expectations and thereby reducing subsequent dissatisfaction and voluntary turnover."" Context: RJPs operate through a vaccination effect -- by lowering inflated expectations before employment begins, they buffer against the disappointment that can drive early turnover.",An employer is most likely to advocate the use of a realistic job preview to reduce employee dissatisfaction and turnover by ensuring job applicants have realistic job expectations.,Employee Selection - Techniques,Apply,2-3,"A realistic job preview (RJP) presents both favorable and unfavorable job information to applicants before hiring, reducing dissatisfaction and voluntary turnover by ensuring realistic expectations via a vaccination effect.",WDEV
D6-Ch07,"Is the Test Worth It? Validity, Utility, and the Science of Selection Evaluation",1,067,AP-D6-ORG-067,D6-ORG-067-5cc2dcd1,True,"AERA, APA, & NCME (2014): ""Criterion-related validity for a selection test is established by demonstrating a statistically significant relationship between test scores and a relevant measure of job performance.""",A psychologist developing a selection test for a large manufacturing company to predict the job performance ratings of maintenance technicians six months after hire will be most interested in ensuring the test has adequate criterion-related validity.,Employee Selection - Evaluation of Techniques,Analyze,3,"A selection test designed to predict job performance ratings is evaluated primarily for criterion-related validity, established by demonstrating a statistically significant relationship between test scores and job performance measures.",WDEV
D6-Ch07,"Is the Test Worth It? Validity, Utility, and the Science of Selection Evaluation",2,07-1,AP-D6-ORG-07-1,D6-ORG-07-1-c7ae384a,True,"Hunsley & Meyer (2003): ""Incremental validity is the degree to which a new predictor improves decision-making accuracy beyond what is achieved by the existing selection procedure alone.""",Incremental validity refers to the increase in decision-making accuracy that occurs when a new selection technique is added to the existing selection procedure.,Employee Selection - Evaluation of Techniques,Analyze,3,Incremental validity is the degree to which adding a new predictor improves decision-making accuracy beyond what is achieved by the existing selection procedure alone.,WDEV
D6-Ch07,"Is the Test Worth It? Validity, Utility, and the Science of Selection Evaluation",3,085,AP-D6-ORG-085,D6-ORG-085-a283dbb0,True,"Taylor & Russell (1939): ""To use the Taylor-Russell tables to estimate a predictor's incremental validity, three values are required: the predictor's criterion-related validity coefficient, the selection ratio (proportion of applicants hired), and the base rate (proportion of applicants who would be successful without the predictor)."" Context: These three inputs are entered into the tables to determine the expected proportion of successful hires, which is then compared to the base rate to gauge the predictor's incremental contribution.","To use the Taylor-Russell tables to estimate a predictor's incremental validity, you need to know the predictor's criterion-related validity coefficient, the selection ratio, and the base rate.",Employee Selection - Evaluation of Techniques,Analyze,3,"To use the Taylor-Russell tables, three values are required: the predictor's criterion-related validity coefficient, the selection ratio (proportion of applicants hired), and the base rate (proportion who would succeed without the predictor).",WDEV
D6-Ch07,"Is the Test Worth It? Validity, Utility, and the Science of Selection Evaluation",4,08-3,AP-D6-ORG-08-3,D6-ORG-08-3-4ec230c6,True,"Taylor & Russell (1939): ""The Taylor-Russell tables are used to estimate a predictor's incremental validity -- the expected increase in the proportion of successful employees when the predictor is used for selection -- based on the predictor's validity coefficient, the selection ratio, and the base rate of success."" Context: The tables demonstrate how a selection test adds predictive value beyond chance by showing the expected success rate under different combinations of validity, selection ratio, and base rate.",The Taylor-Russell tables are used to obtain an estimate of a predictor's incremental validity.,Employee Selection - Evaluation of Techniques,Analyze,3,"The Taylor-Russell tables estimate a predictor's incremental validity — the expected increase in the proportion of successful hires — based on the predictor's validity coefficient, the selection ratio, and the base rate.",WDEV
D6-Ch07,"Is the Test Worth It? Validity, Utility, and the Science of Selection Evaluation",5,007,AP-D6-ORG-007,D6-ORG-007-d88eb9bf,True,"Taylor & Russell (1939): ""The Taylor-Russell tables indicate that incremental validity is maximized when the selection ratio is low (e.g., .10) and the base rate is moderate (e.g., .50).""","When using the Taylor-Russell tables to estimate the incremental validity of a new selection test, the test will have the greatest incremental validity when the selection ratio is .10 and the base rate is .50.",Employee Selection - Evaluation of Techniques,Analyze,3,"Taylor-Russell tables indicate a selection test achieves greatest incremental validity when the selection ratio is low (e.g., 0.10) and the base rate is moderate (e.g., 0.50).",WDEV
D6-Ch07,"Is the Test Worth It? Validity, Utility, and the Science of Selection Evaluation",6,093,AP-D6-ORG-093,D6-ORG-093-11cd4025,True,"Taylor & Russell (1939): ""The incremental validity gained when a new selection test is added to the current selection procedure is maximized when the base rate is moderate (near .50, where there is maximum room for improvement in both directions) and the selection ratio is low (many applicants competing for few positions)."" Context: A low selection ratio allows more selective hiring from the applicant pool, amplifying the test's ability to improve the success rate.",The unique information gained when a new selection test or other procedure is added to the current selection procedure is maximized when the base rate is moderate and there are many applicants and a few job openings.,Employee Selection - Evaluation of Techniques,Analyze,3,"According to Taylor and Russell (1939), the incremental validity gained by adding a new selection test is maximized when the base rate is moderate (near .50) and the selection ratio is low (many applicants competing for few positions).",WDEV
D6-Ch07,"Is the Test Worth It? Validity, Utility, and the Science of Selection Evaluation",7,09-1,AP-D6-ORG-09-1,D6-ORG-09-1-b3767b54,True,"Boudreau (1991): ""Conducting a utility analysis for a new selection test provides information on the return on investment that can be expected when the test is used to hire job applicants, translating validity gains into estimated dollar-value improvements in workforce productivity."" Context: Utility analysis helps organizations make informed decisions about whether to adopt, retain, or replace selection instruments based on their economic impact.",Conducting a utility analysis for a new selection test would be useful for obtaining information on the return on investment that can be expected when the test is used to hire job applicants.,Employee Selection - Evaluation of Techniques,Analyze,3,Utility analysis for a selection test provides information on the expected return on investment by translating validity gains into estimated dollar-value improvements in workforce productivity.,WDEV
D6-Ch07,"Is the Test Worth It? Validity, Utility, and the Science of Selection Evaluation",8,07-2,AP-D6-ORG-07-2,D6-ORG-07-2-47d6d2f9,True,"Boudreau (1991): ""Utility analysis provides information on the monetary costs and benefits of using a selection technique by estimating the financial return associated with improvements in workforce quality attributable to the selection procedure."" Context: Utility analysis extends beyond validity coefficients to express the practical economic value of selection decisions in dollar terms.",Utility analysis provides information on the monetary costs and benefits of using a new selection technique.,Employee Selection - Evaluation of Techniques,Analyze,3,Utility analysis estimates the monetary costs and benefits of a selection technique by quantifying the financial return associated with improvements in workforce quality attributable to the selection procedure.,WDEV
D6-Ch07,"Is the Test Worth It? Validity, Utility, and the Science of Selection Evaluation",9,079,AP-D6-ORG-079,D6-ORG-079-b9677886,True,"Boudreau (1991): ""Utility analysis provides an estimate of the monetary gain that can be expected when a newly developed selection test is used to make hiring decisions, quantifying the dollar value of the improvement in employee performance attributable to the test."" Context: The Brogden-Cronbach-Gleser utility model combines the validity coefficient, selection ratio, standard deviation of job performance in dollars, and cost of testing to estimate net financial benefit.",Utility analysis provides an estimate of the monetary gain that can be expected when a newly developed test is used to make hiring decisions.,Employee Selection - Evaluation of Techniques,Analyze,3,"Utility analysis (Boudreau, 1991) estimates the monetary gain expected when a new selection test is used for hiring by combining the validity coefficient, selection ratio, SD of job performance in dollars, and testing costs.",WDEV
D6-Ch08,"Optimizing Selection: Fairness, Legal Defenses, and Advanced Decision Problems",1,096,AP-D6-ORG-096,D6-ORG-096-92ef2d9c,True,"Cascio & Aguinis (2019): ""Differential validity exists when a selection test yields substantially different validity coefficients across demographic groups, which can produce adverse impact.""
   - NO PDF ON FILE: Cascio & Aguinis (2019) is a textbook (Applied Psychology in Human Resource Management, 8th ed.). No replacement PDF found on /Volumes/LaCie/.","The selection test developed by Dr. Dennis for customer service representatives has differential validity, with a validity coefficient of .65 for men and .20 for women, which is a potential cause of adverse impact.",Employee Selection - Evaluation of Techniques,Analyze/Evaluate,3-4,"Differential validity occurs when a selection test yields substantially different validity coefficients across demographic groups, which can produce adverse impact.",WDEV
D6-Ch08,"Optimizing Selection: Fairness, Legal Defenses, and Advanced Decision Problems",2,08-1,AP-D6-ORG-08-1,D6-ORG-08-1-0e05a3b6,True,"AERA, APA, & NCME (2014): ""Test unfairness in selection occurs when group differences on predictor scores are not paralleled by corresponding differences in criterion performance -- one group systematically scores lower on the test yet performs comparably on the job.""",Test unfairness occurs when members of one group consistently obtain lower scores than another group on a selection test but this score difference is not reflected in differences in job performance.,Employee Selection - Evaluation of Techniques,Analyze/Evaluate,3-4,Test unfairness occurs when one group consistently scores lower than another on a selection test but this score difference is not reflected in corresponding differences in criterion job performance.,WDEV
D6-Ch08,"Optimizing Selection: Fairness, Legal Defenses, and Advanced Decision Problems",3,002,AP-D6-ORG-002,D6-ORG-002-ad87b095,True,"Cleary (1968): According to Cleary's model, test unfairness in selection exists when (1) the criterion-related validity coefficient is the same for two groups, (2) the two groups achieve comparable criterion (job performance) scores, but (3) their scores on the predictor (test) are significantly different. This pattern indicates the test systematically disadvantages one group without a corresponding performance difference.",Test unfairness occurs when a criterion-related validity coefficient is the same for two groups and the two groups achieve similar scores on the criterion but their scores on the predictor are significantly different.,Employee Selection - Evaluation of Techniques,Analyze/Evaluate,3-4,"Under Cleary's model, test unfairness exists when criterion-related validity coefficients are equal across groups and criterion scores are comparable, but predictor scores differ significantly between groups.",WDEV
D6-Ch08,"Optimizing Selection: Fairness, Legal Defenses, and Advanced Decision Problems",4,06,AP-D6-ORG-06,D6-ORG-06-bcf98406,True,"Cleary (1968): ""Investigating test unfairness requires comparing both predictor scores and criterion scores across groups in the validation sample to determine whether group differences on the test reflect actual performance differences.""","To determine if ""test unfairness"" is the reason why a selection test is having an adverse impact on older job applicants, one would compare the selection test and job performance scores obtained by older and younger workers in the validation sample.",Employee Selection - Evaluation of Techniques,Analyze/Evaluate,3-4,"To investigate test unfairness causing adverse impact, predictor scores and criterion scores (job performance) are compared across groups in the validation sample to determine whether test differences reflect actual performance differences.",WDEV
D6-Ch08,"Optimizing Selection: Fairness, Legal Defenses, and Advanced Decision Problems",5,089,AP-D6-ORG-089,D6-ORG-089-dc09e35b,True,"Civil Rights Act of 1964, Title VII: A bona fide occupational qualification (BFOQ) is a legally permissible basis for making employment decisions based on a protected characteristic when that characteristic is essential to performing the job. For example, gender is a BFOQ for a movie production company that hires only males for male roles and only females for female roles, even if this results in significantly more males being hired overall.","Gender is a bona fide occupational qualification for a movie production company that hires only males for male roles and females for female roles for its action/adventure films, even though this means significantly more males than females are hired.",Employee Selection - Evaluation of Techniques,Analyze/Evaluate,3-4,"Under Title VII of the Civil Rights Act of 1964, a bona fide occupational qualification (BFOQ) permits employment decisions based on a protected characteristic, such as gender, when that characteristic is essential to job performance, as when a studio hires only males for male roles.",WDEV
D6-Ch08,"Optimizing Selection: Fairness, Legal Defenses, and Advanced Decision Problems",6,8,AP-D6-ORG-8,D6-ORG-8-33d39db4,True,"Griggs v. Duke Power Co. (1971): ""When a selection test is shown to produce adverse impact, the employer may continue using it only by demonstrating that the measured attributes are job-related and that no equally valid alternative with less adverse impact is available.""","When the court determines that a selection test is having an adverse impact, the employer may be permitted to use the test if the attributes it measures are job related and there are no alternative valid measures available that would not have an adverse impact.",Employee Selection - Evaluation of Techniques,Analyze/Evaluate,3-4,"Per Griggs v. Duke Power Co. (1971), employers may continue using a selection test with adverse impact only by demonstrating the measured attributes are job-related and no equally valid alternative with less adverse impact exists.",WDEV
D6-Ch08,"Optimizing Selection: Fairness, Legal Defenses, and Advanced Decision Problems",7,074,AP-D6-ORG-074,D6-ORG-074-9ef1b11a,True,"Nunnally & Bernstein (1994): ""Establishing adequate reliability for a selection instrument requires administering it to a relevant sample and demonstrating that scores are consistent across administrations or within the measure.""
   - NO PDF ON FILE: Nunnally & Bernstein (1994) is a textbook (Psychometric Theory, 3rd ed.). No replacement PDF found on /Volumes/LaCie/.","To ensure the test has adequate reliability, Dr. Wong will administer the new selection test for legal assistants to a sample of legal assistants to determine if the test produces consistent scores.",Employee Selection - Evaluation of Techniques,Analyze/Evaluate,3-4,Establishing adequate reliability for a selection instrument requires administering it to a relevant sample and demonstrating that scores are consistent across administrations or within the measure.,WDEV
D6-Ch08,"Optimizing Selection: Fairness, Legal Defenses, and Advanced Decision Problems",8,08-2,AP-D6-ORG-08-2,D6-ORG-08-2-56740d87,True,"Taylor & Russell (1939): ""A predictor with low-to-moderate criterion-related validity can still improve selection decisions when the base rate is moderate (near .50) and the selection ratio is low (many applicants for few openings).""","When a predictor has low to moderate criterion-related validity, it can improve decision-making accuracy as long as the base rate is moderate and the selection ratio is low.",Employee Selection - Evaluation of Techniques,Analyze/Evaluate,3-4,"A predictor with low-to-moderate criterion-related validity can still improve selection decisions when the base rate is near .50 and the selection ratio is low (Taylor & Russell, 1939).",WDEV
D6-Ch09,What Drives Us: Content Theories of Motivation and Selection Decision Models,1,21-1,AP-D6-ORG-21-1,D6-ORG-21-1-053f8815,True,"Maslow (1943): ""Maslow's hierarchy of needs predicts sequential motivation: once physiological and safety needs are met, the individual is primarily motivated by social (belongingness) needs before esteem and self-actualization needs emerge.""","Maslow's need hierarchy theory predicts that, when a person's physiological and safety needs have been satisfied, the person will be motivated primarily by their social needs.",Theories of Motivation,Understand/Apply,2,"Maslow's hierarchy predicts that once physiological and safety needs are satisfied, individuals are primarily motivated by social (belongingness) needs before esteem and self-actualization needs emerge.",WDEV
D6-Ch09,What Drives Us: Content Theories of Motivation and Selection Decision Models,1,06-1,AP-D6-ORG-06-1,D6-ORG-06-1-138c0010,True,"Cascio & Aguinis (2019): ""Multiple regression is a compensatory method for combining predictor scores in which each predictor is optimally weighted based on its correlations with the other predictors and with the criterion, and the weighted scores are summed to produce an estimated criterion score, allowing a high score on one predictor to offset a low score on another."" Context: Multiple regression is the standard compensatory approach in personnel selection, contrasted with noncompensatory methods like the multiple cutoff and multiple hurdle.","Multiple regression is a compensatory method for combining predictor scores that involves weighting each predictor on the basis of its correlations with the other predictors and with the criterion and then combining the weighted predictor scores to obtain an estimated criterion score, making it possible for a high score on one or more predictors to compensate for a low score on another predictor.",Employee Selection - Techniques,Understand/Apply,2,"Multiple regression is a compensatory selection method that optimally weights each predictor based on its correlations with other predictors and the criterion, allowing a high score on one predictor to offset a low score on another.",WDEV
D6-Ch09,What Drives Us: Content Theories of Motivation and Selection Decision Models,2,21-2,AP-D6-ORG-21-2,D6-ORG-21-2-277fa2a5,True,"Herzberg (1966): ""Job enrichment -- redesigning work to incorporate greater responsibility, challenge, and growth opportunities -- is the primary strategy for increasing intrinsic motivation and satisfaction.""",Herzberg's two-factor theory predicts that job enrichment is the best way to increase employees' job motivation and satisfaction.,Theories of Motivation,Understand/Apply,2,"Herzberg's two-factor theory identifies job enrichment — adding responsibility, challenge, and growth opportunities — as the primary strategy for increasing intrinsic motivation and satisfaction.",WDEV
D6-Ch09,What Drives Us: Content Theories of Motivation and Selection Decision Models,2,025,AP-D6-ORG-025,D6-ORG-025-c2feab57,True,"Cascio & Aguinis (2019): ""Multiple regression is the most appropriate compensatory method for combining scores on multiple predictors because it statistically weights each predictor based on its unique contribution to criterion prediction, allowing a high score on one predictor to compensate for a low score on another."" Context: The compensatory nature of multiple regression distinguishes it from noncompensatory approaches such as the multiple cutoff and multiple hurdle methods.",Multiple regression is the most useful method for combining scores on multiple predictors when good performance on one predictor can compensate for poor performance on another predictor.,Employee Selection - Techniques,Understand/Apply,2,"Multiple regression is the most appropriate compensatory selection method because it statistically weights each predictor by its unique contribution, allowing high scores on one predictor to offset low scores on another.",WDEV
D6-Ch09,What Drives Us: Content Theories of Motivation and Selection Decision Models,3,191,AP-D6-ORG-191,D6-ORG-191-491fbf66,True,"Hackman & Oldham (1976): The job characteristics model identifies five core job dimensions: (1) skill variety -- the degree to which a job requires different skills, (2) task identity -- completing a whole piece of work, (3) task significance -- impact on others, (4) autonomy -- freedom in scheduling and methods, and (5) feedback -- direct information about performance effectiveness. These five dimensions create three critical psychological states that drive internal work motivation.","The five core job dimensions identified by the job characteristics model are skill variety, task identity, task significance, autonomy, and feedback.",Theories of Motivation,Understand/Apply,2,"Hackman and Oldham's job characteristics model identifies five core dimensions — skill variety, task identity, task significance, autonomy, and feedback — that produce critical psychological states driving internal work motivation.",WDEV
D6-Ch09,What Drives Us: Content Theories of Motivation and Selection Decision Models,3,07,AP-D6-ORG-07,D6-ORG-07-5db396bd,True,"Cascio & Aguinis (2019): ""The multiple cutoff method is a noncompensatory selection technique requiring applicants to meet or exceed a minimum score on every predictor; a high score on one predictor cannot compensate for a deficiency on another.""
   - NO PDF ON FILE: Cascio & Aguinis (2019) is a textbook (Applied Psychology in Human Resource Management, 8th ed.). No replacement PDF found on /Volumes/LaCie/.","The best technique for making a hiring decision on the basis of multiple predictors when a high score on one or more predictors cannot compensate for a low score on another predictor is the multiple cutoff, a noncompensatory technique that requires a job applicant to obtain a score that's above the cutoff on each predictor to be considered for the job.",Employee Selection - Techniques,Understand/Apply,2,"The multiple cutoff method is a noncompensatory selection technique requiring applicants to meet or exceed a minimum score on every predictor, so a high score on one predictor cannot compensate for a deficiency on another.",WDEV
D6-Ch09,What Drives Us: Content Theories of Motivation and Selection Decision Models,4,021,AP-D6-ORG-021,D6-ORG-021-99b73251,True,"Hackman & Oldham (1976): The job characteristics model predicts that designing a job to provide employees with five core job characteristics (skill variety, task identity, task significance, autonomy, and feedback) will have the greatest positive impact on employees who are high in growth-need strength -- the desire for personal development and challenge at work. The model was tested for 658 employees across 62 different jobs and results support its validity.",Hackman and Oldham's (1980) job characteristics model predicts that designing a job so it provides employees with five core job characteristics will have the greatest positive impact on employees who are high in growth-need strength.,Theories of Motivation,Understand/Apply,2,"Hackman and Oldham's job characteristics model predicts that providing five core job characteristics — skill variety, task identity, task significance, autonomy, and feedback — has the greatest positive impact on employees high in growth-need strength.",WDEV
D6-Ch09,What Drives Us: Content Theories of Motivation and Selection Decision Models,5,194,AP-D6-ORG-194,D6-ORG-194-5e000abe,True,"Herzberg (1966): ""Herzberg's two-factor theory proposes that job satisfaction and motivation are increased by intrinsic motivators (autonomy, responsibility, advancement, recognition) rather than by hygiene factors (pay, working conditions, supervision), which only prevent dissatisfaction.""","To increase motivation and satisfaction of employees at Best Plumbing Supply, the organizational psychologist will most likely recommend that the owner redesign the employees' jobs to provide opportunities for autonomy, responsibility, and advancement, as this is consistent with Herzberg's (1966) two-factor theory.",Theories of Motivation,Understand/Apply,2,"Herzberg's two-factor theory holds that intrinsic motivators (autonomy, responsibility, advancement, recognition) increase satisfaction and motivation, while hygiene factors (pay, working conditions, supervision) only prevent dissatisfaction.",WDEV
D6-Ch10,"The Mechanics of Motivation: Process Theories, Equity, and the Beliefs That Drive Effort",1,22-1,AP-D6-ORG-22-1,D6-ORG-22-1-4b15af30,True,"Adams (1965): ""Equity theory predicts that worker motivation depends on perceived fairness, determined by comparing one's own input-to-outcome ratio against the ratios of comparable others performing similar work.""",Equity theory predicts that a worker's motivation is affected by the comparisons the worker makes between their input/outcome ratio and the input/outcome ratios of workers doing the same or a similar job.,Theories of Motivation,Apply/Analyze,2-3,Adams's (1965) equity theory predicts that worker motivation depends on perceived fairness determined by comparing one's own input-to-outcome ratio against ratios of comparable others doing similar work.,WDEV
D6-Ch10,"The Mechanics of Motivation: Process Theories, Equity, and the Beliefs That Drive Effort",1,203,AP-D6-ORG-203,D6-ORG-203-accc82af,True,"Colquitt (2001): ""Distributive justice refers to perceived fairness in the allocation of organizational outcomes (e.g., pay, promotions, bonuses).""","A survey question that asks employees to rate the fairness of the outcomes of a recent organizational decision regarding raises and bonuses assesses employees' perceptions of distributive justice, which refers to the fairness of the distribution of resources and other outcomes.","Satisfaction, Commitment, and Stress",Apply/Analyze,2-3,"Distributive justice refers to employees' perceptions of fairness in the allocation of organizational outcomes such as pay, promotions, and bonuses.",WDEV
D6-Ch10,"The Mechanics of Motivation: Process Theories, Equity, and the Beliefs That Drive Effort",2,22-2,AP-D6-ORG-22-2,D6-ORG-22-2-4aa4117e,True,"Adams (1965): ""An employer applying equity theory would focus on employees' perceptions of the relative fairness of their treatment at work -- specifically, whether they believe their ratio of inputs (effort, skill, experience) to outcomes (pay, recognition, benefits) is equitable compared to the ratios of comparable others."" Context: Perceived inequity, whether underpayment or overpayment, generates motivational tension that the employee seeks to reduce through behavioral or cognitive adjustments.","When interviewing employees to determine how to alleviate low motivation, an employer familiar with equity theory will focus on the employees' perceptions of the relative fairness of their treatment at work.",Theories of Motivation,Apply/Analyze,2-3,"Adams's (1965) equity theory focuses on employees' perceptions of whether their ratio of inputs to outcomes is fair compared to the ratios of comparable others, with perceived inequity motivating corrective action.",WDEV
D6-Ch10,"The Mechanics of Motivation: Process Theories, Equity, and the Beliefs That Drive Effort",3,23,AP-D6-ORG-23,D6-ORG-23-a8777db3,True,"Adams (1965): ""Equity theory predicts that a worker's motivation is affected by the worker's perception of the degree to which he or she is being treated fairly relative to other workers, based on a comparison of input-to-outcome ratios."" Context: When workers perceive inequity -- either underpayment or overpayment relative to referent others -- they experience distress and are motivated to restore equity through behavioral or cognitive means.",Equity theory predicts that a worker's motivation is affected by the worker's perceptions of the degree to which he/she is being treated fairly compared to other workers.,Theories of Motivation,Apply/Analyze,2-3,"Adams's (1965) equity theory predicts that worker motivation is driven by perceived fairness relative to others, based on comparison of input-to-outcome ratios, with inequity motivating behavioral or cognitive restoration of equity.",WDEV
D6-Ch10,"The Mechanics of Motivation: Process Theories, Equity, and the Beliefs That Drive Effort",4,200,AP-D6-ORG-200,D6-ORG-200-c8ac7ff8,True,"Van Eerde & Thierry (1996): ""This meta-analysis integrates the correlations of 77 studies on V. H. Vroom's (1964) original expectancy models and work-related criteria."" Vroom's expectancy theory identifies three key components -- valence (the value placed on outcomes), instrumentality (the belief that performance leads to outcomes), and expectancy (the belief that effort leads to performance). To alleviate low motivation using this framework, an employer would ask employees about their expectancy, instrumentality, and valence -- but not about commitment, which is not a component of Vroom's model.","To alleviate the low motivation of her employees, the employer familiar with Vroom's expectancy theory would ask them about everything except commitment.",Theories of Motivation,Apply/Analyze,2-3,"Vroom's expectancy theory comprises three components — expectancy, instrumentality, and valence — and commitment is not a component of the model.",WDEV
D6-Ch10,"The Mechanics of Motivation: Process Theories, Equity, and the Beliefs That Drive Effort",5,24,AP-D6-ORG-24,D6-ORG-24-9c02492d,True,"Vroom (1964): ""According to expectancy theory, an employee's motivation is determined by three beliefs: expectancy (the belief that effort will lead to successful performance), instrumentality (the belief that successful performance will lead to certain outcomes), and valence (the value the employee places on those outcomes)."" Context: Motivation in Vroom's model is calculated as the product of expectancy, instrumentality, and valence; if any component is zero, overall motivation will be zero.","According to expectancy theory, an employee's motivation is determined by their beliefs about the likelihood that exerting effort on-the-job will result in successful job performance, the belief that successful performance will result in certain outcomes, and the value of those outcomes.",Theories of Motivation,Apply/Analyze,2-3,"Vroom's (1964) expectancy theory holds that motivation equals the product of expectancy, instrumentality, and valence, so if any single component is zero, overall motivation is zero.",WDEV
D6-Ch10,"The Mechanics of Motivation: Process Theories, Equity, and the Beliefs That Drive Effort",6,016,AP-D6-ORG-016,D6-ORG-016-5d7e9f67,True,"Van Eerde & Thierry (1996): ""Vroom (1964) defined instrumentality as an outcome-outcome association, and it has been interpreted not only as a relationship between an outcome and another outcome but also as a probability to obtain an outcome."" Instrumentality is the belief that performance will lead to a particular outcome. When an employee receives excellent performance evaluations but does not receive promised raises, instrumentality -- the belief that good performance leads to desired rewards -- is the component of expectancy theory most negatively affected.","According to expectancy theory, the belief that is most negatively affected in the situation where Jill Doe did not receive the promised raises despite excellent job evaluations is instrumentality.",Theories of Motivation,Apply/Analyze,2-3,"In expectancy theory, instrumentality — the belief that good performance leads to desired rewards — is most negatively affected when employees receive excellent evaluations but are denied promised raises.",WDEV
D6-Ch10,"The Mechanics of Motivation: Process Theories, Equity, and the Beliefs That Drive Effort",7,203,AP-D6-ORG-203,D6-ORG-203-abe49257,True,"Vroom (1964): ""In expectancy theory, expectancy refers to an individual's subjective belief that exerting a given level of effort will lead to successful task performance, expressed as a probability ranging from 0 to 1."" Context: Expectancy is one of three cognitive components in Vroom's model, alongside instrumentality (belief that performance leads to outcomes) and valence (value placed on those outcomes).","In the context of expectancy theory, expectancy refers to an employee's belief that adequate effort will lead to successful performance.",Theories of Motivation,Apply/Analyze,2-3,"In Vroom's expectancy theory, expectancy is the subjective belief that exerting effort will lead to successful task performance, expressed as a probability from 0 to 1.",WDEV
D6-Ch11,"Leading People: Contingency, Situational, and Relational Approaches to Leadership",1,004,AP-D6-ORG-004,D6-ORG-004-9a8727a8,True,"Fiedler (1967): ""The contingency model holds that the optimal leadership style depends on three situational factors: leader-member relations (the degree of trust and confidence between leader and followers), task structure (the clarity and structure of the work), and position power (the leader's formal authority to reward and punish)."" Context: These three dimensions combine to define the favorableness of the situation, determining whether a task-oriented or relationship-oriented leader will be most effective.","The optimal leadership style in Fiedler's contingency model depends on the leader's position power, the nature of the relationships between the leader and the employees, and the task structure.",Organizational Leadership,Apply/Analyze,2-3,"Fiedler's contingency model holds that leadership effectiveness depends on three situational factors: leader-member relations, task structure, and position power.",WDEV
D6-Ch11,"Leading People: Contingency, Situational, and Relational Approaches to Leadership",2,176,AP-D6-ORG-176,D6-ORG-176-6f240db2,True,"Fiedler (1967): ""Fiedler's contingency theory holds that low-LPC (task-oriented) leaders are most effective in situations of very high or very low situational control, while high-LPC (relationship-oriented) leaders are most effective under moderate situational control.""","According to Fiedler's (1967) contingency theory, a low LPC leader is most effective in very unfavorable and very favorable situations.",Organizational Leadership,Apply/Analyze,2-3,"Fiedler's contingency theory holds that low-LPC (task-oriented) leaders are most effective under very high or very low situational control, while high-LPC (relationship-oriented) leaders are most effective under moderate situational control.",WDEV
D6-Ch11,"Leading People: Contingency, Situational, and Relational Approaches to Leadership",3,165,AP-D6-ORG-165,D6-ORG-165-faf6fc19,True,"Hersey & Blanchard (1977): ""Situational leadership theory recommends a telling (high task/low relationship) style for subordinates who have both low ability and low motivation.""","According to Hersey and Blanchard's situational leadership theory, a telling leadership style is most effective for employees who have low ability and low motivation.",Organizational Leadership,Apply/Analyze,2-3,"Hersey and Blanchard's situational leadership theory recommends a telling style (high task, low relationship) for subordinates with both low ability and low motivation.",WDEV
D6-Ch11,"Leading People: Contingency, Situational, and Relational Approaches to Leadership",4,173,AP-D6-ORG-173,D6-ORG-173-80fe27ff,True,"Hersey & Blanchard (1977): ""Hersey and Blanchard's situational leadership theory prescribes a selling (high task/high relationship) style for followers who have some competence but lack full commitment or confidence.""","As an advocate of Hersey and Blanchard's situational leadership theory, you would recommend that the newly promoted manager adopt a selling leadership style.",Organizational Leadership,Apply/Analyze,2-3,"Hersey and Blanchard's situational leadership theory prescribes a selling style (high task, high relationship) for followers who have some competence but lack full commitment or confidence.",WDEV
D6-Ch11,"Leading People: Contingency, Situational, and Relational Approaches to Leadership",5,19-1,AP-D6-ORG-19-1,D6-ORG-19-1-6ca22c2a,True,"Vroom & Yetton (1973): ""The Vroom-Yetton-Jago normative decision model provides a decision tree to determine the optimal degree of subordinate participation in decision-making, ranging from autocratic to fully democratic styles.""",The original version of Vroom-Yetton-Jago's leadership model provided a decision tree to help leaders determine the optimal leadership style in a particular situation.,Organizational Leadership,Apply/Analyze,2-3,"The Vroom-Yetton normative decision model provides a decision tree to determine the optimal degree of subordinate participation in decision-making, ranging from autocratic to fully democratic styles.",WDEV
D6-Ch11,"Leading People: Contingency, Situational, and Relational Approaches to Leadership",6,19-3,AP-D6-ORG-19-3,D6-ORG-19-3-e04071b6,True,"Vroom & Yetton (1973): ""The Vroom-Yetton-Jago contingency model provides a decision tree in which leaders answer a series of diagnostic questions about the decision situation, leading to a recommended leadership style that ranges from highly autocratic (the leader decides alone) to highly democratic (the group makes the decision by consensus)."" Context: The model was later revised by Vroom and Jago (1988) to incorporate additional situational factors and continuous rather than discrete scales.","The Vroom-Yetton-Jago contingency model provides a decision tree that poses a series of questions designed to help supervisors determine to what extent subordinates should be allowed to participate in decision-making, with the styles ranging from highly autocratic (make the decision alone) to highly democratic (let group members make the decision).",Organizational Leadership,Apply/Analyze,2-3,The Vroom-Yetton-Jago contingency model uses a decision tree of diagnostic questions to recommend a leadership style ranging from fully autocratic (leader decides alone) to fully democratic (group decides by consensus).,WDEV
D6-Ch11,"Leading People: Contingency, Situational, and Relational Approaches to Leadership",7,19-2,AP-D6-ORG-19-2,D6-ORG-19-2-5ad817d2,True,"House (1971): Path-goal theory proposes that a leader's effectiveness depends on matching leadership style to subordinate and task characteristics. The theory identifies four leadership styles (directive, supportive, participative, achievement-oriented). An advocate of path-goal theory would assess characteristics of the supervisee (e.g., experience, locus of control) and the job tasks (e.g., structure, complexity) and, based on those factors, recommend adopting the most appropriate style -- such as a supportive style when the supervisee faces stressful or dissatisfying tasks.","An advocate of House's path-goal theory would question the supervisor about some of the characteristics of the supervisee and his job tasks, and based on her answers, recommend that she adopt a supportive style with this supervisee.",Organizational Leadership,Apply/Analyze,2-3,"House's path-goal theory holds that leader effectiveness depends on matching one of four leadership styles (directive, supportive, participative, achievement-oriented) to subordinate characteristics and task features.",WDEV
D6-Ch11,"Leading People: Contingency, Situational, and Relational Approaches to Leadership",8,182,AP-D6-ORG-182,D6-ORG-182-9e0a8e7c,True,"Graen & Uhl-Bien (1995): ""Leader-member exchange (LMX) theory proposes that leaders form qualitatively different relationships with subordinates, distinguishing between in-group members (who receive greater trust, resources, and latitude) and out-group members.""",Leader-member exchange theory proposes that leaders have qualitatively different relationships with in-group and out-group subordinates.,Organizational Leadership,Apply/Analyze,2-3,"Leader-member exchange (LMX) theory proposes that leaders form qualitatively different relationships with in-group members (receiving greater trust, resources, and latitude) versus out-group members.",WDEV
D6-Ch12,"Making Better Decisions: Bounded Rationality, Groupthink, and When Groups Go Wrong",1,188,AP-D6-ORG-188,D6-ORG-188-3c7f9093,True,"Simon (1957): ""Simon's bounded rationality model holds that decision-makers satisfice -- selecting the first minimally acceptable alternative rather than optimizing -- due to cognitive limitations, time constraints, and incomplete information.""",Simon's bounded rationality model of decision-making proposes that decision-makers tend to satisfice rather than optimize due to individual and organizational factors.,Organizational Decision-Making,Analyze,3,"Simon's bounded rationality model holds that decision-makers satisfice — selecting the first minimally acceptable alternative rather than optimizing — due to cognitive limitations, time constraints, and incomplete information.",WDEV
D6-Ch12,"Making Better Decisions: Bounded Rationality, Groupthink, and When Groups Go Wrong",2,22,AP-D6-ORG-22,D6-ORG-22-62d7be80,True,"Simon (1957): ""Managers often satisfice rather than optimize or maximize in organizational decision-making because cognitive limitations, time constraints, and incomplete information prevent them from identifying and evaluating all possible alternatives to find the absolute best solution."" Context: Simon's concept of bounded rationality challenged classical economic models that assumed fully rational decision-makers, and the tendency to satisfice is a direct consequence of these cognitive and situational bounds.","Managers often ""satisfice"" rather than ""optimize"" or ""maximize"" due to time constraints and limited cognitive abilities, as described by Simon (1957) in his bounded rationality model.",Organizational Decision-Making,Analyze,3,"Simon's (1957) bounded rationality model holds that managers satisfice rather than optimize because cognitive limitations, time constraints, and incomplete information prevent identification of the absolute best solution.",WDEV
D6-Ch12,"Making Better Decisions: Bounded Rationality, Groupthink, and When Groups Go Wrong",3,019,AP-D6-ORG-019,D6-ORG-019-578e9145,True,"Simon (1960): ""A programmed decision is a routine, repetitive decision governed by established rules or procedures, requiring minimal deliberation each time it is executed.""",An employee of the Acme Company who always orders inventory as soon as the level of inventory falls below a specified point is engaging in a programmed decision.,Organizational Decision-Making,Analyze,3,"A programmed decision is a routine, repetitive decision governed by established rules or procedures, requiring minimal deliberation each time it is executed.",WDEV
D6-Ch12,"Making Better Decisions: Bounded Rationality, Groupthink, and When Groups Go Wrong",4,185,AP-D6-ORG-185,D6-ORG-185-d978139f,True,"Janis (1982): ""Groupthink is most likely to develop in highly cohesive groups with a strong directive leader who signals a preferred course of action, combined with insulation from outside expert opinion.""","As described by Janis (1982), groupthink is most likely to occur in highly cohesive groups that have a strong directive leader.",Organizational Decision-Making,Analyze,3,"Janis identified groupthink as most likely in highly cohesive groups with a strong directive leader who signals a preferred outcome, combined with insulation from outside expert opinion.",WDEV
D6-Ch12,"Making Better Decisions: Bounded Rationality, Groupthink, and When Groups Go Wrong",5,018,AP-D6-ORG-018,D6-ORG-018-52114f0c,True,"Janis (1982): ""A self-appointed mindguard is a group member who shields the group from dissenting or disconfirming information to preserve cohesion, serving as an information gatekeeper -- identified as a symptom of groupthink.""","Self-appointed mindguards shield group members from disconfirming or problematic information that might have an adverse effect on the group's cohesiveness, acting as an information filter, as described by Janis's concept of groupthink.",Organizational Decision-Making,Analyze,3,"In Janis's groupthink model, self-appointed mindguards are group members who shield the group from dissenting or disconfirming information to preserve cohesion.",WDEV
D6-Ch12,"Making Better Decisions: Bounded Rationality, Groupthink, and When Groups Go Wrong",6,20-2,AP-D6-ORG-20-2,D6-ORG-20-2-0bba93e2,True,"Janis (1982): ""Appointing a designated devil's advocate to challenge assumptions and present counterarguments is an established strategy for reducing the likelihood of groupthink.""","To reduce the likelihood that a work group's decisions will be affected by groupthink, the group leader can appoint a member to act as ""devil's advocate.""",Organizational Decision-Making,Analyze,3,"According to Janis (1982), appointing a designated devil's advocate to challenge assumptions and present counterarguments is an established strategy for reducing groupthink.",WDEV
D6-Ch12,"Making Better Decisions: Bounded Rationality, Groupthink, and When Groups Go Wrong",7,21,AP-D6-ORG-21,D6-ORG-21-b19445ff,True,"Janis (1982): ""To reduce the risk of groupthink, the group leader should remain neutral at the beginning of discussions, actively encourage members to express dissenting opinions, appoint one member to serve as devil's advocate, and invite outside experts to provide independent perspectives."" Context: These preventive strategies counteract the antecedent conditions of groupthink by disrupting premature consensus, reducing conformity pressure, and introducing diverse viewpoints.","Janis proposes that group leaders can reduce the risk for groupthink by remaining neutral in the beginning of a discussion, encouraging members to express their opinions, appointing a member to play devil's advocate, and bringing in outside opinions.",Organizational Decision-Making,Analyze,3,"Janis (1982) recommended that leaders reduce groupthink by remaining neutral, encouraging dissenting opinions, appointing a devil's advocate, and inviting outside experts.",WDEV
D6-Ch12,"Making Better Decisions: Bounded Rationality, Groupthink, and When Groups Go Wrong",8,20-1,AP-D6-ORG-20-1,D6-ORG-20-1-30028431,True,"Isenberg (1986): ""Group polarization is said to occur when an initial tendency of individual group members toward a given direction is enhanced following group discussion. On decisions in which group members have, on the average, a moderate proclivity in a given direction, group discussion results in a more extreme average proclivity in the same direction.""",Group polarization refers to the tendency of a group to make more extreme decisions than would be made by individual group members working alone.,Organizational Decision-Making,Analyze,3,"Group polarization occurs when group discussion enhances members' initial tendencies, resulting in a more extreme average position in the same direction as the group's pre-discussion inclination.",WDEV
D6-Ch13,"Transforming Organizations: Change Models, OD Interventions, and the Art of Continuous Improvement",1,16-2,AP-D6-ORG-16-2,D6-ORG-16-2-4916d367,True,"Lewin (1951): ""Lewin's three-stage model of planned organizational change involves unfreezing (disrupting the status quo), changing (introducing new behaviors or processes), and refreezing (stabilizing the new state as the norm).""","Lewin's (1951) model of planned change in organizations involves unfreezing, changing, and refreezing.",Organizational Change and Development,Analyze/Evaluate,3-4,"Lewin's three-stage model of planned organizational change involves unfreezing (disrupting the status quo), changing (introducing new behaviors), and refreezing (stabilizing the new state as the norm).",WDEV
D6-Ch13,"Transforming Organizations: Change Models, OD Interventions, and the Art of Continuous Improvement",2,025,AP-D6-ORG-025,D6-ORG-025-d63a75ef,True,"Cummings & Worley (2009): The first phase of planned organizational change is ""entering and contracting,"" in which the primary focus is on identifying the relevant client(s) for addressing the organization's problems. This involves clarifying the organizational issues, determining the appropriate stakeholders, and establishing a collaborative relationship between the OD practitioner and the client system.","According to Cummings and Worley (2009), the primary focus during the beginning of the first phase of planned change is on identifying the relevant client(s) for addressing the organization's problems.",Organizational Change and Development,Analyze/Evaluate,3-4,"In Cummings and Worley's planned organizational change model, the first phase — entering and contracting — focuses primarily on identifying the relevant client(s) and establishing a collaborative relationship with the client system.",WDEV
D6-Ch13,"Transforming Organizations: Change Models, OD Interventions, and the Art of Continuous Improvement",3,160,AP-D6-ORG-160,D6-ORG-160-71b8f03d,True,"Cooperrider & Whitney (2005): The 4D model of appreciative inquiry describes organizational change as a cycle of four stages: Discovery (appreciating ""the best of what is""), Dream (envisioning ""what might be""), Design (co-constructing ""what should be""), and Destiny (sustaining ""what will be""). The first stage, Discovery, involves identifying and appreciating the organization's existing strengths and peak experiences.","The 4D model of appreciative inquiry describes organizational change as involving a cycle that consists of four stages, the first of which is the discover (or discovery) stage.",Organizational Change and Development,Analyze/Evaluate,3-4,"The 4D model of appreciative inquiry cycles through Discovery (appreciating existing strengths), Dream (envisioning possibilities), Design (co-constructing ideals), and Destiny (sustaining change), beginning with identifying organizational peak experiences.",WDEV
D6-Ch13,"Transforming Organizations: Change Models, OD Interventions, and the Art of Continuous Improvement",4,155,AP-D6-ORG-155,D6-ORG-155-2280fa48,True,"Schein (1999): ""Process consultation is an OD intervention in which a consultant helps a work group examine and improve its internal processes -- particularly communication patterns, problem-solving approaches, and decision-making methods.""","During process consultation, an organizational development (OD) consultant will most likely focus on communication, decision-making, and problem-solving.",Organizational Change and Development,Analyze/Evaluate,3-4,"Process consultation is an OD intervention in which a consultant helps a work group examine and improve its internal processes, particularly communication patterns, problem-solving, and decision-making.",WDEV
D6-Ch13,"Transforming Organizations: Change Models, OD Interventions, and the Art of Continuous Improvement",5,15,AP-D6-ORG-15,D6-ORG-15-dcadc61b,True,"Schein (1999): ""A primary focus of process consultation is examining how groups of employees discuss problems, make decisions, and achieve work-related goals, with the consultant helping the group become aware of and improve its own internal processes."" Context: Process consultation is classified as a human process OD intervention because it targets interpersonal and group dynamics rather than organizational structure or technology.","A primary focus of process consultation is determining how groups of employees discuss problems, make decisions, and achieve work-related goals.",Organizational Change and Development,Analyze/Evaluate,3-4,"Process consultation, a human process OD intervention, focuses on helping work groups examine and improve how they communicate, solve problems, and make decisions, rather than targeting organizational structure or technology.",WDEV
D6-Ch13,"Transforming Organizations: Change Models, OD Interventions, and the Art of Continuous Improvement",6,16-1,AP-D6-ORG-16-1,D6-ORG-16-1-02deca69,True,"Cummings & Worley (2009): ""Process consultation is classified as a human process intervention, not a technostructural intervention, because it targets interpersonal and group dynamics rather than organizational structure or technology.""",Process consultation is not an example of a technostructural intervention.,Organizational Change and Development,Analyze/Evaluate,3-4,"Process consultation is classified as a human process OD intervention, not a technostructural intervention, because it targets interpersonal and group dynamics rather than organizational structure or technology.",WDEV
D6-Ch13,"Transforming Organizations: Change Models, OD Interventions, and the Art of Continuous Improvement",7,158,AP-D6-ORG-158,D6-ORG-158-b1055e89,True,"French & Bell (1999): ""Survey feedback systematically gathers employee attitudes and perceptions about their work environment, then shares the aggregated results with the workforce to guide change efforts.""","Survey feedback, an organizational development technique, involves obtaining information on employee attitudes and opinions about important aspects of their work.",Organizational Change and Development,Analyze/Evaluate,3-4,"Survey feedback is an OD technique that systematically gathers employee attitudes and perceptions about their work environment, then shares aggregated results with the workforce to guide organizational change.",WDEV
D6-Ch13,"Transforming Organizations: Change Models, OD Interventions, and the Art of Continuous Improvement",8,161,AP-D6-ORG-161,D6-ORG-161-74263d26,True,"Ishikawa (1985): ""Quality circles are small voluntary groups of employees who meet regularly to identify, analyze, and propose solutions for work-related problems, presenting recommendations to management.""",Members of quality circles (QCs) provide management with recommendations for resolving the work-related problems they've identified.,Organizational Change and Development,Analyze/Evaluate,3-4,"Quality circles are small voluntary employee groups that meet regularly to identify, analyze, and propose solutions for work-related problems, presenting recommendations to management.",WDEV
D6-Ch13,"Transforming Organizations: Change Models, OD Interventions, and the Art of Continuous Improvement",9,16-3,AP-D6-ORG-16-3,D6-ORG-16-3-ca07753f,True,"Deming (1986): ""Total quality management (TQM) centers on continuous improvement, full employee involvement, customer satisfaction, and data-driven decision-making as organizational operating principles.""","The primary emphases of TQM are continuous improvement, total employee involvement, customer satisfaction, and data-driven decision-making.",Organizational Change and Development,Analyze/Evaluate,3-4,"Total quality management (TQM) centers on continuous improvement, full employee involvement, customer satisfaction, and data-driven decision-making as core organizational operating principles.",WDEV
D6-Ch13,"Transforming Organizations: Change Models, OD Interventions, and the Art of Continuous Improvement",10,112,AP-D6-ORG-112,D6-ORG-112-3d343ad5,True,"Deming (1986): ""The essential features of total quality management (TQM) include continuous improvement of processes, full employee involvement at all organizational levels, and data-supported decision-making to systematically enhance product and service quality."" Context: TQM originated in manufacturing but has been applied broadly as an organizational development strategy emphasizing customer satisfaction and statistical process control.","The essential features of total quality management (TQM) include continuous improvement, full employee involvement, and data-supported decisions.",Organizational Change and Development,Analyze/Evaluate,3-4,"Total quality management (TQM) is characterized by three essential features: continuous improvement of processes, full employee involvement at all organizational levels, and data-supported decision-making.",WDEV
D6-Ch14,"Developing Talent: Training, Evaluation, Workplace Well-Being, and the Integration of Career Science",1,107,AP-D6-ORG-107,D6-ORG-107-691bbedf,True,"Bandura (1986): ""Behavior modeling training, grounded in social cognitive theory, involves trainees observing a model demonstrate target behaviors and then practicing those behaviors with feedback and reinforcement.""
   - NO PDF ON FILE: Bandura (1986) is a book (Social Foundations of Thought and Action). No replacement PDF found on /Volumes/LaCie/.",Behavior modeling is based on Bandura's (1986) social cognitive theory of learning and involves having trainees observe a model perform the desired behaviors and giving trainees feedback and reinforcement while they practice modeled behaviors.,Training Methods and Evaluation,Evaluate,3-4,"Behavior modeling training, grounded in Bandura's social cognitive theory, involves trainees observing a model demonstrate target behaviors, then practicing those behaviors with feedback and reinforcement.",WDEV
D6-Ch14,"Developing Talent: Training, Evaluation, Workplace Well-Being, and the Integration of Career Science",1,74,AP-D6-ORG-74,D6-ORG-74-93bd896b,True,"W. K. Kellogg Foundation (2004): ""A program logic model is a visual schematic depicting the causal chain from program resources (inputs) through activities and outputs to short- and long-term outcomes, used to guide program development, implementation, and evaluation.""","A program logic model is a visual representation of a program's components and is used to assist with the development, implementation, and evaluation of the program, and its common components include resources, activities, and outputs.",Organizational Change and Development,Evaluate,3-4,"A program logic model is a visual representation depicting the causal chain from inputs through activities and outputs to short- and long-term outcomes, used to guide program development, implementation, and evaluation.",WDEV
D6-Ch14,"Developing Talent: Training, Evaluation, Workplace Well-Being, and the Integration of Career Science",1,006,AP-D6-ORG-006,D6-ORG-006-f17d3d1e,True,"Selye (1956): ""During the alarm reaction stage of the general adaptation syndrome, the hypothalamus activates the sympathetic nervous system and stimulates the adrenal medulla to release epinephrine and norepinephrine, while the pituitary gland releases adrenocorticotropic hormone (ACTH), initiating the body's fight-or-flight response."" Context: The alarm reaction is the first of three stages (alarm, resistance, exhaustion) in Selye's model of the physiological stress response.","During the alarm reaction stage of Selye's general adaptation syndrome, the hypothalamus activates the sympathetic nervous system and stimulates the adrenal medulla to release epinephrine and norepinephrine and the pituitary gland to release adrenocorticotropic hormone (ACTH).","Satisfaction, Commitment, and Stress",Evaluate,3-4,"During the alarm reaction stage of Selye's general adaptation syndrome, the hypothalamus activates the sympathetic nervous system, stimulating the adrenal medulla to release epinephrine and norepinephrine and the pituitary to release ACTH.",WDEV
D6-Ch14,"Developing Talent: Training, Evaluation, Workplace Well-Being, and the Integration of Career Science",1,023,AP-D6-ORG-023,D6-ORG-023-d05d91bd,True,"Tiedeman & O'Hara (1963): ""The career decision-making model views career identity development as an ongoing process linked to Erikson's psychosocial stages of ego identity development, proposing that vocational identity emerges through a continuous cycle of anticipation and implementation decisions across the lifespan."" Context: Tiedeman's model integrates Erikson's developmental framework with career decision-making, emphasizing that vocational identity and ego identity develop in tandem.",The career decision-making model developed by Tiedeman and his colleagues views career identity development as an ongoing process that's linked to Erikson's psychosocial stages of ego identity development.,Career Choice and Development,Evaluate,3-4,"Tiedeman and O'Hara's career decision-making model views vocational identity development as an ongoing process linked to Erikson's psychosocial stages, with career and ego identity developing in tandem through cycles of anticipation and implementation.",WDEV
D6-Ch14,"Developing Talent: Training, Evaluation, Workplace Well-Being, and the Integration of Career Science",2,12,AP-D6-ORG-12,D6-ORG-12-07ba380c,True,"Kirkpatrick (1998): ""Kirkpatrick's four-level training evaluation model ranks criteria from least to most informative: reaction (satisfaction), learning (knowledge/skill gain), behavior (on-the-job application), and results (organizational impact).""
   - NO PDF ON FILE: Kirkpatrick (1998) is a book (Evaluating Training Programs: The Four Levels, 2nd ed.). No replacement PDF found on /Volumes/LaCie/.","Kirkpatrick's evaluation model for training programs identifies results as the most informative level, followed by behavior, learning, and reaction.",Training Methods and Evaluation,Evaluate,3-4,"Kirkpatrick's four-level training evaluation model ranks criteria from least to most informative: reaction, learning, behavior, and results.",WDEV
D6-Ch14,"Developing Talent: Training, Evaluation, Workplace Well-Being, and the Integration of Career Science",2,17,AP-D6-ORG-17,D6-ORG-17-6272abf4,True,"Baltes, Briggs, Huff, Wright, & Neuman (1999): ""Among the effects of the compressed workweek, meta-analytic evidence indicates the strongest beneficial effect is on job satisfaction, with weaker positive effects on productivity and mixed findings regarding absenteeism."" Context: The compressed workweek allows employees to work their full weekly hours in fewer days (e.g., four 10-hour days), a schedule arrangement most strongly associated with attitudinal benefits.",The compressed workweek has the strongest beneficial effect on job satisfaction based on research.,Organizational Change and Development,Evaluate,3-4,"Meta-analytic evidence shows the compressed workweek has its strongest beneficial effect on job satisfaction, with weaker positive effects on productivity and mixed findings on absenteeism.",WDEV
D6-Ch14,"Developing Talent: Training, Evaluation, Workplace Well-Being, and the Integration of Career Science",2,24-1,AP-D6-ORG-24-1,D6-ORG-24-1-8b54349b,True,"Sapolsky (1996): ""Chronic elevation of cortisol associated with prolonged stress is linked to hippocampal neuronal loss and impaired memory consolidation.""",A chronically elevated level of the stress hormone cortisol has been linked to a loss of neurons in the hippocampus and memory impairment.,"Satisfaction, Commitment, and Stress",Evaluate,3-4,Chronically elevated cortisol associated with prolonged stress is linked to hippocampal neuronal loss and impaired memory consolidation.,WDEV
D6-Ch14,"Developing Talent: Training, Evaluation, Workplace Well-Being, and the Integration of Career Science",2,003,AP-D6-ORG-003,D6-ORG-003-2362e85b,True,"Driver (1979): ""The career concept model distinguishes four career patterns -- linear (upward movement in a hierarchy), expert (lifelong commitment to a specialty), spiral (periodic lateral moves to related fields), and transitory (frequent changes across unrelated fields) -- each driven by different motives and characterized by different directions and frequencies of career change."" Context: Driver and Brousseau's model emphasizes that individuals differ in their preferred patterns of career movement and that organizations should align career management systems accordingly.","Driver and Brousseau's career concept model distinguishes between four career concepts that differ in terms of key motives, direction of career movement, and frequency of career change.",Career Choice and Development,Evaluate,3-4,"Driver's career concept model distinguishes four career patterns—linear, expert, spiral, and transitory—differing in direction of movement, frequency of change, and key motives.",WDEV
D6-Ch14,"Developing Talent: Training, Evaluation, Workplace Well-Being, and the Integration of Career Science",3,10-3,AP-D6-ORG-10-3,D6-ORG-10-3-a93c4724,True,"Kirkpatrick (1998): ""In Kirkpatrick's four-level training evaluation model, reaction criteria (Level 1) provide the least valuable information about training effectiveness because they assess only trainee satisfaction with the program, not whether learning, behavioral change, or organizational results actually occurred."" Context: The four levels progress from reaction (least informative) through learning, behavior, and results (most informative), with each successive level providing more meaningful evidence of training impact.","According to Kirkpatrick's (1998) evaluation model, reaction criteria provide the least valuable information about the effects of a training program.",Training Methods and Evaluation,Evaluate,3-4,"In Kirkpatrick's four-level training evaluation model, reaction criteria (Level 1) provide the least valuable information about training effectiveness because they measure only trainee satisfaction, not learning, behavior change, or organizational results.",WDEV
D6-Ch14,"Developing Talent: Training, Evaluation, Workplace Well-Being, and the Integration of Career Science",3,010,AP-D6-ORG-010,D6-ORG-010-6784886a,True,"Baltes, Briggs, Huff, Wright, & Neuman (1999): ""Meta-analytic findings indicate that the compressed workweek has a strong positive effect on job satisfaction, a positive but weaker effect on productivity, and unclear or inconsistent effects on absenteeism."" Context: The compressed workweek (e.g., four 10-hour days) is an alternative work schedule that consolidates the standard work hours into fewer days per week.","The compressed workweek has a strong positive effect on job satisfaction, a positive but weaker effect on job productivity, and unclear effects on absenteeism.",Organizational Change and Development,Evaluate,3-4,"Meta-analytic evidence shows the compressed workweek has a strong positive effect on job satisfaction, a weaker positive effect on productivity, and inconsistent effects on absenteeism.",WDEV
D7-Ch01,"The Language of the Brain: Neurons, Neurotransmitters, and Neural Signaling",1,195,AP-D7-PHY-195,D7-PHY-195-17b48e1e,True,"Neubig, Spedding, Kenakin, & Christopoulos (2003): An agonist is ""a ligand that binds to a receptor and alters the receptor state resulting in a biological response."" An antagonist produces no intrinsic effect on its own but ""reduces the action of another drug, generally an agonist"" by blocking the action of a neurotransmitter at receptor sites or by inhibiting its synthesis or release.","An antagonist produces no effect on its own but, instead, blocks the action of a neurotransmitter at receptor sites or inhibits the synthesis or release of the neurotransmitter.","Nervous System, Neurons, and Neurotransmitters",Remember,1,An antagonist produces no intrinsic effect but reduces the action of an agonist by blocking neurotransmitter receptor binding or inhibiting neurotransmitter synthesis or release.,BPSY
D7-Ch01,"The Language of the Brain: Neurons, Neurotransmitters, and Neural Signaling",2,11-1,AP-D7-PHY-11-1,D7-PHY-11-1-1ef0d0ae,True,"Mohler (2006): GABA agonists ""enhance the inhibitory action of GABA at GABA-A receptors, thereby reducing neuronal excitability.""",A GABA agonist enhances the inhibitory effects of GABA.,"Nervous System, Neurons, and Neurotransmitters",Remember,1,"A GABA agonist enhances the inhibitory action of GABA at GABA-A receptors, reducing neuronal excitability.",BPSY
D7-Ch01,"The Language of the Brain: Neurons, Neurotransmitters, and Neural Signaling",3,013,AP-D7-PHY-013,D7-PHY-013-c82e1b62,True,"Lydiard (2003): ""GABA is the primary inhibitory neurotransmitter in the mammalian central nervous system, and GABAergic dysfunction has been implicated in the pathophysiology of anxiety disorders."" Reduced GABA levels are associated with heightened anxiety.","Gamma-aminobutyric acid (GABA) is a major inhibitory neurotransmitter, and disruption of its production or transmission in certain areas of the brain produces anxiety.","Nervous System, Neurons, and Neurotransmitters",Remember,1,GABA is the primary inhibitory neurotransmitter in the CNS; reduced GABAergic activity is associated with heightened anxiety and implicated in anxiety disorder pathophysiology.,BPSY
D7-Ch01,"The Language of the Brain: Neurons, Neurotransmitters, and Neural Signaling",4,30,AP-D7-PHY-30,D7-PHY-30-54ad7a6b,True,"Dale (1914): Acetylcholine (ACh) acts on two major classes of receptors: nicotinic receptors (ionotropic, found at neuromuscular junctions, autonomic ganglia, and in the CNS) and muscarinic receptors (metabotropic, found in the heart, smooth muscle, glands, and CNS). ACh is the primary neurotransmitter at the neuromuscular junction, in preganglionic autonomic neurons, and in parasympathetic postganglionic neurons.","Acetylcholine is the neurotransmitter that binds to both nicotinic and muscarinic receptors, which are located in the central and peripheral nervous systems.","Nervous System, Neurons, and Neurotransmitters",Remember,1,"Acetylcholine binds to nicotinic receptors (ionotropic) at neuromuscular junctions and autonomic ganglia, and muscarinic receptors (metabotropic) in the heart, smooth muscle, glands, and CNS.",BPSY
D7-Ch01,"The Language of the Brain: Neurons, Neurotransmitters, and Neural Signaling",5,12-2,AP-D7-PHY-12-2,D7-PHY-12-2-b05aea36,True,"Wise (2004): ""Dopamine release in the nucleus accumbens has been linked to the efficacy of these unconditioned rewards."" Cocaine blocks the dopamine transporter; amphetamines block reuptake and stimulate reverse transport.","Dopamine is the neurotransmitter that regulates activity in the mesolimbic pathway and is known to be an important contributor to the rewarding effects of cocaine, amphetamines, and other addictive drugs.","Nervous System, Neurons, and Neurotransmitters",Remember,1,Dopamine release in the nucleus accumbens via the mesolimbic pathway mediates the rewarding effects of cocaine and amphetamines; cocaine blocks the dopamine transporter while amphetamines block reuptake and stimulate reverse transport.,BPSY
D7-Ch01,"The Language of the Brain: Neurons, Neurotransmitters, and Neural Signaling",6,10-1,AP-D7-PHY-10-1,D7-PHY-10-1-f4970c40,True,"Asberg, Traskman, & Thoren (1976): Depressed patients with low CSF concentrations of 5-HIAA (primary serotonin metabolite) were significantly more likely to have attempted suicide and at greater risk for future attempts. Low CSF 5-HIAA is a biological marker of suicidal risk.",Suicide attempters with low levels of serotonin metabolites in their cerebrospinal fluid are at higher risk than those with higher levels for repeated suicide attempts and completed suicide.,"Nervous System, Neurons, and Neurotransmitters",Remember,1,"Asberg, Traskman, & Thoren (1976) found that depressed patients with low CSF concentrations of 5-HIAA (the primary serotonin metabolite) were significantly more likely to have attempted suicide and remained at greater risk for future attempts.",BPSY
D7-Ch01,"The Language of the Brain: Neurons, Neurotransmitters, and Neural Signaling",7,010,AP-D7-PHY-010,D7-PHY-010-f8ee483e,True,"Howes & Kapur (2009): The dopamine hypothesis attributes psychosis in schizophrenia to hyperdopaminergia in the mesolimbic dopamine pathway, producing aberrant salience.",The dopamine hypothesis attributes schizophrenia to elevated levels of or oversensitivity to dopamine in certain areas of the brain.,"Nervous System, Neurons, and Neurotransmitters",Remember,1,"The dopamine hypothesis attributes schizophrenic psychosis to hyperdopaminergia in the mesolimbic pathway, producing aberrant salience (Howes & Kapur, 2009).",BPSY
D7-Ch02,"Below the Cortex I: Thalamus, Hypothalamus, and the Limbic System",1,057,AP-D7-PHY-057,D7-PHY-057-2a07df60,True,"Sherman & Guillery (2002): ""Virtually all information that reaches the cerebral cortex must first pass through the thalamus."" First-order relays carry information from the sensory periphery (visual, auditory, tactile) to the cortex, with olfaction as the exception.",The thalamus processes and transfers all incoming sensory information except olfactory information to appropriate areas in the cerebral cortex.,"Brain Regions/Functions - Hindbrain, Midbrain, and Subcortical Forebrain Structures",Remember/Understand,1-2,"The thalamus relays virtually all sensory information to the cerebral cortex, with olfaction as the sole exception.",BPSY
D7-Ch02,"Below the Cortex I: Thalamus, Hypothalamus, and the Limbic System",2,054,AP-D7-PHY-054,D7-PHY-054-25712d3a,True,"Saper & Lowell (2014): The hypothalamus ""contains highly conserved neural circuitry that controls basic life functions: these include energy metabolism, from feeding through digestion, metabolic control, and energy expenditure; fluid and electrolyte balance; thermoregulation; wake-sleep cycles; and reproduction.""","The hypothalamus helps maintain the body's homeostasis by regulating body temperature, fluid and electrolyte balance, blood pressure, and other important functions.","Brain Regions/Functions - Hindbrain, Midbrain, and Subcortical Forebrain Structures",Remember/Understand,1-2,"The hypothalamus regulates energy metabolism, fluid and electrolyte balance, thermoregulation, wake-sleep cycles, and reproduction to maintain homeostasis.",BPSY
D7-Ch02,"Below the Cortex I: Thalamus, Hypothalamus, and the Limbic System",3,003,AP-D7-PHY-003,D7-PHY-003-7ed02cc3,True,"Moore (1997): The suprachiasmatic nucleus (SCN) of the hypothalamus is the master circadian pacemaker in mammals, generating and coordinating approximately 24-hour cycles. It regulates the sleep-wake cycle, daily fluctuations in core body temperature, and rhythmic secretion of hormones including melatonin and cortisol via projections to the pineal gland and hypothalamic-pituitary axis.","The suprachiasmatic nucleus located in the hypothalamus controls the body's circadian rhythms (24-hour cycles), which include the sleep-wake cycle and daily changes in core body temperature and the secretion of several hormones.","Brain Regions/Functions - Hindbrain, Midbrain, and Subcortical Forebrain Structures",Remember/Understand,1-2,"The suprachiasmatic nucleus (SCN) of the hypothalamus is the master circadian pacemaker, regulating the sleep-wake cycle, core body temperature fluctuations, and rhythmic secretion of melatonin and cortisol.",BPSY
D7-Ch02,"Below the Cortex I: Thalamus, Hypothalamus, and the Limbic System",4,03-1,AP-D7-PHY-03-1,D7-PHY-03-1-b9c2f728,True,"Moore (1997): The suprachiasmatic nucleus (SCN) of the anterior hypothalamus is the ""master circadian pacemaker in mammals."" Regulates the sleep-wake cycle by modulating melatonin secretion from the pineal gland.",The suprachiasmatic nucleus controls the sleep-wake cycle by triggering changes in the release of melatonin by the pineal gland.,"Brain Regions/Functions - Hindbrain, Midbrain, and Subcortical Forebrain Structures",Remember/Understand,1-2,"The suprachiasmatic nucleus (SCN) of the anterior hypothalamus is the master circadian pacemaker, regulating the sleep-wake cycle by modulating melatonin secretion from the pineal gland.",BPSY
D7-Ch02,"Below the Cortex I: Thalamus, Hypothalamus, and the Limbic System",5,04-1,AP-D7-PHY-04-1,D7-PHY-04-1-7a86366b,True,"Siegel, Roeling, Gregg, & Kruk (1999): Medial hypothalamic stimulation elicits affective (defensive) aggression. Lateral hypothalamic stimulation produces predatory (stalking) aggression.","Various areas of the hypothalamus have been linked to different types of aggressive behavior in several animal species, with electrical stimulation of the medial hypothalamus usually producing affective attack behavior and electrical stimulation of the lateral hypothalamus producing stalking attack behavior in cats and other animal species.","Brain Regions/Functions - Hindbrain, Midbrain, and Subcortical Forebrain Structures",Remember/Understand,1-2,"Medial hypothalamic stimulation elicits affective (defensive) aggression, while lateral hypothalamic stimulation produces predatory (stalking) aggression, as demonstrated in animal studies.",BPSY
D7-Ch02,"Below the Cortex I: Thalamus, Hypothalamus, and the Limbic System",6,51,AP-D7-PHY-51,D7-PHY-51-c4e2cdbc,True,Gimpl & Fahrenholz (2001): Oxytocin is synthesized in the hypothalamus and released into the systemic circulation from the posterior pituitary. Primary functions include uterine contraction during labor and milk ejection (let-down reflex) during breastfeeding.,Oxytocin is a hormone produced by the hypothalamus that is important for stimulating milk ejection during breastfeeding.,"Brain Regions/Functions - Hindbrain, Midbrain, and Subcortical Forebrain Structures",Remember/Understand,1-2,"Oxytocin is synthesized in the hypothalamus and released from the posterior pituitary, with primary functions of stimulating uterine contractions during labor and milk ejection during breastfeeding.",BPSY
D7-Ch02,"Below the Cortex I: Thalamus, Hypothalamus, and the Limbic System",7,02-3,AP-D7-PHY-02-3,D7-PHY-02-3-ea710487,True,"Shahrestani, Kemp, & Guastella (2013): Exogenous oxytocin administration in healthy adults without baseline deficits in emotion perception can enhance sensitivity to emotional facial expressions, potentially leading to oversensitivity. Oxytocin modulates social cognition by increasing attentional salience of social cues, including emotional faces.",Increasing the level of oxytocin in healthy adults who do not have deficits in emotion perception can cause them to become overly sensitive to the emotional facial expressions of others.,"Brain Regions/Functions - Hindbrain, Midbrain, and Subcortical Forebrain Structures",Remember/Understand,1-2,Exogenous oxytocin administration in healthy adults without baseline deficits in emotion perception can cause oversensitivity to emotional facial expressions by increasing attentional salience of social cues.,BPSY
D7-Ch02,"Below the Cortex I: Thalamus, Hypothalamus, and the Limbic System",8,076,AP-D7-PHY-076,D7-PHY-076-33b34f79,True,"Squire (1992): ""the hippocampus (together with anatomically related structures)"" is essential for the formation of long-term declarative (explicit) memory — memory for facts and events that is accessible to conscious recollection. Bilateral hippocampal damage produces severe anterograde amnesia.","The hippocampus is involved in consolidating long-term declarative memories, and its injury would likely result in the inability to form new long-term declarative memories, as seen in the young woman with a traumatic brain injury.","Brain Regions/Functions - Hindbrain, Midbrain, and Subcortical Forebrain Structures",Remember/Understand,1-2,"The hippocampus is essential for forming long-term declarative (explicit) memories, and bilateral hippocampal damage produces severe anterograde amnesia.",BPSY
D7-Ch02,"Below the Cortex I: Thalamus, Hypothalamus, and the Limbic System",9,020,AP-D7-PHY-020,D7-PHY-020-a616843d,True,"Shin, Rauch, & Pitman (2006): PTSD neuroimaging shows three consistent findings: (1) amygdala hyperresponsivity to threat stimuli, (2) diminished ventromedial prefrontal cortex activation, and (3) reduced hippocampal volume.","Neuroimaging studies have linked posttraumatic stress disorder (PTSD) to a reduced volume of the hippocampus, decreased activity in the ventromedial prefrontal cortex, and increased activity in the amygdala.","Brain Regions/Functions - Hindbrain, Midbrain, and Subcortical Forebrain Structures",Remember/Understand,1-2,"PTSD is neuroimaging-linked to three consistent findings: amygdala hyperresponsivity to threat stimuli, diminished ventromedial prefrontal cortex activation, and reduced hippocampal volume.",BPSY
D7-Ch02,"Below the Cortex I: Thalamus, Hypothalamus, and the Limbic System",10,068,AP-D7-PHY-068,D7-PHY-068-836c62ca,True,"McGaugh (2004): ""the BLA modulates the consolidation of memory of many different kinds of information"" via its projections to other brain regions.",The consolidation of emotional memories is mediated primarily by the amygdala.,"Brain Regions/Functions - Hindbrain, Midbrain, and Subcortical Forebrain Structures",Remember/Understand,1-2,The basolateral amygdala (BLA) modulates consolidation of many types of memory via its projections to other brain regions.,BPSY
D7-Ch03,"Below the Cortex II: Basal Ganglia, Brainstem, and Cerebellum",1,065,AP-D7-PHY-065,D7-PHY-065-38bef710,True,"Graybiel (2000): The basal ganglia are involved in the regulation of voluntary movement and consist of the caudate nucleus, putamen, and globus pallidus. ""Lesions of the basal ganglia lead to devastating motor disorders, including Parkinson's disease and Huntington's disease."" In addition, abnormalities in these structures have been linked to Tourette's disorder, ADHD, and obsessive-compulsive disorder.","The basal ganglia are involved in the regulation of voluntary movement and consist of the caudate nucleus, putamen, and globus pallidus, and a number of disorders have been linked to abnormalities in these structures including Tourette's disorder, ADHD, and obsessive-compulsive disorder.","Brain Regions/Functions - Hindbrain, Midbrain, and Subcortical Forebrain Structures",Understand,2,"The basal ganglia (caudate nucleus, putamen, globus pallidus) regulate voluntary movement, and lesions cause disorders including Parkinson's disease, Huntington's disease, Tourette's disorder, ADHD, and OCD.",BPSY
D7-Ch03,"Below the Cortex II: Basal Ganglia, Brainstem, and Cerebellum",2,03-2,AP-D7-PHY-03-2,D7-PHY-03-2-81010e2b,True,"Alexander & Crutcher (1990): Cortical motor areas send excitatory projections to the striatum (caudate nucleus and putamen), the primary input nuclei of the basal ganglia. This corticostriatal input initiates processing for voluntary movement sequences.",Areas of the cerebral cortex involved in the planning and execution of movement send excitatory signals to the striatum.,"Brain Regions/Functions - Hindbrain, Midbrain, and Subcortical Forebrain Structures",Understand,2,"Cortical motor areas send excitatory projections to the striatum (caudate nucleus and putamen), the primary input nuclei of the basal ganglia, initiating processing for voluntary movement sequences.",BPSY
D7-Ch03,"Below the Cortex II: Basal Ganglia, Brainstem, and Cerebellum",3,139,AP-D7-PHY-139,D7-PHY-139-a38d7cf0,True,"Tolin, Abramowitz, Brigidi, & Foa (2003): Intolerance of uncertainty — the tendency to react negatively to uncertain situations — has been associated with increased volume and altered activity in the striatum (caudate nucleus and putamen), a component of the basal ganglia. High scores on the Intolerance of Uncertainty Scale are linked to structural changes in the striatum, consistent with the striatum's role in habit formation and predictive processing.","High scores on the Intolerance of Uncertainty Scale were most associated with increased volume of the striatum, which is part of the basal ganglia.","Brain Regions/Functions - Hindbrain, Midbrain, and Subcortical Forebrain Structures",Understand,2,"High intolerance of uncertainty is associated with increased volume and altered activity in the striatum (caudate nucleus and putamen) of the basal ganglia, consistent with the striatum's role in habit formation and predictive processing.",BPSY
D7-Ch03,"Below the Cortex II: Basal Ganglia, Brainstem, and Cerebellum",4,015,AP-D7-PHY-015,D7-PHY-015-7aeea059,True,"Geschwind (1975): Apraxia is ""an inability to carry out learned, purposeful movements, despite having the physical ability and desire to perform them."" Not attributable to weakness, sensory loss, incoordination, or failure to comprehend. For example, a person who knows the goal of removing a cork from a wine bottle but cannot perform the required motor sequence despite intact motor ability would be exhibiting apraxia.",Sam's inability to remove the cork from the wine bottle despite knowing the goal is an example of apraxia.,"Brain Regions/Functions - Hindbrain, Midbrain, and Subcortical Forebrain Structures",Understand,2,"Apraxia is the inability to perform learned, purposeful motor sequences despite intact motor strength, sensation, coordination, and comprehension of the goal.",BPSY
D7-Ch03,"Below the Cortex II: Basal Ganglia, Brainstem, and Cerebellum",5,046,AP-D7-PHY-046,D7-PHY-046-89c4ce50,True,"Schmahmann (2004): Cerebellar dysfunction produces ""incoordination of balance, gait, extremity and eye movements, and dysarthria."" Damage produces ataxia and motor incoordination.","The cerebellum is the brain area most likely affected by the skateboarding accident that caused Cody, a 17-year-old, to exhibit symptoms like clumsiness, slurred speech, and other symptoms associated with alcohol intoxication.","Brain Regions/Functions - Hindbrain, Midbrain, and Subcortical Forebrain Structures",Understand,2,"Cerebellar damage produces ataxia, gait incoordination, dysarthria, and motor incoordination resembling alcohol intoxication symptoms.",BPSY
D7-Ch03,"Below the Cortex II: Basal Ganglia, Brainstem, and Cerebellum",6,188,AP-D7-PHY-188,D7-PHY-188-e106d9d1,True,"Manto et al. (2012): The cerebellum plays a key role in motor control. Ataxia — impaired coordination, postural instability, and gait disturbance — is not exclusively cerebellar: sensory ataxia results from proprioceptive impairment, and vestibular ataxia from vestibular system dysfunction.",Ataxia is the most common outcome of damage to the cerebellum and can also be due to abnormalities in the sensory or vestibular system.,"Brain Regions/Functions - Hindbrain, Midbrain, and Subcortical Forebrain Structures",Understand,2,"Ataxia can result from cerebellar damage, proprioceptive impairment (sensory ataxia), or vestibular system dysfunction (vestibular ataxia), and is not exclusively cerebellar in origin.",BPSY
D7-Ch03,"Below the Cortex II: Basal Ganglia, Brainstem, and Cerebellum",7,002,AP-D7-PHY-002,D7-PHY-002-9d5c5064,True,"Purves et al. (2018): The medulla oblongata, the most caudal structure of the brainstem, contains vital autonomic centers that regulate respiration, heart rate, blood pressure, and reflexes such as swallowing, coughing, and vomiting. Damage to the medulla is frequently fatal because these life-sustaining functions are disrupted.","The medulla oblongata is part of the hindbrain, and damage can result in death because it regulates a number of vital life functions.","Brain Regions/Functions - Hindbrain, Midbrain, and Subcortical Forebrain Structures",Understand,2,"The medulla oblongata, the most caudal brainstem structure, contains vital autonomic centers regulating respiration, heart rate, and blood pressure; damage is frequently fatal.",BPSY
D7-Ch03,"Below the Cortex II: Basal Ganglia, Brainstem, and Cerebellum",8,01-2,AP-D7-PHY-01-2,D7-PHY-01-2-d932c962,True,"Pattinson (2008): ""opioid-induced respiratory depression is primarily mediated by mu-opioid receptors located in the brainstem respiratory centers, particularly within the medulla oblongata."" The medulla's respiratory centers are inhibited by mu receptor binding, leading to decreased respiratory rate and, at toxic doses, fatal respiratory arrest.","An overdose of morphine, heroin, or other opioid can cause respiratory failure because of its effects on the medulla oblongata, which controls respiration and other vital autonomic functions.","Brain Regions/Functions - Hindbrain, Midbrain, and Subcortical Forebrain Structures",Understand,2,Opioid-induced respiratory depression is mediated by mu-opioid receptors in the medullary brainstem respiratory centers; toxic doses cause fatal respiratory arrest.,BPSY
D7-Ch03,"Below the Cortex II: Basal Ganglia, Brainstem, and Cerebellum",9,03-3,AP-D7-PHY-03-3,D7-PHY-03-3-46ae93dc,True,"Pattinson (2008): Opioid-induced respiratory depression is primarily mediated by mu-opioid receptors in the brainstem respiratory centers, particularly within the medulla oblongata. Opioid binding at these sites suppresses the medullary respiratory rhythm generator, reducing respiratory rate and tidal volume and, at toxic doses, causing fatal respiratory arrest.",Opioid-induced respiratory depression is due to the effects of opiates on receptors in the medulla.,"Brain Regions/Functions - Hindbrain, Midbrain, and Subcortical Forebrain Structures",Understand,2,"Opioid-induced respiratory depression is primarily mediated by mu-opioid receptors in medullary brainstem respiratory centers, suppressing the respiratory rhythm generator and causing potentially fatal respiratory arrest at toxic doses.",BPSY
D7-Ch03,"Below the Cortex II: Basal Ganglia, Brainstem, and Cerebellum",10,043,AP-D7-PHY-043,D7-PHY-043-c814bd8f,True,"Moruzzi & Magoun (1949): Electrical stimulation of the brainstem reticular formation produced widespread cortical activation, shifting the EEG from synchronized (sleep) to desynchronized (wakefulness) patterns. The ascending reticular activating system (ARAS) functions as a nonspecific arousal mechanism.",Electrical stimulation of a person's ascending reticular activating system will wake up a sleeping person and cause an awake person to become more alert.,"Brain Regions/Functions - Hindbrain, Midbrain, and Subcortical Forebrain Structures",Understand,2,Moruzzi and Magoun showed that electrical stimulation of the brainstem reticular formation produces widespread cortical activation; the ascending reticular activating system (ARAS) functions as a nonspecific arousal mechanism controlling wakefulness.,BPSY
D7-Ch04,"The Vital Infrastructure: Endocrine System, HPA Axis, and Neuroimaging",1,04-2,AP-D7-PHY-04-2,D7-PHY-04-2-94d6bcb8,True,"Lupien, McEwen, Gunnar, & Heim (2009): ""chronic exposure to stress hormones"" has an impact on brain structures involved in cognition, impairing hippocampal-dependent declarative memory.",Stress-induced increases in cortisol levels in the hippocampus have been linked to impairments in the retrieval of declarative memories.,"Brain Regions/Functions - Hindbrain, Midbrain, and Subcortical Forebrain Structures",Understand,2,"Chronic stress-induced cortisol elevation damages the hippocampus, impairing hippocampal-dependent declarative memory retrieval.",BPSY
D7-Ch04,"The Vital Infrastructure: Endocrine System, HPA Axis, and Neuroimaging",2,02-2,AP-D7-PHY-02-2,D7-PHY-02-2-aebe53ca,True,"Kopelman, Thomson, Guerrini, & Marshall (2009): The Korsakoff syndrome is a preventable memory disorder resulting from thiamine deficiency. ""Lesions in the mammillary bodies, the mammillo-thalamic tract and the anterior thalamus may be more important to memory dysfunction.""",The amnesia associated with Wernicke-Korsakoff syndrome is due to damage to the thalamus and mammillary bodies.,"Brain Regions/Functions - Hindbrain, Midbrain, and Subcortical Forebrain Structures",Understand,2,"Korsakoff syndrome amnesia results from thiamine deficiency causing lesions in the mammillary bodies, mammillo-thalamic tract, and anterior thalamus.",BPSY
D7-Ch04,"The Vital Infrastructure: Endocrine System, HPA Axis, and Neuroimaging",3,105,AP-D7-PHY-105,D7-PHY-105-81a69307,True,"Thomson, Cook, Touquet, & Henry (2002): ""parenteral (intravenous) thiamine should be administered immediately in any patient suspected of having Wernicke's encephalopathy.""",Intravenous administration of vitamin B1 (thiamine) is the primary treatment for Wernicke's encephalopathy.,"Brain Regions/Functions - Hindbrain, Midbrain, and Subcortical Forebrain Structures",Understand,2,Wernicke's encephalopathy is treated with immediate parenteral (intravenous) thiamine (vitamin B1).,BPSY
D7-Ch04,"The Vital Infrastructure: Endocrine System, HPA Axis, and Neuroimaging",4,087,AP-D7-PHY-087,D7-PHY-087-7eca02b3,True,"Kluver & Bucy (1939): Bilateral temporal lobectomy syndrome characterized by: (1) psychic blindness/visual agnosia, (2) hyperorality, (3) emotional changes including loss of fear, (4) hypersexuality, and (5) hyperphagia. In humans, occurs following bilateral temporal lobe damage involving the amygdala.","Kluver and Bucy (1938) found that bilateral lesioning of the amygdala, hippocampus, and temporal lobes in rhesus monkeys caused visual agnosia, reduced fear, increased docility, dietary changes, and abnormal sexual behavior.","Brain Regions/Functions - Hindbrain, Midbrain, and Subcortical Forebrain Structures",Understand,2,"Klüver-Bucy syndrome, resulting from bilateral temporal lobe damage involving the amygdala, is characterized by visual agnosia, hyperorality, loss of fear, hypersexuality, and hyperphagia.",BPSY
D7-Ch04,"The Vital Infrastructure: Endocrine System, HPA Axis, and Neuroimaging",5,01-1,AP-D7-PHY-01-1,D7-PHY-01-1-c3b6ddbe,True,"Adolphs, Tranel, Damasio, & Damasio (1994): Patient S.M., with bilateral amygdala damage due to Urbach-Wiethe disease, showed a selective impairment in recognizing fear from facial expressions while recognition of other emotions was relatively preserved. Bilateral amygdala lesions produce difficulty recognizing negative emotions, especially fear, in facial expressions.","People with bilateral damage to the amygdala often have difficulty recognizing negative emotions in facial expressions, especially fear.","Brain Regions/Functions - Hindbrain, Midbrain, and Subcortical Forebrain Structures",Understand,2,Bilateral amygdala damage (as in patient S.M. with Urbach-Wiethe disease) selectively impairs recognition of fear from facial expressions while leaving recognition of other emotions relatively intact.,BPSY
D7-Ch04,"The Vital Infrastructure: Endocrine System, HPA Axis, and Neuroimaging",6,01-3,AP-D7-PHY-01-3,D7-PHY-01-3-7cb4f16d,True,"Davis (1992): Electrical stimulation of the central nucleus of the amygdala elicits the full constellation of conditioned fear responses, including freezing behavior, increased heart rate and blood pressure, enhanced startle reflex, and release of stress hormones (corticosterone/cortisol). The amygdala is the critical structure for the acquisition and expression of conditioned fear.","Electrical stimulation of certain areas of the amygdala elicits responses associated with conditioned fear such as freezing, increased heart rate and blood pressure, and release of stress hormones.","Brain Regions/Functions - Hindbrain, Midbrain, and Subcortical Forebrain Structures",Understand,2,"Electrical stimulation of the amygdala's central nucleus elicits conditioned fear responses—freezing, increased heart rate and blood pressure, enhanced startle, and stress hormone release—confirming the amygdala's critical role in fear acquisition and expression.",BPSY
D7-Ch04,"The Vital Infrastructure: Endocrine System, HPA Axis, and Neuroimaging",7,001,AP-D7-PHY-001,D7-PHY-001-8557f285,True,Allen et al. (2014): Pramipexole and ropinirole are dopamine receptor agonists used to treat restless legs syndrome (RLS). Both medications stimulate dopamine receptors directly and are first-line pharmacological treatments for moderate to severe RLS symptoms.,Pramipexole and ropinirole are dopamine agonists that are used to treat restless leg syndrome.,Neurological and Endocrine Disorders,Understand,2,Pramipexole and ropinirole are dopamine receptor agonists and first-line pharmacological treatments for moderate-to-severe restless legs syndrome.,BPSY
D7-Ch05,"The Frontal Lobe: Executive Function, Motor Control, and Prefrontal Syndromes",1,017,AP-D7-PHY-017,D7-PHY-017-95320a5a,True,"Stuss & Alexander (2000): Frontal lobe damage often has an adverse effect on motivation, judgment, and memory but not on standard IQ test scores. This is because frontal lobe damage impairs divergent thinking (generating novel ideas and flexible problem-solving) but not convergent thinking (arriving at a single correct answer), which is what standard IQ tests primarily measure. Frontal lobe patients show relatively preserved IQ test performance despite marked real-world impairments.","Frontal lobe damage often has an adverse effect on motivation, judgment, and memory but not on IQ test scores, as frontal lobe damage seems to have a negative impact on divergent thinking but not on convergent thinking which is what is measured by standard IQ tests.",Brain Regions/Functions - Cerebral Cortex,Understand/Apply,2,"Frontal lobe damage impairs divergent thinking (generating novel ideas, flexible problem-solving) but not convergent thinking, which is why frontal lobe patients show relatively preserved standard IQ test scores despite marked real-world impairments in motivation, judgment, and memory.",BPSY
D7-Ch05,"The Frontal Lobe: Executive Function, Motor Control, and Prefrontal Syndromes",2,058,AP-D7-PHY-058,D7-PHY-058-fedbfde8,True,"Stuss & Knight (2002): Frontal lobe injury consequences include reduced spontaneity and initiative in social interaction, emotional lability, and impaired planning and sequencing of goal-directed motor behavior.","Symptoms of frontal lobe injury are most likely to include an inability to interact spontaneously with others, fluctuations in mood, and difficulty planning a complex sequence of movements.",Brain Regions/Functions - Cerebral Cortex,Understand/Apply,2,"Frontal lobe injury produces reduced social spontaneity and initiative, emotional lability, and impaired planning and sequencing of goal-directed motor behavior.",BPSY
D7-Ch05,"The Frontal Lobe: Executive Function, Motor Control, and Prefrontal Syndromes",3,209,AP-D7-PHY-209,D7-PHY-209-121efeb4,True,"Twitchell (1951): Hemiplegia is the loss of voluntary movement on one side of the body caused by thrombosis or embolism of cerebral blood vessels. Because corticospinal tracts decussate, a lesion in one hemisphere produces motor deficits on the contralateral side.","A 74-year-old woman experiences complete paralysis on the right side of her body, which is referred to as hemiplegia and is due to damage in the left side of her brain.",Brain Regions/Functions - Cerebral Cortex,Understand/Apply,2,"Hemiplegia is complete unilateral motor paralysis caused by a contralateral hemisphere lesion, reflecting decussation of the corticospinal tracts.",BPSY
D7-Ch05,"The Frontal Lobe: Executive Function, Motor Control, and Prefrontal Syndromes",4,109,AP-D7-PHY-109,D7-PHY-109-665eb19a,True,"Miller & Cohen (2001): The prefrontal cortex plays ""an important role in cognitive control, in the ability to orchestrate thought and action in accordance with internal goals."" Specifically, lesions in the dorsolateral area of the prefrontal cortex are most likely to cause deficits in executive functions including insight, planning, judgment, abstract reasoning, set-shifting, and behavioral monitoring. The dorsolateral PFC provides bias signals that guide the flow of activity along neural pathways needed for goal-directed behavior.","Lesions in the dorsolateral area of the prefrontal cortex are most likely to cause deficits in insight, planning, judgment, and other executive functions.",Brain Regions/Functions - Cerebral Cortex,Understand/Apply,2,"Lesions in the dorsolateral prefrontal cortex cause deficits in executive functions including insight, planning, judgment, abstract reasoning, set-shifting, and behavioral monitoring.",BPSY
D7-Ch05,"The Frontal Lobe: Executive Function, Motor Control, and Prefrontal Syndromes",5,04,AP-D7-PHY-04,D7-PHY-04-e4b69350,True,"Bechara, Damasio, & Damasio (2000): ""Damage to the ventromedial sector disrupts social behavior profoundly. Previously well-adapted individuals become unable to observe social conventions and unable to decide advantageously on matters pertaining to their own lives. Remarkably, the patient's intellectual abilities are generally well preserved.""","Damage to the orbitofrontal region of the prefrontal cortex is most suggestive of the symptoms exhibited by a 48-year-old man with a traumatic brain injury, including emotion dysregulation, immature behavior, impulsivity, and lack of empathy.",Brain Regions/Functions - Cerebral Cortex,Understand/Apply,2,"Damage to the ventromedial prefrontal (orbitofrontal) cortex disrupts social behavior, emotional regulation, impulse control, and real-world decision-making while leaving general intellectual abilities relatively preserved.",BPSY
D7-Ch05,"The Frontal Lobe: Executive Function, Motor Control, and Prefrontal Syndromes",6,09-1,AP-D7-PHY-09-1,D7-PHY-09-1-f31e863d,True,"Sandson & Albert (1984): ""Stuck-in-set perseveration, the inappropriate maintenance of a current category or framework, involves an underlying process deficit in executive functioning and is related neuroanatomically to frontal lobe damage."" Patients repeat a previously correct response even after task demands have changed.","Damage to the frontal lobe causes perseveration, which involves repetition of the same response or action when it's inappropriate to do so in a variety of situations and on a variety of tasks.",Brain Regions/Functions - Cerebral Cortex,Understand/Apply,2,"Frontal lobe damage causes perseveration, specifically stuck-in-set perseveration, in which patients inappropriately repeat a previously correct response even after task demands have changed.",BPSY
D7-Ch05,"The Frontal Lobe: Executive Function, Motor Control, and Prefrontal Syndromes",7,149,AP-D7-PHY-149,D7-PHY-149-0d84be4b,True,"Leiguarda & Marsden (2000): Limb-kinetic apraxia is ""a loss of the ability to make finely graded, precise, individual finger and hand movements"" not attributable to weakness, sensory loss, or incoordination. Tasks such as picking up a coin, buttoning, and rotating objects between fingers are characteristically impaired.","People with limb-kinetic apraxia would have the most trouble picking up a paper clip or small coin from a table, as this type of apraxia involves an inability to make precise, coordinated movements with fingers, hands, arms, or legs.",Brain Regions/Functions - Cerebral Cortex,Understand/Apply,2,"Limb-kinetic apraxia involves loss of finely graded, precise individual finger and hand movements, characteristically impairing tasks such as picking up a coin, buttoning, and rotating objects between fingers.",BPSY
D7-Ch05,"The Frontal Lobe: Executive Function, Motor Control, and Prefrontal Syndromes",8,06-3,AP-D7-PHY-06-3,D7-PHY-06-3-07fa4679,True,"Heilman, Watson, & Valenstein (1993): Contralateral neglect (hemispatial neglect) is a failure to attend to, respond to, or orient toward stimuli in the contralesional hemispace. It is most commonly and most severely produced by damage to the right parietal lobe, particularly the inferior parietal lobule and temporoparietal junction. Patients may bump into objects on the neglected side, fail to eat food on one side of the plate, or draw only one half of objects.","Carl's symptoms of contralateral neglect, including bumping into things on the left side and drawing only the right side of a house, indicate an injury to his parietal lobe.",Brain Regions/Functions - Cerebral Cortex,Understand/Apply,2,"Contralateral (hemispatial) neglect, a failure to attend to stimuli in the contralesional hemispace, is most commonly and severely produced by damage to the right inferior parietal lobule and temporoparietal junction.",BPSY
D7-Ch05,"The Frontal Lobe: Executive Function, Motor Control, and Prefrontal Syndromes",9,09-2,AP-D7-PHY-09-2,D7-PHY-09-2-2ef56d68,True,"Ross (1981): The right hemisphere organizes affective components of language (prosody). Right hemisphere damage produces ""aprosodias"" -- impairments in production and/or comprehension of melodic, tonal, and rhythmic aspects of speech conveying emotion. Right hemisphere damage is also associated with impairments in pragmatics -- the ability to use language appropriately in social contexts, including understanding humor, sarcasm, indirect requests, and conversational inference.",Right hemisphere damage is associated with impairments in both emotional prosody and pragmatics.,Brain Regions/Functions - Cerebral Cortex,Understand/Apply,2,"The right hemisphere organizes affective prosody, and right hemisphere damage produces aprosodias (impaired production/comprehension of emotional speech melody) and pragmatic language deficits including impaired understanding of humor, sarcasm, and indirect requests.",BPSY
D7-Ch06,"Parietal and Temporal Lobes: Sensation, Language Areas, and the Agnosias",1,08-2,AP-D7-PHY-08-2,D7-PHY-08-2-a1b86382,True,"Reed, Caselli, & Farah (1996): Tactile agnosia (astereognosis) is ""a modality-specific impairment in object recognition through touch, in which basic somatosensory functions such as tactile acuity, pressure sensitivity, and proprioception remain intact."" Tactile agnosia is caused by lesions in the parietal lobe, resulting in an inability to recognize familiar objects by touch despite intact somatosensory functions.","Lesions in the parietal lobe cause the condition of tactile agnosia, in which a person is unable to recognize familiar objects by touch following a closed head injury.",Brain Regions/Functions - Cerebral Cortex,Apply,2-3,"Tactile agnosia (astereognosis) is a modality-specific inability to recognize objects by touch despite intact basic somatosensory functions, caused by parietal lobe lesions.",BPSY
D7-Ch06,"Parietal and Temporal Lobes: Sensation, Language Areas, and the Agnosias",2,120,AP-D7-PHY-120,D7-PHY-120-5b0afe18,True,"Gerstmann (1940): A tetrad of symptoms from lesions of the dominant (typically left) parietal lobe: (1) finger agnosia, (2) right-left disorientation, (3) agraphia, and (4) acalculia. Ataxia is not part of this syndrome; ataxia results from cerebellar pathology.","Damage to certain areas of the dominant parietal lobe can produce Gerstmann's syndrome, which involves four symptoms: finger agnosia, left-right confusion, agraphia (difficulty writing), and acalculia (difficulty performing simple mathematical operations), but not ataxia (loss of muscle control), which is usually caused by damage to the cerebellum.",Brain Regions/Functions - Cerebral Cortex,Apply,2-3,"Gerstmann's syndrome, caused by lesions of the dominant (left) parietal lobe, consists of four symptoms: finger agnosia, right-left disorientation, agraphia, and acalculia; ataxia is not part of this syndrome and results from cerebellar damage.",BPSY
D7-Ch06,"Parietal and Temporal Lobes: Sensation, Language Areas, and the Agnosias",3,05-1,AP-D7-PHY-05-1,D7-PHY-05-1-4be7c027,True,"Goldenberg (2009): Apraxia is ""a disorder of motor control which can be referred neither to 'elemental' motor deficits nor to general cognitive impairment."" Three domains are susceptible: imitation of gestures, performance of meaningful gestures on command, and use of tools and objects. Most commonly associated with left parietal lobe lesions.",Ideomotor apraxia is usually caused by damage to the left (dominant) parietal lobe.,Brain Regions/Functions - Cerebral Cortex,Apply,2-3,"Apraxia, a disorder of motor control not attributable to elemental motor deficits or general cognitive impairment, is most commonly associated with left parietal lobe lesions affecting gesture imitation, meaningful gesture performance, and tool use.",BPSY
D7-Ch06,"Parietal and Temporal Lobes: Sensation, Language Areas, and the Agnosias",4,05-3,AP-D7-PHY-05-3,D7-PHY-05-3-a9a64c07,True,"Geschwind (1975): Ideomotor apraxia is ""an inability to carry out learned, purposeful movements on verbal command or imitation, despite having the physical ability and desire to perform them."" Most commonly results from damage to the left (dominant) parietal lobe, particularly the supramarginal gyrus, which stores motor representations (praxicons) for learned skilled actions.","Damage to the left parietal lobe can result in ideomotor apraxia, an inability to perform purposeful motor movements when asked to do so.",Brain Regions/Functions - Cerebral Cortex,Apply,2-3,"Ideomotor apraxia, the inability to perform learned purposeful movements on command despite intact motor ability, most commonly results from damage to the left parietal lobe's supramarginal gyrus, which stores motor representations (praxicons).",BPSY
D7-Ch06,"Parietal and Temporal Lobes: Sensation, Language Areas, and the Agnosias",5,108,AP-D7-PHY-108,D7-PHY-108-b21c0110,True,"Heilman, Valenstein, & Watson (2000): ""Neglect is a failure to report, respond, or orient to contralateral stimuli that is not caused by an elemental sensorimotor deficit."" Contralateral neglect is most commonly caused by damage to the parietal lobe, particularly the right parietal lobe. Right hemisphere lesions produce the most severe and persistent forms of contralateral neglect, and a person with this condition is unaware of objects and areas on the side of the body opposite the lesion.","This man's symptoms are characteristic of contralateral neglect, which is caused by damage to the parietal lobe (most often the right parietal lobe), and a person with this disorder is unaware of areas and objects on the side of his/her body opposite to the location of the damage.",Brain Regions/Functions - Cerebral Cortex,Apply,2-3,"Contralateral neglect — failure to report, respond, or orient to stimuli on the side opposite a brain lesion — is most commonly caused by right parietal lobe damage and produces the most severe and persistent deficits when the right hemisphere is affected.",BPSY
D7-Ch06,"Parietal and Temporal Lobes: Sensation, Language Areas, and the Agnosias",6,119,AP-D7-PHY-119,D7-PHY-119-e290b8db,True,"Babinski (1914): Coined ""anosognosia"" to describe patients who were unaware of or denied their paralysis. Anosognosia is most commonly caused by damage to the right parietal lobe and is characterized by a lack of awareness of one's own physical disability. It is consistently associated with right hemisphere damage, particularly right parietal lesions.",Anosognosia is most commonly caused by damage to the right parietal lobe and is characterized by a lack of awareness of one's own physical disability.,Brain Regions/Functions - Cerebral Cortex,Apply,2-3,"Anosognosia, coined by Babinski (1914), is a lack of awareness of one's own physical disability most commonly caused by right parietal lobe damage.",BPSY
D7-Ch06,"Parietal and Temporal Lobes: Sensation, Language Areas, and the Agnosias",7,05-2,AP-D7-PHY-05-2,D7-PHY-05-2-205d340d,True,"Vallar & Ronchi (2009): Asomatognosia is the lack of recognition or awareness of part of one's own body, most commonly the left hemiplegic limb following right parietal lobe damage. Frequently co-occurs with anosognosia — a lack of awareness or denial of one's illness or disability — and is associated with lesions in the right inferior parietal lobule and temporoparietal junction.","Following a stroke that caused left-sided hemiplegia, a woman exhibiting asomatognosia, which is a lack of recognition or awareness of part of one's own body, often involving the left hemiplegic arm and accompanied by anosognosia, a lack of awareness or denial of one's illness, due to damage to certain areas of the right parietal lobe.",Brain Regions/Functions - Cerebral Cortex,Apply,2-3,"Asomatognosia, a lack of recognition of part of one's own body (most commonly the left hemiplegic limb), results from right inferior parietal lobule and temporoparietal junction damage and frequently co-occurs with anosognosia.",BPSY
D7-Ch06,"Parietal and Temporal Lobes: Sensation, Language Areas, and the Agnosias",8,140,AP-D7-PHY-140,D7-PHY-140-97816403,True,"Bodamer (1947): ""prosopagnosia"" — patients lost the ability to recognize familiar faces, including their own reflection, while retaining the ability to recognize individuals by voice, gait, or other non-facial cues. The deficit is selective to face identity recognition.",Prosopagnosia is the inability to recognize familiar faces.,Brain Regions/Functions - Cerebral Cortex,Apply,2-3,"Prosopagnosia, coined by Bodamer (1947), is a selective inability to recognize familiar faces, including one's own reflection, while recognition via voice, gait, or other non-facial cues remains intact.",BPSY
D7-Ch06,"Parietal and Temporal Lobes: Sensation, Language Areas, and the Agnosias",9,131,AP-D7-PHY-131,D7-PHY-131-f1efc964,True,"Wernicke (1874): Aphasia with severely impaired auditory and reading comprehension, fluent speech with paraphasias, neologisms, and semantic errors (""word salad""), and impaired repetition.",Individuals with Wernicke's aphasia have impaired comprehension of spoken and written language and fluent speech that's devoid of meaning.,Brain Regions/Functions - Cerebral Cortex,Apply,2-3,"Wernicke's aphasia, described by Wernicke (1874), is characterized by severely impaired auditory and reading comprehension, fluent but meaningless speech with paraphasias and neologisms, and impaired repetition.",BPSY
D7-Ch07,"Language, Lateralization, and the Split Brain",1,097,AP-D7-PHY-097,D7-PHY-097-866449c7,True,"Damasio (1992): Broca's aphasia involves ""a drastic loss of speech fluency."" Speech is ""effortful and often slow"" and ""labored and flat, and the melodic modulation that characterizes normal speech is lacking (this type of speech is known as nonfluent)."" ""The hallmark of true Broca's aphasia is agrammatism."" Patients can still communicate verbally; words tend to be intelligible, but grammatical words are less well selected. Comprehension is relatively preserved.",Damage to Broca's area produces nonfluent speech with intact comprehension.,Brain Regions/Functions - Cerebral Cortex,Analyze,3,"Broca's aphasia is characterized by nonfluent, effortful, agrammatic speech lacking melodic modulation, with relatively preserved comprehension, resulting from damage to Broca's area.",BPSY
D7-Ch07,"Language, Lateralization, and the Split Brain",2,07-1,AP-D7-PHY-07-1,D7-PHY-07-1-5684e99d,True,"Geschwind (1965): Conduction aphasia results from disconnection between Wernicke's area and Broca's area due to arcuate fasciculus damage. Hallmark is ""a disproportionate impairment of repetition in the face of fluent, well-articulated speech and relatively preserved auditory comprehension.""","Conduction aphasia, which is usually caused by damage to the arcuate fasciculus, is characterized by fluent spontaneous speech, normal comprehension, and impaired repetition.",Brain Regions/Functions - Cerebral Cortex,Analyze,3,"Conduction aphasia, caused by arcuate fasciculus damage disconnecting Wernicke's and Broca's areas, is hallmarked by disproportionately impaired repetition with fluent speech and relatively preserved auditory comprehension.",BPSY
D7-Ch07,"Language, Lateralization, and the Split Brain",3,07-2,AP-D7-PHY-07-2,D7-PHY-07-2-e773af8f,True,"Geschwind (1965): Conduction aphasia results from damage to the arcuate fasciculus, disconnecting Wernicke's area from Broca's area. Cardinal features include relatively intact auditory comprehension, fluent but paraphasic speech, anomia (impaired naming), and disproportionately impaired repetition — the hallmark deficit.","Conduction aphasia is characterized by relatively intact comprehension, fluent aphasia, anomia, and impaired repetition, and is caused by damage to the arcuate fasciculus.",Brain Regions/Functions - Cerebral Cortex,Analyze,3,"Conduction aphasia, caused by arcuate fasciculus damage, is characterized by fluent but paraphasic speech, relatively intact comprehension, anomia, and disproportionately impaired repetition as the hallmark deficit.",BPSY
D7-Ch07,"Language, Lateralization, and the Split Brain",4,009,AP-D7-PHY-009,D7-PHY-009-c83a91c4,True,"Geschwind (1965): Conduction aphasia is a disconnection syndrome resulting from damage to the arcuate fasciculus, the white matter tract connecting Wernicke's area to Broca's area. It is characterized by fluent but paraphasic spontaneous speech, relatively intact auditory comprehension, markedly impaired repetition, and impaired naming (anomia).","Conduction aphasia involves fluent (but paraphasic) speech, relatively intact comprehension, poor word repetition, and impaired naming.",Brain Regions/Functions - Cerebral Cortex,Analyze,3,"Conduction aphasia results from damage to the arcuate fasciculus connecting Wernicke's to Broca's area, producing fluent paraphasic speech, intact comprehension, and markedly impaired repetition.",BPSY
D7-Ch07,"Language, Lateralization, and the Split Brain",5,06-2,AP-D7-PHY-06-2,D7-PHY-06-2-30e4bc44,True,Rasmussen & Milner (1977): Left-hemisphere language dominance occurred in approximately 96% of right-handed individuals and approximately 70% of left-handed individuals.,Left-hemisphere dominance for language is found in about 95% of right-handed people and 70% of left-handed people.,Brain Regions/Functions - Cerebral Cortex,Analyze,3,Left-hemisphere language dominance occurs in approximately 96% of right-handed individuals and approximately 70% of left-handed individuals.,BPSY
D7-Ch07,"Language, Lateralization, and the Split Brain",6,098,AP-D7-PHY-098,D7-PHY-098-d1b97362,True,"Gazzaniga, Bogen, & Sperry (1967): Patients had undergone complete surgical section of the corpus callosum as treatment for medically intractable epilepsy.","Sperry and Gazzaniga's (1967) ""split-brain patients"" had their corpus callosums severed as a treatment for severe epileptic seizures.",Brain Regions/Functions - Cerebral Cortex,Analyze,3,"Split-brain patients studied by Gazzaniga, Bogen, and Sperry had undergone complete surgical section of the corpus callosum as treatment for medically intractable epilepsy.",BPSY
D7-Ch07,"Language, Lateralization, and the Split Brain",7,079,AP-D7-PHY-079,D7-PHY-079-528f5ae9,True,"Sperry (1968): ""visual material projected to the right half of the field... could be described in speech and writing in an essentially normal manner. When the same visual material was projected into the left half of the field... the subject consistently denied having seen anything, or any flash of light."" The left hand (right hemisphere) could retrieve the correct object by touch.","A split-brain patient will be able to say ""knife"" when the picture of a knife is projected to the right visual field, and although the patient can't say ""fork,"" the patient will be able to pick out a fork with the left hand when the picture of a fork is briefly presented to the left visual field.",Brain Regions/Functions - Cerebral Cortex,Analyze,3,"In split-brain patients, stimuli in the left visual field cannot be verbally reported (right hemisphere lacks speech output) but can be correctly identified by the left hand through touch, demonstrating right hemisphere nonverbal processing.",BPSY
D7-Ch07,"Language, Lateralization, and the Split Brain",8,06-1,AP-D7-PHY-06-1,D7-PHY-06-1-554bfa15,True,"Gazzaniga (1967): In split-brain patients with a severed corpus callosum, when a compound word such as ""COPYCAT"" is presented so that ""COPY"" falls in the left visual field (right hemisphere) and ""CAT"" in the right visual field (left hemisphere), the patient will verbally report ""CAT"" (left hemisphere language production) but will point to ""COPY"" with the left hand (right hemisphere motor control). The two hemispheres process their respective visual fields independently and cannot share information across the severed callosum.","A split-brain patient presented with the word ""COPYCAT"" will say ""CAT"" and point to ""COPY"" with their left hand, as the left visual field and right hemisphere cannot communicate with the right visual field and left hemisphere.",Brain Regions/Functions - Cerebral Cortex,Analyze,3,"In split-brain patients, presenting ""COPYCAT"" across the visual midline causes the patient to verbally report ""CAT"" (left hemisphere) while pointing to ""COPY"" with the left hand (right hemisphere), demonstrating independent hemispheric processing after corpus callosum severance.",BPSY
D7-Ch07,"Language, Lateralization, and the Split Brain",9,08-1,AP-D7-PHY-08-1,D7-PHY-08-1-2f2e7e38,True,"Kimura (1967): Dichotic listening — when different auditory stimuli are simultaneously presented to each ear, most individuals show a right-ear advantage for verbal material (left hemisphere language dominance) and a left-ear advantage for nonverbal stimuli (right hemisphere specialization).",The dichotic listening task is used to obtain information about hemispheric specialization.,Brain Regions/Functions - Cerebral Cortex,Analyze,3,"In dichotic listening, simultaneous presentation of different stimuli to each ear reveals a right-ear advantage for verbal material and a left-ear advantage for nonverbal stimuli, reflecting hemispheric specialization.",BPSY
D7-Ch08,Memory Architecture: From Sensory Store to Long-Term Memory,1,129,AP-D7-LEA-129,D7-LEA-129-70c33f8d,True,Sperling (1960): Iconic (visual) sensory memory has much larger capacity than previously believed but decays within approximately 250-500 milliseconds. Echoic (auditory) sensory memory persists approximately 3-4 seconds with similarly large capacity and rapid decay.,"Sensory memory has a large capacity and brief duration, storing information directly from the environment for about one-quarter second to four seconds.",Memory and Forgetting,Understand,2,"Sperling (1960) established that iconic sensory memory decays within ~250–500 milliseconds, while echoic sensory memory persists ~3–4 seconds; both have large capacity and rapid decay.",BPSY
D7-Ch08,Memory Architecture: From Sensory Store to Long-Term Memory,2,114,AP-D7-LEA-114,D7-LEA-114-dfe8f0c3,True,"Miller (1956): ""the span of immediate memory imposes severe limitations on the amount of information that we are able to receive, process, and remember,"" approximately seven items (plus or minus two). The capacity unit is the ""chunk"" — a meaningful unit that can range from a digit to a complex phrase.","Miller's (1956) ""magical number seven, plus or minus two"" refers to the capacity of short-term memory, which Miller found to be limited to between five and nine (seven plus and minus two) chunks of information.",Memory and Forgetting,Understand,2,"Miller (1956) established that short-term memory capacity is approximately seven chunks (plus or minus two), where a chunk is any meaningful unit of information.",BPSY
D7-Ch08,Memory Architecture: From Sensory Store to Long-Term Memory,3,11-1,AP-D7-LEA-11-1,D7-LEA-11-1-78ea2f92,True,"Peterson & Peterson (1959): When rehearsal is prevented, retention of a consonant trigram declines rapidly to near zero after approximately 18-20 seconds. Established the transient nature of short-term memory without active rehearsal.","Without rehearsal, information remains in short-term memory for about 20 to 30 seconds.",Memory and Forgetting,Understand,2,"Peterson & Peterson (1959) established that without rehearsal, information in short-term memory decays to near zero within approximately 18–20 seconds.",BPSY
D7-Ch08,Memory Architecture: From Sensory Store to Long-Term Memory,4,006,AP-D7-LEA-006,D7-LEA-006-4609f33c,True,"Baddeley (2000): Working memory has four components: (1) central executive — attentional control system; (2) phonological loop — auditory-verbal information; (3) visuospatial sketchpad — visual and spatial representations; (4) episodic buffer — integrates across subsystems and long-term memory. No ""semantic register"" exists in the model.","Baddeley's (2000) multi-component model describes working memory as consisting of a central executive and three subsystems, which do not include a semantic register.",Memory and Forgetting,Understand,2,"Baddeley's (2000) multi-component working memory model includes four components — central executive, phonological loop, visuospatial sketchpad, and episodic buffer — and does not include a semantic register.",BPSY
D7-Ch08,Memory Architecture: From Sensory Store to Long-Term Memory,5,048,AP-D7-LEA-048,D7-LEA-048-7021eb47,True,"Baddeley (2003): ""The model of the phonological loop comprises a phonological store, which can hold memory traces for a few seconds before they fade, and an articulatory rehearsal process that is analogous to subvocal speech.""","As described by Baddeley (2000), the phonological loop temporarily stores auditory information.",Memory and Forgetting,Understand,2,Baddeley's phonological loop comprises a phonological store that holds memory traces for a few seconds and an articulatory rehearsal process analogous to subvocal speech that refreshes decaying traces.,BPSY
D7-Ch08,Memory Architecture: From Sensory Store to Long-Term Memory,6,138,AP-D7-LEA-138,D7-LEA-138-ea07d83f,True,"Baddeley (2000): The episodic buffer is ""a limited capacity system that provides temporary storage of information held in a multimodal code, which is capable of binding information from the subsidiary systems, and from long-term memory, into a unitary episodic representation.""",Baddeley's multi-component model of working memory identifies the episodic buffer as responsible for integrating new verbal and visual information.,Memory and Forgetting,Understand,2,"Baddeley's (2000) episodic buffer is a limited-capacity component of working memory that integrates information from the phonological loop, visuospatial sketchpad, and long-term memory into unified episodic representations.",BPSY
D7-Ch08,Memory Architecture: From Sensory Store to Long-Term Memory,7,13-1,AP-D7-LEA-13-1,D7-LEA-13-1-6e076df5,True,"Baddeley (2000): The episodic buffer is a limited-capacity component of working memory that ""provides temporary storage of information held in a multimodal code, which is capable of binding information from the subsidiary systems, and from long-term memory, into a unitary episodic representation."" It is the fourth component of the multi-component model alongside the central executive, phonological loop, and visuospatial sketchpad.","The episodic buffer is a component of working memory, as described by Baddeley (2000).",Memory and Forgetting,Understand,2,"Baddeley's (2000) episodic buffer is a limited-capacity, multimodal working memory component that binds information from the phonological loop, visuospatial sketchpad, and long-term memory into unified episodic representations.",BPSY
D7-Ch08,Memory Architecture: From Sensory Store to Long-Term Memory,8,13-3,AP-D7-LEA-13-3,D7-LEA-13-3-a85b106b,True,"Baddeley (2000): The episodic buffer integrates information across the phonological loop, visuospatial sketchpad, and long-term memory into coherent episodic representations. It is controlled by the central executive and serves as the interface between working memory subsystems and long-term memory stores.","In Baddeley's (2000) multi-component model of working memory, the episodic buffer is responsible for integrating information in working memory with information in long-term memory.",Memory and Forgetting,Understand,2,"In Baddeley's (2000) working memory model, the episodic buffer integrates information across the phonological loop, visuospatial sketchpad, and long-term memory into coherent episodic representations under central executive control.",BPSY
D7-Ch08,Memory Architecture: From Sensory Store to Long-Term Memory,9,12-1,AP-D7-LEA-12-1,D7-LEA-12-1-13ba446e,True,"Tulving (1972): Episodic memory — ""memory for personally experienced events, situated in a particular time and place."" Semantic memory — ""organized knowledge about the world, including facts, concepts, and word meanings, that is independent of any specific episode of learning."" Both are declarative memory accessible to conscious recollection.",Episodic and semantic memory are types of declarative memory.,Memory and Forgetting,Understand,2,"Tulving (1972) distinguished episodic memory (personally experienced events tied to specific time and place) from semantic memory (general world knowledge independent of learning context), both being forms of declarative memory.",BPSY
D7-Ch08,Memory Architecture: From Sensory Store to Long-Term Memory,10,158,AP-D7-LEA-158,D7-LEA-158-49f66b98,True,"Schacter (1987): Implicit memory is ""revealed when previous experiences facilitate performance on a task that does not require conscious or intentional recollection of those experiences."" Priming is a key paradigm for investigating implicit memory. Types of priming include repetition priming, in which prior presentation of a word or object facilitates later identification of that same item in a different format or context. Common repetition priming tasks include word-stem completion and word-fragment completion.","Priming is a method for studying implicit memory, and there are several types of priming, including repetition priming, which occurs when presentation of a word or object facilitates later identification of that word or object in a different format or context, and word-stem completion and word-fragment completion are two of the repetition priming tasks that are used to investigate implicit memory.",Memory and Forgetting,Understand,2,"Implicit memory (Schacter, 1987) is revealed when prior experience facilitates task performance without conscious recollection; priming—including repetition priming tasks like word-stem and word-fragment completion—is the key investigative paradigm.",BPSY
D7-Ch09,"How We Learn and Remember: Encoding, Retrieval, and Mnemonics",1,010,AP-D7-LEA-010,D7-LEA-010-b370d691,True,"Craik & Lockhart (1972): ""Trace persistence is a function of depth of analysis, with deeper levels of analysis associated with more elaborate, longer lasting, and stronger traces."" Elaborative rehearsal engaging deep semantic processing is far more effective than maintenance rehearsal (rote repetition).",Elaborative rehearsal is considered the most effective way to transfer new information from short- to long-term memory.,Memory and Forgetting,Apply,2-3,"Craik & Lockhart (1972) proposed that elaborative rehearsal involving deep semantic processing produces more durable memory traces than maintenance rehearsal (rote repetition), as trace persistence is a function of depth of processing.",BPSY
D7-Ch09,"How We Learn and Remember: Encoding, Retrieval, and Mnemonics",2,12-2,AP-D7-LEA-12-2,D7-LEA-12-2-9ee3f6cf,True,"Tulving & Thomson (1973): ""specific encoding operations performed on what is perceived determine what is stored, and what is stored determines what retrieval cues are effective in providing access to what is stored."" Forgetting often reflects a mismatch between retrieval cues and the encoded trace rather than decay or storage failure.","According to the encoding specificity hypothesis, forgetting is caused by inadequate retrieval cues, where conditions at the time of recall are not the same as the conditions at the time of encoding new information.",Memory and Forgetting,Apply,2-3,"Tulving & Thomson's (1973) encoding specificity principle states that retrieval cues are effective only when they match the conditions present during encoding, so forgetting often reflects cue-trace mismatch rather than storage failure.",BPSY
D7-Ch09,"How We Learn and Remember: Encoding, Retrieval, and Mnemonics",3,3,AP-D7-LEA-3,D7-LEA-3-69b269ec,True,"Tulving & Thomson (1973): The encoding specificity principle states that ""specific encoding operations performed on what is perceived determine what is stored, and what is stored determines what retrieval cues are effective in providing access to what is stored."" Retrieval from long-term memory is maximized when conditions at recall match the conditions present during encoding.","Retrieval from long-term memory is maximized when the conditions at the time of learning (encoding) new information are the same as the conditions when the information must be recalled, as described by the encoding specificity hypothesis.",Memory and Forgetting,Apply,2-3,"Tulving & Thomson's (1973) encoding specificity principle states that retrieval is maximized when conditions at recall match those present during encoding, because what is stored depends on how material was encoded.",BPSY
D7-Ch09,"How We Learn and Remember: Encoding, Retrieval, and Mnemonics",4,009,AP-D7-LEA-009,D7-LEA-009-24a28165,True,"Rundus (1971): The primacy effect is attributable to differential rehearsal: early list items receive more rehearsals due to less competition for rehearsal time. Strong positive correlation between number of rehearsals and recall probability, confirming greater transfer into long-term memory.",The primacy effect in the serial position effect is due to the transfer of information from short- to long-term memory.,Memory and Forgetting,Apply,2-3,"Rundus (1971) demonstrated that the primacy effect occurs because early list items receive more rehearsals due to less competition for rehearsal time, enabling greater transfer into long-term memory.",BPSY
D7-Ch09,"How We Learn and Remember: Encoding, Retrieval, and Mnemonics",5,146,AP-D7-LEA-146,D7-LEA-146-2fca9e0c,True,"Yates (1966): The method of loci involves selecting a well-known spatial route and mentally placing each item at successive locations. During retrieval, one mentally ""walks"" through the route, each location serving as a retrieval cue.","The method of loci, which involves visually placing each item in a list of unrelated words in different locations in a familiar place, is most useful for remembering such a list.",Memory and Forgetting,Apply,2-3,"The method of loci involves mentally placing items at successive locations along a familiar spatial route, then mentally retracing that route at retrieval, with each location serving as a cue.",BPSY
D7-Ch09,"How We Learn and Remember: Encoding, Retrieval, and Mnemonics",6,11-2,AP-D7-LEA-11-2,D7-LEA-11-2-591f6cfb,True,"Yates (1966): The method of loci is a mnemonic strategy in which each item to be remembered is mentally placed at a distinct location along a well-known spatial route. During retrieval, one mentally ""walks"" through the route, and each location serves as a retrieval cue for the associated item. Effective for encoding and recalling lists of unrelated words.","In the method of loci, each word in a list is visually linked to a familiar site or object to help encode and recall the list of unrelated words.",Memory and Forgetting,Apply,2-3,"In the method of loci, items to be remembered are mentally placed at distinct locations along a familiar spatial route, and mental ""walking"" of that route during retrieval uses each location as a cue for the associated item.",BPSY
D7-Ch09,"How We Learn and Remember: Encoding, Retrieval, and Mnemonics",7,144,AP-D7-LEA-144,D7-LEA-144-86905da0,True,"Atkinson (1975): The keyword method is a two-stage process: (1) ""acoustic link"" — an English word that sounds like part of the foreign word; (2) ""imagery link"" — a vivid mental image associating the keyword with the translation. Significantly enhanced vocabulary learning compared to rote rehearsal.",The keyword method is particularly useful for foreign (second) language learning.,Memory and Forgetting,Apply,2-3,Atkinson's (1975) keyword method enhances foreign vocabulary learning through two links: an acoustic link (an English word sounding like the foreign word) and an imagery link (a vivid image associating the keyword with its translation).,BPSY
D7-Ch09,"How We Learn and Remember: Encoding, Retrieval, and Mnemonics",8,14-2,AP-D7-LEA-14-2,D7-LEA-14-2-3fe799e9,True,"Bellezza (1981): An acrostic is a mnemonic device in which the first letter of each word in a sentence corresponds to the first letter of each item to be remembered. ""On old Olympus' towering top, a Finn and German viewed some hops"" is a classic acrostic for the twelve cranial nerves (olfactory, optic, oculomotor, trochlear, trigeminal, abducens, facial, auditory/vestibulocochlear, glossopharyngeal, vagus, spinal accessory, hypoglossal).","The use of the phrase ""on old Olympus towering top, a Finn and German viewed some hops"" by a psychology student is an example of an acrostic technique to remember the 12 cranial nerves.",Memory and Forgetting,Apply,2-3,"An acrostic is a mnemonic device in which the first letter of each word in a sentence corresponds to the first letter of each item to be recalled, as in the cranial nerves sentence ""On old Olympus' towering top, a Finn and German viewed some hops.""",BPSY
D7-Ch09,"How We Learn and Remember: Encoding, Retrieval, and Mnemonics",9,103,AP-D7-LEA-103,D7-LEA-103-af87b0d6,True,"Tolman & Honzik (1930): Rats exploring a maze without reward showed sudden, dramatic improvement when food was introduced, immediately matching rewarded rats' performance. Learning had occurred but remained ""latent"" until motivation was introduced. Evidence of ""cognitive maps"" formed during unrewarded exploration.","Tolman and Honzik concluded that rats allowed to explore a maze without being given a reward formed cognitive maps of the maze, confirming that latent learning occurs without reinforcement.",Memory and Forgetting,Apply,2-3,"Tolman & Honzik (1930) demonstrated latent learning: rats exploring a maze without reward formed cognitive maps, showing sudden performance improvement matching rewarded rats when food was introduced.",BPSY
D7-Ch09,"How We Learn and Remember: Encoding, Retrieval, and Mnemonics",10,125,AP-D7-LEA-125,D7-LEA-125-c1d7a783,True,"Einstein & McDaniel (1990): Prospective memory is ""memory for intentions — remembering to carry out an action at some point in the future."" Requires self-initiated retrieval.","Prospective memory refers to memory for tasks that must be performed or events that will occur in the future, such as remembering that you have a dentist appointment next Thursday morning.",Memory and Forgetting,Apply,2-3,"Prospective memory, as defined by Einstein & McDaniel (1990), is memory for intentions — remembering to perform an action at a future point — and requires self-initiated retrieval.",BPSY
D7-Ch10,"How Memory Fails: Forgetting, Interference, and False Memory",1,136-1,AP-D7-LEA-136-1,D7-LEA-136-1-69621bd4,True,Underwood (1957): Proactive interference (PI) — impairment of new learning by previously acquired material — is a major source of forgetting.,"Proactive interference occurs when prior learning (e.g., Spanish) interferes with the ability to learn or recall new information (e.g., French), as illustrated by Ella's experience.",Memory and Forgetting,Analyze,3,Underwood (1957) identified proactive interference—where previously learned material impairs acquisition or recall of new information—as a major source of forgetting.,BPSY
D7-Ch10,"How Memory Fails: Forgetting, Interference, and False Memory",2,14-1,AP-D7-LEA-14-1,D7-LEA-14-1-6a1ec38d,True,McGeoch & McDonald (1931): Retroactive interference (RI) — impairment of previously learned material by subsequently learned material. Participants learning a second list showed significantly poorer recall of the first list compared to those who rested.,"Retroactive interference, where more recently acquired information interferes with the ability to recall previously learned information, explains why you called your co-worker's husband ""Bob"" after earlier meeting him as ""Bill"".",Memory and Forgetting,Analyze,3,"McGeoch & McDonald (1931) demonstrated retroactive interference, in which subsequently learned material impairs recall of previously learned information, with greater similarity between lists producing greater interference.",BPSY
D7-Ch10,"How Memory Fails: Forgetting, Interference, and False Memory",3,005,AP-D7-LEA-005,D7-LEA-005-d96dbb89,True,"McGeoch & McDonald (1931): Retroactive interference occurs when newly learned material impairs recall of previously learned material. Participants who learned a second list of words showed significantly poorer recall of the original list compared to a rest-only control group, establishing that interpolated learning — not mere passage of time — is the primary cause of forgetting.",Retroactive interference occurs when recently learned information interferes with the ability to recall previously learned information.,Memory and Forgetting,Analyze,3,"McGeoch & McDonald (1931) established that retroactive interference — not mere passage of time — is the primary cause of forgetting, as interpolated learning impairs recall of previously learned material.",BPSY
D7-Ch10,"How Memory Fails: Forgetting, Interference, and False Memory",4,14-3,AP-D7-LEA-14-3,D7-LEA-14-3-7db8795d,True,Peterson & Peterson (1959): The distractor task paradigm — participants study material then perform an interpolated task (counting backward) before recall. Prevents rehearsal and introduces potentially interfering information. Standard procedure for studying retroactive interference.,"Subjects in a memory experiment are asked to recite the alphabet two times after memorizing a list of words in order to prevent rehearsal of the list, which can be used to assess the effects of retroactive interference.",Memory and Forgetting,Analyze,3,Peterson & Peterson (1959) used a distractor task paradigm (backward counting after study) to prevent rehearsal and measure retroactive interference on short-term memory retention.,BPSY
D7-Ch10,"How Memory Fails: Forgetting, Interference, and False Memory",5,007,AP-D7-LEA-007,D7-LEA-007-9e6af446,True,Pyc & Rawson (2010): The mediator effectiveness hypothesis — the testing effect occurs because retrieval practice prompts learners to generate and strengthen mediators (semantic links) that are more effective for later recall than those established during restudy.,"Research suggests that the mediator effectiveness hypothesis is most useful for understanding the ""testing effect.""",Memory and Forgetting,Analyze,3,"The mediator effectiveness hypothesis (Pyc & Rawson, 2010) explains the testing effect by proposing that retrieval practice strengthens semantic mediators that are more effective for later recall than those formed during restudy.",BPSY
D7-Ch10,"How Memory Fails: Forgetting, Interference, and False Memory",6,13-2,AP-D7-LEA-13-2,D7-LEA-13-2-46c1f021,True,Jenkins & Dallenbach (1924): Participants who slept during the retention interval recalled significantly more than those who remained awake. Superior retention after sleep supports interference-based accounts of forgetting rather than trace decay.,"The research by Jenkins and Dallenbach (1924) found that people who slept after learning new information recalled the information better than those who stayed awake for the same length of time after learning the information and engaged in an unrelated activity, contradicting the predictions of trace decay theory.",Memory and Forgetting,Analyze,3,"Jenkins & Dallenbach (1924) found that sleep during the retention interval produced superior recall compared to waking activity, supporting interference rather than trace decay as the primary cause of forgetting.",BPSY
D7-Ch10,"How Memory Fails: Forgetting, Interference, and False Memory",7,117,AP-D7-LEA-117,D7-LEA-117-163c498b,True,Roediger & McDermott (1995): DRM paradigm — lists of semantically associated words cause frequent recall and recognition of a nonpresented critical lure with high confidence. False memories are subjectively indistinguishable from veridical memories.,"Subjects in a research study who read a list of semantically related words and then recalled ""anger"" as one of the words, even though it was not included in the list, illustrate the phenomenon of illusory memory or false memory.",Memory and Forgetting,Analyze,3,The Roediger & McDermott (1995) DRM paradigm demonstrates false memory: study of semantically associated word lists causes confident recall and recognition of nonpresented critical lures subjectively indistinguishable from real memories.,BPSY
D7-Ch10,"How Memory Fails: Forgetting, Interference, and False Memory",8,136-2,AP-D7-LEA-136-2,D7-LEA-136-2-acc7f294,True,"Tolman & Honzik (1930): Rats that explored a maze without reinforcement showed no improvement in performance until a food reward was introduced, at which point their error rate dropped immediately to match that of consistently rewarded rats. This demonstrated that learning had occurred during unrewarded exploration but remained latent until motivation was provided — confirming that learning can occur without being apparent in behavior.",Tolman's research with rats confirmed that learning can occur without being apparent in behavior.,Memory and Forgetting,Analyze,3,"Tolman & Honzik (1930) demonstrated latent learning: rats explored a maze without reinforcement showed no performance improvement until food was introduced, whereupon error rates immediately matched those of consistently rewarded rats.",BPSY
D7-Ch10,"How Memory Fails: Forgetting, Interference, and False Memory",9,107,AP-D7-LEA-107,D7-LEA-107-4b0d8284,True,"Bandura (1977): ""Fortunately, most human behavior is learned observationally through modeling: from observing others one forms an idea of how new behaviors are performed, and on later occasions this coded information serves as a guide for action.""",Bandura's (1986) social cognitive theory attributes the acquisition of many complex behaviors to observing the behavior of others.,Memory and Forgetting,Analyze,3,"Bandura (1977) proposed that most complex human behavior is acquired through observational learning, in which watching others provides coded information that guides later action.",BPSY
D7-Ch11,The Biology of Memory and Sleep,1,147,AP-D7-PHY-147,D7-PHY-147-51fc0325,True,"Bliss & Lomo (1973): Long-term potentiation (LTP) — brief, high-frequency stimulation of hippocampal pathways produced sustained increase in synaptic transmission efficiency. Considered a primary neural mechanism underlying memory storage.","Long-term potentiation (LTP), which involves an increase in synaptic efficacy as the result of repetitive stimulation, has been linked to memory storage.",Memory and Sleep,Analyze,3,"Bliss & Lomo (1973) demonstrated that brief, high-frequency stimulation of hippocampal pathways produces long-term potentiation (LTP), a sustained increase in synaptic transmission efficiency considered the primary neural mechanism underlying memory storage.",BPSY
D7-Ch11,The Biology of Memory and Sleep,2,160,AP-D7-PHY-160,D7-PHY-160-088f0b6a,True,"Kandel (2001): In Aplysia, short-term memory involves covalent modification of pre-existing proteins and enhanced neurotransmitter release. Long-term memory requires new protein synthesis and growth of new synaptic connections. Learning produces structural and functional changes at the synapse.","Kandel's (2001) research with the sea snail, Aplysia, provided information on neuronal changes associated with learning and memory.",Memory and Sleep,Analyze,3,"Kandel's research with Aplysia showed that short-term memory involves modification of pre-existing proteins, while long-term memory requires new protein synthesis and growth of new synaptic connections.",BPSY
D7-Ch11,The Biology of Memory and Sleep,3,14,AP-D7-PHY-14,D7-PHY-14-fc84df8f,True,"Kandel (1976): The marine sea slug Aplysia californica was selected as a model organism for studying the neuronal basis of learning and memory because it possesses a simple nervous system of approximately 20,000 large, identifiable neurons. This simplicity allowed the mapping of specific synaptic changes — including enhanced neurotransmitter release and structural growth of new synaptic connections — underlying habituation, sensitization, and classical conditioning.","Kandel and his associates (e.g., Kandel, 1976) used sea slugs (Aplysia) as subjects for their research on neuronal changes associated with learning and memory because sea slugs have a simple nervous system that consists of a small number of large neurons.",Memory and Sleep,Analyze,3,"Kandel used the sea slug Aplysia californica to study learning and memory because its simple nervous system of ~20,000 large identifiable neurons allowed mapping of specific synaptic changes underlying habituation, sensitization, and classical conditioning.",BPSY
D7-Ch11,The Biology of Memory and Sleep,4,16-2,AP-D7-PHY-16-2,D7-PHY-16-2-2436b70f,True,"Davis & Squire (1984): ""inhibitors of protein synthesis, when administered around the time of training, prevent the formation of long-term memory while leaving short-term memory intact."" Consolidation of short-term into long-term memory requires de novo protein synthesis.",Drugs that block protein synthesis while acquiring new information interfere with the formation of long-term memories but not short-term memories.,Memory and Sleep,Analyze,3,"Protein synthesis inhibitors administered around the time of training prevent long-term memory formation while leaving short-term memory intact, demonstrating that consolidation into long-term memory requires de novo protein synthesis.",BPSY
D7-Ch11,The Biology of Memory and Sleep,5,021,AP-D7-PHY-021,D7-PHY-021-b323a513,True,"Squire (2004): Nondeclarative (implicit) memory — procedural/skill learning, habit formation, classical conditioning, and priming — depends on structures distinct from the hippocampal system. Procedural learning depends on the basal ganglia; conditioned motor responses depend on the cerebellum. Preserved in amnesic patients.","Implicit memories, including memories of learned skills and actions (procedural memory) and conditioned responses, are stored in the cerebellum and basal ganglia areas of the brain.",Memory and Sleep,Analyze,3,"Implicit/nondeclarative memory is preserved in amnesic patients; procedural learning depends on the basal ganglia and conditioned motor responses depend on the cerebellum, both distinct from the hippocampal system.",BPSY
D7-Ch11,The Biology of Memory and Sleep,6,171,AP-D7-PHY-171,D7-PHY-171-aa0e77ef,True,"Ribot (1882): Ribot's law of regression states that in retrograde amnesia, more recently formed memories are more vulnerable to disruption than older, well-consolidated memories. During recovery, many patients exhibit ""shrinking retrograde amnesia,"" in which the temporal extent of the amnesia contracts progressively — with the most distant (remote) memories returning first and the most recent pre-injury memories returning last or remaining permanently lost.","Following a traumatic brain injury, a middle-aged woman experiencing considerable anterograde and retrograde amnesia will most likely remember where she and her family went on vacation three years ago first, as many patients with retrograde amnesia exhibit ""shrinking retrograde amnesia"" over time, with the most distant memories returning first.",Memory and Sleep,Analyze,3,"Ribot's law states that in retrograde amnesia, recently formed memories are more vulnerable than remote memories; recovery follows a shrinking pattern with most distant memories returning first and most recent pre-injury memories last.",BPSY
D7-Ch11,The Biology of Memory and Sleep,7,154,AP-D7-PHY-154,D7-PHY-154-e01929ee,True,"Berry et al. (2017): NREM sleep has three stages: N1, N2, and N3. All NREM stages show progressively increasing amplitude and decreasing frequency reflecting increasing cortical synchronization.","The three stages of non-rapid eye movement (NREM) sleep are characterized by high-amplitude, low-frequency EEG activity.",Memory and Sleep,Analyze,3,"NREM sleep has three stages (N1, N2, N3) showing progressively increasing amplitude and decreasing EEG frequency, reflecting increasing cortical synchronization with deeper sleep.",BPSY
D7-Ch11,The Biology of Memory and Sleep,8,17,AP-D7-PHY-17,D7-PHY-17-74f78acf,True,"Kryger, Roth, & Dement (2017): Delta waves are ""high-amplitude (>75 microvolts), low-frequency (0.5-4 Hz) EEG oscillations that define slow-wave sleep (stage N3).""",Delta waves are characteristic of deep sleep.,Memory and Sleep,Analyze,3,"Delta waves are high-amplitude (>75 microvolts), low-frequency (0.5–4 Hz) EEG oscillations that define slow-wave sleep (stage N3).",BPSY
D7-Ch11,The Biology of Memory and Sleep,9,15-1,AP-D7-PHY-15-1,D7-PHY-15-1-8a585287,True,"Hobson, Pace-Schott, & Stickgold (2000): ""dreaming is not confined to REM sleep; mentation reports can be obtained from NREM sleep awakenings."" REM dreams are ""longer, more vivid, more hallucinatory, more emotionally intense, more bizarre, and more readily recalled than NREM dream reports.""","Dreams occur during REM and non-REM sleep, but they occur more often during REM sleep, and are longer, more bizarre and emotional, and more likely to be recalled when they occur during REM sleep.",Memory and Sleep,Analyze,3,"Dreams occur in both REM and NREM sleep, but REM dreams are longer, more vivid, more hallucinatory, more emotionally intense, more bizarre, and more readily recalled than NREM dream reports.",BPSY
D7-Ch11,The Biology of Memory and Sleep,10,15-2,AP-D7-PHY-15-2,D7-PHY-15-2-269eb24c,True,"Roffwarg, Muzio, & Dement (1966): Neonates begin each sleep period with active sleep, the developmental precursor of REM sleep. Active sleep in newborns is characterized by irregular respirations, rapid eye movements, facial grimaces, and limb twitches. This is the functional equivalent of stage R (REM) sleep in adults, which adults typically enter only after progressing through NREM stages.","Fred and Ethel's newborn infant will begin each sleep period with active sleep, which is most similar to stage R sleep in adults.",Memory and Sleep,Analyze,3,"Unlike adults who enter REM only after NREM stages, neonates begin each sleep period with active sleep (the developmental precursor of REM), characterized by irregular respirations, rapid eye movements, facial grimaces, and limb twitches.",BPSY
D7-Ch12,Sleep Across the Lifespan and Sensation/Perception,1,166,AP-D7-PHY-166,D7-PHY-166-f44d4411,True,"Roffwarg, Muzio, & Dement (1966): ""the neonate enters sleep through an initial period of active (REM) sleep, in contrast to the NREM-onset pattern that characterizes sleep in older children and adults."" This pattern persists through approximately the first three months of life.",Infants less than three months of age usually begin a sleep period with REM sleep.,Memory and Sleep,Apply/Analyze,3,"Infants under approximately three months of age begin sleep periods with REM (active) sleep, in contrast to the NREM-onset pattern that characterizes sleep in older children and adults.",BPSY
D7-Ch12,Sleep Across the Lifespan and Sensation/Perception,2,018,AP-D7-PHY-018,D7-PHY-018-cb71289d,True,"Roffwarg, Muzio, & Dement (1966): ""The neonate sleeps approximately 16-18 hours per day, with REM sleep comprising approximately 50% of total sleep time. REM sleep proportion declines steeply during the first years of life, reaching approximately 25-30% by age 5, and then remains relatively stable at 20-25% throughout adulthood.""","Infants spend about 16 to 20 hours each day sleeping, with about 50% of this time in REM sleep, and this proportion of REM sleep drops to about 25% by age five and continues at that level during the rest of childhood, adolescence, and adulthood.",Memory and Sleep,Apply/Analyze,3,Neonates sleep approximately 16-18 hours per day with REM sleep comprising 50% of total sleep time; this proportion declines to 25-30% by age 5 and remains relatively stable at 20-25% throughout adulthood.,BPSY
D7-Ch12,Sleep Across the Lifespan and Sensation/Perception,3,165,AP-D7-PHY-165,D7-PHY-165-5243a136,True,"Duffy & Czeisler (2002): Healthy older adults show an advance in circadian phase relative to younger adults, with earlier sleep-wake timing and a shift toward greater morningness preference. A shortening of circadian period with age cannot account for the advanced circadian phase.","Advanced sleep phase, involving an earlier sleep-wake cycle, is most characteristic of older adults.",Memory and Sleep,Apply/Analyze,3,"Healthy older adults show an advance in circadian phase relative to younger adults, characterized by earlier sleep-wake timing and greater morningness preference.",BPSY
D7-Ch12,Sleep Across the Lifespan and Sensation/Perception,4,13-1,AP-D7-PHY-13-1,D7-PHY-13-1-cee71774,True,"Hering (1878/1964): Color vision is mediated by three opponent neural channels: red vs. green, blue vs. yellow, black vs. white. Stimulation of one member inhibits the other. Explains negative afterimages: prolonged viewing of one color fatigues that channel, and the opponent process temporarily dominates.","Opponent process theory best explains the experience of negative afterimages, proposing that there are three types of bipolar receptor cells in the visual system - red/green, yellow/blue, and white/black.",Sensation and Perception,Apply/Analyze,3,"Hering's opponent process theory explains negative afterimages through three opponent neural channels (red/green, blue/yellow, black/white), where prolonged stimulation fatigues one channel and allows the opposing process to temporarily dominate.",BPSY
D7-Ch12,Sleep Across the Lifespan and Sensation/Perception,5,139,AP-D7-PHY-139,D7-PHY-139-bd877a7d,True,"Howard & Rogers (2012): Retinal (binocular) disparity is ""the difference in the positions of corresponding points in the two retinal images that arises because the two eyes view the world from slightly different horizontal positions."" Most effective at close distances; beyond that, monocular cues become primary.","Retinal disparity refers to differences in retinal images in the left and right eyes and is responsible for depth perception of objects that are at a close distance, in contrast to motion parallax, interposition, and linear perspective which are responsible for depth perception of objects at a greater distance.",Sensation and Perception,Apply/Analyze,3,"Retinal (binocular) disparity — the difference between the two eyes' retinal images due to their horizontal separation — is the most effective depth cue at close distances, while monocular cues dominate at greater distances.",BPSY
D7-Ch12,Sleep Across the Lifespan and Sensation/Perception,6,071,AP-D7-PHY-071,D7-PHY-071-598d7a8d,True,"Green & Swets (1966): In signal detection theory, d-prime (d') is a measure of sensitivity — the ability to discriminate signal from noise. It is calculated as the difference between the z-transformed hit rate and the z-transformed false alarm rate: d' = z(hit rate) - z(false alarm rate). A higher d' indicates greater discriminability between signal and noise.","In signal detection theory, d-prime (d') indicates the difference between the standard scores for the hit rate and false alarm rate.",Sensation and Perception,Apply/Analyze,3,"In signal detection theory, d-prime (d') measures sensitivity and is calculated as the difference between the z-transformed hit rate and z-transformed false alarm rate: d' = z(hit rate) − z(false alarm rate).",BPSY
D7-Ch12,Sleep Across the Lifespan and Sensation/Perception,7,110,AP-D7-PHY-110,D7-PHY-110-7e34c034,True,"Farah (2004): Prosopagnosia — ""patients can perceive individual facial features and determine that a stimulus is a face (intact bottom-up processing) but cannot match the perceived face to stored identity representations (impaired top-down recognition).""",Prosopagnosia (face blindness) is best described as involving intact bottom-up processing with a lack of top-down processing.,Sensation and Perception,Apply/Analyze,3,Prosopagnosia involves intact bottom-up perceptual processing of faces but impaired top-down matching of perceived faces to stored identity representations.,BPSY
D7-Ch13,"Emotion, Arousal, and Stress: The Feeling Brain",1,153,AP-D7-PHY-153,D7-PHY-153-c774c7ad,True,"James (1884): ""the bodily changes follow directly the perception of the exciting fact, and that our feeling of the same changes as they occur IS the emotion."" The emotion does not cause the physiological response; rather, the physiological response produces the emotional experience (""we feel sad because we cry"").","The James-Lange theory suggests that a stimulus is perceived, bodily arousal and behavior occur, and emotion is then experienced.",Emotions and Stress,Analyze,3,"The James-Lange theory proposes that physiological responses to stimuli produce emotional experience, not the reverse — we feel sad because we cry, rather than crying because we feel sad.",BPSY
D7-Ch13,"Emotion, Arousal, and Stress: The Feeling Brain",2,047,AP-D7-PHY-047,D7-PHY-047-d2d74c9d,True,"Cannon (1927): An emotion-provoking stimulus activates the thalamus, which simultaneously sends signals to the cortex (subjective experience) and to the autonomic nervous system/skeletal muscles (physiological arousal). Experience and arousal are concurrent and independent.",The Cannon-Bard theory proposes that physiological arousal and the experience of emotion occur simultaneously and independently in response to a stimulus.,Emotions and Stress,Analyze,3,"The Cannon-Bard theory proposes that an emotion-provoking stimulus activates the thalamus, which simultaneously and independently sends signals producing subjective emotional experience and physiological arousal.",BPSY
D7-Ch13,"Emotion, Arousal, and Stress: The Feeling Brain",3,17-1,AP-D7-PHY-17-1,D7-PHY-17-1-e15b696c,True,"Schachter & Singer (1962): ""An emotional state may be considered a function of a state of physiological arousal and of a cognition appropriate to this state of arousal."" An important assumption of their two-factor theory is that the bodily responses (physiological arousal) associated with different emotions are essentially the same -- what differs is the cognitive interpretation of that arousal. Participants injected with epinephrine adopted the emotional tone of a confederate, labeling identical arousal as euphoria or anger depending on context.","According to Schachter and Singer's (1962) two-factor theory, emotions are the consequence of physiological arousal plus the cognitive interpretation of that arousal. An important assumption of their theory is that the bodily responses associated with different emotions are essentially the same and what differs is the cognitive interpretation of those responses.",Emotions and Stress,Analyze,3,"Schachter & Singer's two-factor theory holds that emotions result from physiological arousal plus cognitive interpretation, and that physiological arousal is essentially identical across different emotions — only the cognitive label differs.",BPSY
D7-Ch13,"Emotion, Arousal, and Stress: The Feeling Brain",4,010,AP-D7-PHY-010,D7-PHY-010-d8510d63,True,"Schachter & Singer (1962): The two-factor (cognitive arousal) theory proposes that emotional experience results from two components: (1) physiological arousal in response to an external event, and (2) a cognitive label or attribution for that arousal based on environmental cues. Physiological arousal is assumed to be similar across emotions; the subjective experience of different emotions depends on the cognitive interpretation of the arousal.","Schachter and Singer's cognitive arousal theory proposes that emotions are due to a combination of physiological arousal in response to an external event and cognitive attributions for that arousal, and that physiological arousal is similar for all emotions with differences in the experience of emotions due to differences in the attributions.",Emotions and Stress,Analyze,3,"Schachter & Singer's (1962) two-factor theory holds that emotional experience requires both physiological arousal and a cognitive label attributing that arousal to an environmental cause, with arousal being nonspecific across emotions.",BPSY
D7-Ch13,"Emotion, Arousal, and Stress: The Feeling Brain",5,16,AP-D7-PHY-16,D7-PHY-16-95d57f18,True,"Strack, Martin, & Stepper (1988): ""We investigated the hypothesis that people's facial activity influences their affective responses."" Subjects reported more intense humor responses to cartoons under facilitating conditions (pen in teeth, activating smile muscles) than under inhibiting conditions (pen in lips). Consistent with James-Lange peripheral-first model.","The facial feedback hypothesis, which proposes that facial expressions can produce the corresponding emotions, is consistent with the James-Lange theory of emotion.",Emotions and Stress,Analyze,3,"Strack, Martin, & Stepper's facial feedback research demonstrated that facial muscle activity influences emotional experience, consistent with the James-Lange theory's peripheral-first model of emotion.",BPSY
D7-Ch13,"Emotion, Arousal, and Stress: The Feeling Brain",6,172,AP-D7-PHY-172,D7-PHY-172-966fdcaf,True,"Lazarus (1991/1993): According to Lazarus's cognitive appraisal theory, primary appraisal involves evaluating whether an external event is (1) irrelevant, (2) benign-positive, or (3) stressful. When appraised as stressful, the event is further classified as involving harm (damage already done), threat (anticipated harm), or challenge (difficult demands one feels confident about overcoming). ""Appraisal is a universal process in which people constantly evaluate the significance of what is happening for their personal well-being.""","According to Lazarus's (1991) cognitive appraisal theory, primary appraisal involves considering whether an external event is relevant or irrelevant and, if relevant, whether it's positive/benign or stressful.",Emotions and Stress,Analyze,3,"In Lazarus's cognitive appraisal theory, primary appraisal categorizes events as irrelevant, benign-positive, or stressful; stressful appraisals are further classified as harm, threat, or challenge based on anticipated impact and coping confidence.",BPSY
D7-Ch13,"Emotion, Arousal, and Stress: The Feeling Brain",7,005,AP-D7-PHY-005,D7-PHY-005-6919c4cd,True,"Lazarus (1991): Cognitive appraisal theory distinguishes three types of appraisal. Primary appraisal evaluates whether an event is irrelevant, benign-positive, or stressful. Secondary appraisal involves evaluating one's available coping resources and options — what personal and environmental resources a person has to manage a stressful event. Reappraisal is the ongoing reassessment of both the event and one's coping capacity.","Cognitive appraisal theory distinguishes between three types of appraisal, where secondary appraisal involves determining what personal and environmental resources a person has to cope with a stressful event.",Emotions and Stress,Analyze,3,"In Lazarus's (1991) cognitive appraisal theory, secondary appraisal involves evaluating one's available personal and environmental resources for coping with a stressful event.",BPSY
D7-Ch13,"Emotion, Arousal, and Stress: The Feeling Brain",8,18-1,AP-D7-PHY-18-1,D7-PHY-18-1-7984d16d,True,"Papez (1937): A circuit of hippocampus, cingulate gyrus, mammillary bodies, and anterior thalamic nuclei as the neural substrate of emotional experience, emotional expression, and encoding of emotionally significant memories.","The Papez circuit plays a fundamental role in emotions and memory, as it is involved in the experience and expression of emotions, as well as the storage of emotional memories.",Emotions and Stress,Analyze,3,"The Papez circuit — comprising the hippocampus, cingulate gyrus, mammillary bodies, and anterior thalamic nuclei — serves as the neural substrate for emotional experience, emotional expression, and encoding of emotionally significant memories.",BPSY
D7-Ch13,"Emotion, Arousal, and Stress: The Feeling Brain",9,18-2,AP-D7-PHY-18-2,D7-PHY-18-2-d090abe5,True,"Gainotti (1972): Patients with damage to the right (nondominant) hemisphere frequently exhibit an ""indifference reaction"" — characterized by anosognosia, emotional blunting, inappropriate unconcern, or euphoria. Patients with left (dominant) hemisphere damage are more likely to display a ""catastrophic reaction"" — marked by anxiety, tearfulness, depression, and emotional volatility.","People with damage to the certain areas of the right (non-dominant) hemisphere are likely to exhibit an indifference reaction, while people with damage to the left (dominant) hemisphere are more likely to exhibit a catastrophic reaction.",Emotions and Stress,Analyze,3,"Gainotti (1972) found that right hemisphere damage produces an indifference reaction (anosognosia, euphoria, emotional blunting), while left hemisphere damage produces a catastrophic reaction (anxiety, tearfulness, depression).",BPSY
D7-Ch13,"Emotion, Arousal, and Stress: The Feeling Brain",10,17-2,AP-D7-PHY-17-2,D7-PHY-17-2-8cb97446,True,"Sterling & Eyer (1988): Allostasis refers to the process of achieving stability through physiological change. Unlike homeostasis, which implies a fixed set point, allostasis emphasizes that the body actively adjusts cardiovascular, neuroendocrine, and immune parameters to meet anticipated demands. McEwen (1998) extended this concept with ""allostatic load"" — the cumulative wear and tear resulting from chronic stress or inefficient allostatic responses.",Allostasis refers to the body's ability to adapt to stress and achieve a state of stability through a process of change.,Emotions and Stress,Analyze,3,"Allostasis describes achieving stability through physiological change by actively adjusting parameters to meet anticipated demands, while allostatic load (McEwen, 1998) refers to cumulative wear and tear from chronic stress or inefficient allostatic responses.",BPSY
D7-Ch14,When the Brain Breaks: Neurocognitive and Neurological Disorders,1,27-3,AP-D7-PPA-27-3,D7-PPA-27-3-110a0ab9,True,"Braak & Braak (1991): The neuropathology of Alzheimer's disease involves progressive accumulation of neuritic (amyloid) plaques and neurofibrillary tangles. The earliest changes (Braak stages I-II) appear in the transentorhinal and entorhinal cortex, then spread to the hippocampus (stages III-IV) and amygdala, and eventually to widespread neocortical areas (stages V-VI).","Neurocognitive disorder due to Alzheimer's disease is associated with an accumulation of neuritic plaques and neurofibrillary tangles in the entorhinal cortex, hippocampus, and amygdala.",Neurocognitive Disorders,Evaluate,3-4,"Alzheimer's disease neuropathology involves progressive accumulation of neuritic plaques and neurofibrillary tangles beginning in the transentorhinal/entorhinal cortex (Braak I-II), spreading to hippocampus and amygdala, and eventually to widespread neocortical areas.",BPSY
D7-Ch14,When the Brain Breaks: Neurocognitive and Neurological Disorders,2,27-2,AP-D7-PPA-27-2,D7-PPA-27-2-2d739767,True,"Francis, Palmer, Snape, & Wilcock (1999): ""the cholinergic hypothesis proposes that the deficit of acetylcholine in the hippocampus and neocortex is a major contributor to the cognitive and memory dysfunction characteristic of Alzheimer's disease.""",Memory loss associated with neurocognitive disorder due to Alzheimer's disease has been most consistently linked to abnormal levels of acetylcholine in the hippocampus and cerebral cortex.,Neurocognitive Disorders,Evaluate,3-4,The cholinergic hypothesis proposes that deficits of acetylcholine in the hippocampus and neocortex are a major contributor to the cognitive and memory dysfunction characteristic of Alzheimer's disease.,BPSY
D7-Ch14,When the Brain Breaks: Neurocognitive and Neurological Disorders,3,130,AP-D7-PPA-130,D7-PPA-130-305068c0,True,"Terracciano et al. (2014): ""high neuroticism and low conscientiousness were significantly and independently associated with increased risk of developing Alzheimer's disease.""",The research has most consistently linked a low score on conscientiousness and a high score on neuroticism to an increased risk for a diagnosis of neurocognitive disorder due to Alzheimer's disease.,Neurocognitive Disorders,Evaluate,3-4,High neuroticism and low conscientiousness are independently and significantly associated with increased risk of developing Alzheimer's disease.,BPSY
D7-Ch14,When the Brain Breaks: Neurocognitive and Neurological Disorders,4,217,AP-D7-PPA-217,D7-PPA-217-8d9957c5,True,"McKeith et al. (2017): DLB motor symptoms (rigidity, bradykinesia, gait disturbance) appear early and cause greater functional disability than early-stage Alzheimer's, where cognitive deficits predominate.",Motor disturbances are a more important cause of disability in the early stages of neurocognitive disorder with Lewy bodies than in the early stages of Alzheimer's disease.,Neurocognitive Disorders,Evaluate,3-4,"Motor symptoms (rigidity, bradykinesia, gait disturbance) cause greater functional disability in early-stage neurocognitive disorder with Lewy bodies than in early-stage Alzheimer's disease, where cognitive deficits predominate.",BPSY
D7-Ch14,When the Brain Breaks: Neurocognitive and Neurological Disorders,5,013,AP-D7-PPA-013,D7-PPA-013-1806f9a7,True,"DSM-5 (American Psychiatric Association, 2013): The diagnosis of probable major or mild neurocognitive disorder with Lewy bodies requires at least two of the following core features, or one core feature plus one or more suggestive features. Core features: (1) fluctuating cognition with pronounced variations in attention and alertness, (2) recurrent visual hallucinations that are typically well formed and detailed, (3) spontaneous features of parkinsonism with onset subsequent to the development of cognitive decline. Suggestive features include REM sleep behavior disorder, severe neuroleptic sensitivity, and low dopamine transporter uptake in the basal ganglia.","The DSM-5 diagnosis of probable major or mild neurocognitive disorder with Lewy bodies requires that the patient's symptoms include at least two core features or one core feature and one suggestive feature, with visual hallucinations being a core feature and concurrent REM sleep behavior disorder being a suggestive feature.",Neurocognitive Disorders,Evaluate,3-4,"DSM-5 diagnosis of probable neurocognitive disorder with Lewy bodies requires at least two core features (fluctuating cognition, recurrent visual hallucinations, spontaneous parkinsonism) or one core feature plus a suggestive feature such as REM sleep behavior disorder or severe neuroleptic sensitivity.",BPSY
D7-Ch14,When the Brain Breaks: Neurocognitive and Neurological Disorders,6,26,AP-D7-PPA-26,D7-PPA-26-42b70922,True,"McKeith et al. (2017): The core clinical features of neurocognitive disorder with Lewy bodies include fluctuating cognition, recurrent visual hallucinations, REM sleep behavior disorder, and parkinsonism. Perseverative or compulsive behavior is not a characteristic feature of Lewy body dementia; rather, it is a diagnostic criterion for behavioral variant frontotemporal neurocognitive disorder (Rascovsky et al., 2011).","Neurocognitive disorder with Lewy bodies is not characterized by perseverative behavior, which is a diagnostic criterion for frontotemporal neurocognitive disorder.",Neurocognitive Disorders,Evaluate,3-4,"Perseverative or compulsive behavior is a diagnostic criterion for behavioral variant frontotemporal neurocognitive disorder, not for neurocognitive disorder with Lewy bodies, whose core features include fluctuating cognition, visual hallucinations, REM sleep behavior disorder, and parkinsonism.",BPSY
D7-Ch14,When the Brain Breaks: Neurocognitive and Neurological Disorders,7,28-1,AP-D7-PPA-28-1,D7-PPA-28-1-6f98ace5,True,Johnson (2005): Creutzfeldt-Jakob disease is a degenerative disorder of the nervous system caused by misfolded prion proteins. Its exceptionally rapid course distinguishes CJD from all other neurocognitive disorders.,"Neurocognitive disorder due to Creutzfeldt-Jakob disease, categorized in DSM-5 as neurocognitive disorder due to prion disease, typically progresses very rapidly compared to other types of neurocognitive disorders.",Neurocognitive Disorders,Evaluate,3-4,"Creutzfeldt-Jakob disease, classified in DSM-5 as neurocognitive disorder due to prion disease, is distinguished from all other neurocognitive disorders by its exceptionally rapid and invariably fatal course.",BPSY
D7-Ch14,When the Brain Breaks: Neurocognitive and Neurological Disorders,8,177,AP-D7-PHY-177,D7-PHY-177-997179bf,True,"Vonsattel & DiFiglia (1998): Huntington's disease neuropathology is ""characterized by progressive degeneration of the striatum (caudate nucleus and putamen), with selective loss of GABAergic neurons."" Disrupts basal ganglia pathways. Glutamate excitotoxicity contributes to selective neuronal vulnerability.","The motor symptoms of Huntington's disease have been linked to GABA and glutamate abnormalities in the basal ganglia, especially the caudate nucleus and putamen.",Neurological and Endocrine Disorders,Evaluate,3-4,"Huntington's disease involves progressive degeneration of striatal GABAergic neurons in the caudate nucleus and putamen, with glutamate excitotoxicity contributing to selective neuronal vulnerability.",BPSY
D7-Ch14,When the Brain Breaks: Neurocognitive and Neurological Disorders,9,184,AP-D7-PHY-184,D7-PHY-184-d58e5b78,True,Kalia & Lang (2015): Parkinson's disease is a neurological disorder characterized by the loss of dopaminergic neurons in the substantia nigra pars compacta.,A progressive loss of dopamine-producing cells in the substantia nigra has been linked to Parkinson's disease.,Neurological and Endocrine Disorders,Evaluate,3-4,Parkinson's disease is characterized by progressive loss of dopaminergic neurons in the substantia nigra pars compacta.,BPSY
D7-Ch14,When the Brain Breaks: Neurocognitive and Neurological Disorders,10,159,AP-D7-PHY-159,D7-PHY-159-d207630b,True,"Gainotti (1972): Left brain-damaged patients show a significantly higher incidence of catastrophic reactions (anxiety, tears, aggressive behavior, swearing, depressive symptoms). Right hemisphere-damaged patients show significantly more indifference reactions (anosognosia, minimization of deficits, joking in a ""fatuous, euphoric or ironical way"").","Damage to the left hemisphere of the cerebral cortex is most likely to produce depression or emotional volatility, while damage to the right hemisphere can produce inappropriate indifference or euphoria.",Emotions and Stress,Evaluate,3-4,"Left hemisphere damage produces catastrophic reactions (anxiety, depression, aggression), while right hemisphere damage produces indifference reactions (anosognosia, minimization of deficits, inappropriate euphoria or joking).",BPSY
D8-Ch01,Guarding the Gate: Ethical Foundations of Assessment Under Standard 9,1,27,AP-D8-ETH-27,D8-ETH-27-3a761f16,True,"APA (2017), Standard 3.10: Treatment of a minor requires written parental consent and the child's verbal assent, obtained as early as feasible.","To be consistent with ethical requirements, a psychologist must obtain written consent from a child's parents and verbal assent from the child as soon as possible when seeing the child in individual therapy.",APA Ethics Code Standards 9 and 10,Remember/Understand,1-2,"APA Standard 3.10 requires that treatment of a minor include written parental consent and the child's verbal assent, obtained as early as feasible in the therapeutic process.",CASS
D8-Ch01,Guarding the Gate: Ethical Foundations of Assessment Under Standard 9,2,22-1,AP-D8-ETH-22-1,D8-ETH-22-1-4262a66a,True,"APA (2017), Standard 9.03: When assessment data collected for clinical purposes will also be used in research, separate informed consent must be obtained for the research use.","An ethical psychologist must obtain the patients' consent to use their test information in a research study, in addition to the consent obtained for the initial assessment.",APA Ethics Code Standards 9 and 10,Remember/Understand,1-2,APA Standard 9.03 requires psychologists to obtain separate informed consent for research use of assessment data originally collected for clinical purposes.,CASS
D8-Ch01,Guarding the Gate: Ethical Foundations of Assessment Under Standard 9,3,193-1,AP-D8-ETH-193-1,D8-ETH-193-1-0204fc71,True,"APA (2017), Standard 9.03: Psychologists may use assessment results for both clinical and research purposes provided informed consent is obtained for each distinct use.","As long as Dr. Shadid obtains informed consent from the clients for use of the assessment results for both therapy and research, it is acceptable for him to use the test results in his research study.",APA Ethics Code Standards 9 and 10,Remember/Understand,1-2,APA Ethics Code Standard 9.03 permits psychologists to use assessment results for both clinical and research purposes provided informed consent is obtained for each distinct use.,CASS
D8-Ch01,Guarding the Gate: Ethical Foundations of Assessment Under Standard 9,4,193-2,AP-D8-ETH-193-2,D8-ETH-193-2-37783459,True,"APA (2017), Standard 9.02(b): Psychologists must use assessment instruments whose validity and reliability have been established for the purpose for which they are being used; using a personality test that has not been validated as a predictor of job performance for a specific occupation would violate this standard.","As an ethical psychologist, you cannot comply with a request to use a personality test that has not been validated as a predictor of job performance for salespeople.",APA Ethics Code Standards 9 and 10,Remember/Understand,1-2,APA Ethics Code Standard 9.02(b) requires psychologists to use assessment instruments whose validity and reliability have been established for the specific purpose for which they are being used.,CASS
D8-Ch01,Guarding the Gate: Ethical Foundations of Assessment Under Standard 9,5,24-3,AP-D8-ETH-24-3,D8-ETH-24-3-8da2cea2,True,"APA (2017), Standard 9.06: When the validity and reliability of a test have not been established for a particular racial or ethnic group, a psychologist may still administer the test if no appropriate alternative is available, provided the psychologist describes the strengths and limitations of the results and their interpretation.","It may be acceptable to administer a psychological test to members of a particular racial/ethnic group when the reliability and validity of the test have not been established for that group but have been established for other populations, if alternative measures are unavailable and the possible limitations of the test's results are specified, according to the ethics codes of the American and Canadian Psychological Associations.",APA Ethics Code Standards 9 and 10,Remember/Understand,1-2,"APA Standard 9.06 permits administering a test to a racial or ethnic group for whom reliability and validity have not been established when no appropriate alternative exists, provided the psychologist describes the strengths and limitations of the results.",CASS
D8-Ch01,Guarding the Gate: Ethical Foundations of Assessment Under Standard 9,6,013,AP-D8-ETH-013,D8-ETH-013-1272bf8a,True,"APA (2017), Standard 9.06: When evaluating examinees with limited English proficiency, a psychologist may use a qualified interpreter and must document possible limitations of the results.","To be consistent with ethical requirements when evaluating students with limited English skills, Dr. Bernstein may use an interpreter who is fluent in both Spanish and English and has appropriate training, and must indicate the possible limitations of the test results in his report.",APA Ethics Code Standards 9 and 10,Remember/Understand,1-2,"Per APA Ethics Code Standard 9.06, psychologists evaluating examinees with limited English proficiency may use a qualified interpreter but must document the possible limitations of the results in their report.",CASS
D8-Ch01,Guarding the Gate: Ethical Foundations of Assessment Under Standard 9,7,24-1,AP-D8-ETH-24-1,D8-ETH-24-1-169baf6d,True,"APA (2017), Standard 9.06: When a test lacks normative data for a specific population and no validated alternative exists, a psychologist may administer the measure provided the possible limitations of the results are clearly documented.",The psychologist can administer the measure to older clients if alternative measures are unavailable and he explains the possible limitations of its results to the clients.,APA Ethics Code Standards 9 and 10,Remember/Understand,1-2,"APA Standard 9.06 permits administering a test lacking normative data for a specific population when no validated alternative exists, provided the psychologist clearly documents the limitations of the results.",CASS
D8-Ch01,Guarding the Gate: Ethical Foundations of Assessment Under Standard 9,8,199-1,AP-D8-ETH-199-1,D8-ETH-199-1-101198bf,True,"APA (2017), Standard 9.11: Providing a client's attorney with actual test items and item-level responses may violate ethical obligations to maintain test security, even when the client authorizes release.","A psychologist would likely violate ethical requirements for maintaining test security by providing a client's attorney with a copy of test items and the client's answers, even with the client's permission.",APA Ethics Code Standards 9 and 10,Remember/Understand,1-2,"APA Ethics Code Standard 9.11 prohibits providing a client's attorney with actual test items and item-level responses because doing so violates test security obligations, even when the client authorizes release.",CASS
D8-Ch01,Guarding the Gate: Ethical Foundations of Assessment Under Standard 9,9,164,AP-D8-ETH-164,D8-ETH-164-31e5945c,True,"AERA, APA, & NCME (2014): Test modifications alter the construct being measured by the original test, whereas test accommodations change administration conditions without affecting the measured construct.","As described in the Standards for Educational and Psychological Testing, test modifications (but not accommodations) alter the construct measured by the original test.",APA Ethics Code Standards 9 and 10,Remember/Understand,1-2,"Per Standards for Educational and Psychological Testing, test modifications alter the construct being measured by the original test, whereas test accommodations change administration conditions without affecting the measured construct.",CASS
D8-Ch02,"Beyond the Clinician's Hands: Automated Scoring, Delegation, and the Boundaries of Test Use",1,007,AP-D8-ETH-007,D8-ETH-007-47352c8e,True,"APA (2017), Standard 9.09: Psychologists may utilize automated test scoring and interpretation services but remain responsible for the appropriate application, interpretation, and use of the results.","Psychologists may use automated and other professional test scoring and interpretation services, but the psychologists are responsible for the appropriate application, interpretation, and use of tests.",APA Ethics Code Standards 9 and 10,Understand,2,"Per APA Ethics Code Standard 9.09, psychologists may use automated test scoring and interpretation services but retain responsibility for the appropriate application, interpretation, and use of the results.",CASS
D8-Ch02,"Beyond the Clinician's Hands: Automated Scoring, Delegation, and the Boundaries of Test Use",2,23-1,AP-D8-ETH-23-1,D8-ETH-23-1-b811ddf1,True,"APA (2017), Standard 9.09: Psychologists who employ automated test scoring and interpretation services retain professional responsibility for the validity and appropriateness of the conclusions derived from those services.",Psychologists who use automated scoring and interpretation services are responsible for the validity of the conclusions they derive from them.,APA Ethics Code Standards 9 and 10,Understand,2,APA Standard 9.09 holds that psychologists who use automated test scoring and interpretation services retain full professional responsibility for the validity and appropriateness of conclusions derived from those services.,CASS
D8-Ch02,"Beyond the Clinician's Hands: Automated Scoring, Delegation, and the Boundaries of Test Use",3,24-2,AP-D8-ETH-24-2,D8-ETH-24-2-c2f47233,True,"APA (2017), Standard 9.07: A psychologist may delegate administration of objective personality measures to a trained graduate student, provided the student receives adequate supervision.",Hiring a graduate student to administer the MMPI-2 and similar tests may be acceptable as long as the student has had adequate training and will be supervised by the psychologist.,APA Ethics Code Standards 9 and 10,Understand,2,"APA Standard 9.07 permits a psychologist to delegate administration of objective personality measures such as the MMPI-2 to a trained graduate student, provided adequate supervision is given.",CASS
D8-Ch02,"Beyond the Clinician's Hands: Automated Scoring, Delegation, and the Boundaries of Test Use",4,205-1,AP-D8-ETH-205-1,D8-ETH-205-1-5382b9e8,True,"APA (2017), Standard 4.01: When a supervisor holds legal responsibility for a psychology intern's actions, the intern must disclose the supervisory arrangement to clients and provide the supervisor's name.","When the supervisor has legal responsibility for the actions of a psychology intern, the intern must inform clients that he/she is being supervised and give them the supervisor's name.",APA Ethics Code Standards 9 and 10,Understand,2,"APA Ethics Code Standard 4.01 requires that when a supervisor holds legal responsibility for a psychology intern's actions, the intern must disclose the supervisory arrangement and provide the supervisor's name to clients.",CASS
D8-Ch02,"Beyond the Clinician's Hands: Automated Scoring, Delegation, and the Boundaries of Test Use",5,199-2,AP-D8-ETH-199-2,D8-ETH-199-2-268301be,True,"APA (2017), Standard 9.08: Psychologists must decline requests to base professional decisions primarily on obsolete or outdated test results and should recommend current, validated assessment procedures.","As an ethical psychologist, you will explain to the director why you cannot comply with the request to base your decisions primarily on outdated test results and recommend an alternative procedure for evaluating the employees.",APA Ethics Code Standards 9 and 10,Understand,2,"APA Ethics Code Standard 9.08 requires psychologists to decline requests to base professional decisions primarily on obsolete or outdated test results and to recommend current, validated assessment procedures instead.",CASS
D8-Ch02,"Beyond the Clinician's Hands: Automated Scoring, Delegation, and the Boundaries of Test Use",6,078,AP-D8-ETH-078,D8-ETH-078-99ff7b1f,True,"APA (2017), Standard 9.08: Psychologists may use obsolete tests or outdated test data under certain limited circumstances as specified by ethical guidelines.",Psychologists may use obsolete tests and test results in certain circumstances according to the ethical guidelines.,APA Ethics Code Standards 9 and 10,Understand,2,APA Ethics Code Standard 9.08 specifies limited circumstances under which psychologists may use obsolete tests or outdated test data.,CASS
D8-Ch02,"Beyond the Clinician's Hands: Automated Scoring, Delegation, and the Boundaries of Test Use",7,23-2,AP-D8-ETH-23-2,D8-ETH-23-2-b7003639,True,"APA (2017), Standard 9.04(a): Psychologists may withhold test data from clients or their designees when releasing the data would cause substantial harm to the client or others, or when there is a risk of misuse or misrepresentation of the data or test.","Psychologists may refrain from releasing test data to protect a client/patient or others from substantial harm or misuse or misrepresentation of the data or the test, as per the requirements of the APA's Ethics Code and Canadian Code of Ethics.",APA Ethics Code Standards 9 and 10,Understand,2,APA Standard 9.04(a) permits psychologists to withhold test data from clients or their designees when release would cause substantial harm or risk misuse or misrepresentation of the data or test.,CASS
D8-Ch02,"Beyond the Clinician's Hands: Automated Scoring, Delegation, and the Boundaries of Test Use",8,25-1,AP-D8-ETH-25-1,D8-ETH-25-1-aeda99fa,True,"APA (2017), Standard 9.04: Psychologists may withhold test results from the adult client when releasing those results poses a risk of imminent serious physical harm.",Psychologists may refuse to release a client's test results to the adult client when they believe that doing so may cause imminent serious physical harm to the client.,APA Ethics Code Standards 9 and 10,Understand,2,APA Standard 9.04 permits psychologists to withhold test results from an adult client when releasing those results poses a risk of imminent serious physical harm.,CASS
D8-Ch02,"Beyond the Clinician's Hands: Automated Scoring, Delegation, and the Boundaries of Test Use",9,28,AP-D8-ETH-28,D8-ETH-28-614c2df3,True,"Melton, Petrila, Poythress, & Slobogin (2018): When testifying as a fact witness, a psychologist may only testify about directly observed facts and may not offer professional opinions about a defendant's mental state; opinion testimony is restricted to expert witnesses.","When acting as a fact witness in a legal proceeding, psychologists cannot offer their opinions about a defendant's mental state, as fact witnesses testify about the facts (what they have observed), while expert witnesses offer opinions.",APA Ethics Code Standards 9 and 10,Understand,2,"A psychologist serving as a fact witness may not offer professional opinions about a defendant's mental state, as opinion testimony is restricted to expert witnesses who have been qualified by the court.",CASS
D8-Ch03,The Therapeutic Perimeter: Standard 10 and the Ethics of Clinical Relationships,1,024,AP-D8-ETH-024,D8-ETH-024-c7600a57,True,"APA (2017), Standard 10.10: When a psychologist's preferred treatment modality requires participation from family members who are unwilling to attend, the psychologist should refer the client to a provider whose approach can accommodate the available participants.","Since Dr. Stein believes therapy is most effective when all members of the immediate family attend all therapy sessions, the best course of action when Mrs. Miller says her husband is unwilling to attend additional sessions is for Dr. Stein to refer Mrs. Miller to another family therapist who is willing to see only some members of the family.",APA Ethics Code Standards 9 and 10,Understand/Apply,2,"Under APA Ethics Code Standard 10.10, when a psychologist's preferred treatment modality requires unwilling participants, the psychologist must refer the client to a provider whose approach accommodates available participants.",CASS
D8-Ch03,The Therapeutic Perimeter: Standard 10 and the Ethics of Clinical Relationships,2,072,AP-D8-ETH-072,D8-ETH-072-dc26aa59,True,"APA (2017), Standard 10.03: In group therapy, psychologists are obligated to discuss the importance of maintaining confidentiality with group members during the initial session and at appropriate points thereafter.","When conducting group therapy, psychologists should discuss the importance of maintaining confidentiality with group members in the initial and subsequent sessions, as stated in the APA Ethics Code and the Canadian Code of Ethics.",APA Ethics Code Standards 9 and 10,Understand/Apply,2,APA Ethics Code Standard 10.03 requires psychologists conducting group therapy to discuss the importance of maintaining confidentiality during the initial session and at appropriate points thereafter.,CASS
D8-Ch03,The Therapeutic Perimeter: Standard 10 and the Ethics of Clinical Relationships,3,211-2,AP-D8-ETH-211-2,D8-ETH-211-2-2074d137,True,"APA (2017), Standard 10.04: When a client discloses concurrent treatment with another mental health professional, the psychologist should discuss the situation with the client to understand the rationale and determine the most appropriate course of action.","At the beginning of his fourth therapy session, Antonio tells Dr. Wickham that he's also seeing another therapist who was referred to him by a co-worker, and to be consistent with ethical guidelines, Dr. Wickham should discuss the situation with Antonio to find out why he's seeing two therapists at the same time and determine the best course of action.",APA Ethics Code Standards 9 and 10,Understand/Apply,2,"APA Ethics Code Standard 10.04 requires that when a client discloses concurrent treatment with another mental health professional, the psychologist should discuss the situation with the client to understand the rationale and determine the appropriate course of action.",CASS
D8-Ch03,The Therapeutic Perimeter: Standard 10 and the Ethics of Clinical Relationships,4,008,AP-D8-ETH-008,D8-ETH-008-6a01c626,True,"APA (2017), Standard 3.05: A psychologist may maintain a social relationship with the relative of a former client provided it does not compromise professional objectivity or risk exploitation.","Dr. Browne will continue dating Susie, who is the sister of one of his former clients, as an ethical psychologist, in accordance with the APA's Ethics Code and the Canadian Code of Ethics.",APA Ethics Code Standards 9 and 10,Understand/Apply,2,"Per APA Ethics Code Standard 3.05, a psychologist may maintain a social relationship with a former client's relative provided it does not compromise professional objectivity or risk exploitation.",CASS
D8-Ch03,The Therapeutic Perimeter: Standard 10 and the Ethics of Clinical Relationships,5,26-2,AP-D8-ETH-26-2,D8-ETH-26-2-e5faa190,True,"APA (2017), Standard 10.05: Psychologists do not engage in sexual intimacies with current therapy clients. Standard 10.08(a): Sexual intimacies with former therapy clients are prohibited for at least two years after cessation of therapy, and even after two years, the psychologist must demonstrate that no exploitation has occurred. When a therapeutic relationship involves deep emotional involvement, the prohibition may effectively be permanent.","Agreeing to date Ms. Kazinsky, a client Dr. Moore has been seeing in therapy for three months, would be unethical regardless of how much time passes between the last therapy session and their first date, as this would violate the APA's and Canadian Code of Ethics' standards regarding therapist-client relationships.",APA Ethics Code Standards 9 and 10,Understand/Apply,2,"APA Standards 10.05 and 10.08 prohibit sexual intimacies with current clients absolutely, and with former clients for at least two years post-termination; when deep emotional involvement existed, the prohibition may be effectively permanent.",CASS
D8-Ch03,The Therapeutic Perimeter: Standard 10 and the Ethics of Clinical Relationships,6,216-2,AP-D8-ETH-216-2,D8-ETH-216-2-53d41fc9,True,"APA (2017), Standard 10.08: Sexual relationships with former clients are prohibited unless at least two years have elapsed since the last professional contact, and even then the psychologist bears the burden of demonstrating that no exploitation occurred.",Ethical guidelines prohibit psychologists from becoming sexually involved with former clients unless certain conditions are met.,APA Ethics Code Standards 9 and 10,Understand/Apply,2,"APA Standard 10.08 prohibits sexual relationships with former clients unless at least two years have elapsed since last professional contact, and even then the psychologist must demonstrate no exploitation occurred.",CASS
D8-Ch03,The Therapeutic Perimeter: Standard 10 and the Ethics of Clinical Relationships,7,23-3,AP-D8-ETH-23-3,D8-ETH-23-3-a9d53846,True,"APA (2017), Standard 10.07: Psychologists do not accept as therapy clients persons with whom they have engaged in sexual intimacies. This prohibition is absolute and applies regardless of the time elapsed since the sexual relationship.","Providing therapy to former sexual partners is unacceptable under any circumstances, as stated in the APA's Ethics Code and the Canadian Code of Ethics.",APA Ethics Code Standards 9 and 10,Understand/Apply,2,APA Standard 10.07 absolutely prohibits providing therapy to former sexual partners regardless of how much time has elapsed since the sexual relationship ended.,CASS
D8-Ch03,The Therapeutic Perimeter: Standard 10 and the Ethics of Clinical Relationships,8,010,AP-D8-ETH-010,D8-ETH-010-ee333016,True,"APA (2017), Standard 10.10(b): A psychologist may terminate therapy when threatened or otherwise endangered by the client or another person with whom the client has a relationship, and is not required to provide pretermination counseling under such circumstances.","Based on the ethical requirements, the psychologist may terminate therapy with Bonnie with or without providing her with pretermination counseling and referrals, due to the threat from Bonnie's boyfriend Bruno.",APA Ethics Code Standards 9 and 10,Understand/Apply,2,"Per APA Ethics Code Standard 10.10(b), a psychologist may terminate therapy when threatened by the client or a person associated with the client without being required to provide pretermination counseling.",CASS
D8-Ch04,"Closing the Loop: Termination Ethics, Crisis Boundaries, and the Bridge to Assessment",1,211-1,AP-D8-ETH-211-1,D8-ETH-211-1-6c879310,True,"APA (2017), Standard 10.07: Psychologists are prohibited from providing therapy to individuals with whom they previously had a sexual relationship; this prohibition applies regardless of time elapsed.","As an ethical psychologist, Dr. King should refer the client to another therapist, as the client was someone he had a sexual relationship with five years ago while in graduate school.",APA Ethics Code Standards 9 and 10,Apply,2-3,"APA Ethics Code Standard 10.07 prohibits psychologists from providing therapy to individuals with whom they previously had a sexual relationship, regardless of time elapsed.",CASS
D8-Ch04,"Closing the Loop: Termination Ethics, Crisis Boundaries, and the Bridge to Assessment",2,216-1,AP-D8-ETH-216-1,D8-ETH-216-1-7bc577bb,True,"APA (2017), Standard 10.10: When a psychologist determines that a client is no longer benefiting from treatment and no new therapeutic goals can be identified, the psychologist should not continue providing services. This requirement is consistent with both the APA Ethics Code and the Canadian Code of Ethics, which similarly direct psychologists to discontinue therapy when the client is not benefiting.","Unless a reason for continuing therapy (e.g., new therapy goals) can be identified, a therapist should not continue seeing a client when they believe the client is no longer benefitting from therapy, which is consistent with the requirements of the APA Ethics Code and the Canadian Code of Ethics.",APA Ethics Code Standards 9 and 10,Apply,2-3,"APA Standard 10.10 requires psychologists to discontinue therapy and not continue providing services when a client is no longer benefiting and no new therapeutic goals can be identified, consistent with both APA and Canadian Ethics Codes.",CASS
D8-Ch04,"Closing the Loop: Termination Ethics, Crisis Boundaries, and the Bridge to Assessment",3,205-2,AP-D8-ETH-205-2,D8-ETH-205-2-c076c28a,True,"APA (2017), Standard 10.10: When a client or third party associated with the client threatens the therapist with physical harm, the therapist may terminate treatment with or without providing pretermination counseling.","According to the Ethics Code and the Canadian Code of Ethics, if a client's spouse threatens to harm the therapist, the therapist may terminate therapy with the client with or without providing pretermination counseling.",APA Ethics Code Standards 9 and 10,Apply,2-3,APA Ethics Code Standard 10.10 permits a therapist to terminate treatment with or without pretermination counseling when a client or associated third party threatens the therapist with physical harm.,CASS
D8-Ch04,"Closing the Loop: Termination Ethics, Crisis Boundaries, and the Bridge to Assessment",4,26-1,AP-D8-ETH-26-1,D8-ETH-26-1-55a42260,True,"APA (2017), Standard 10.10: When a third-party payer discontinues payment and the client cannot afford the full fee, the psychologist should provide pretermination counseling and referrals to alternative services.","When a parent, insurance company, or other third party is no longer willing to pay a client's fee for therapy and the client is unable to pay the full fee him/herself, a psychologist should provide pretermination counseling and referrals to alternative services.",APA Ethics Code Standards 9 and 10,Apply,2-3,"APA Standard 10.10 requires that when a third-party payer discontinues payment and the client cannot afford the full fee, the psychologist must provide pretermination counseling and referrals to alternative services.",CASS
D8-Ch04,"Closing the Loop: Termination Ethics, Crisis Boundaries, and the Bridge to Assessment",5,22-2,AP-D8-ETH-22-2,D8-ETH-22-2-bcc9ab77,True,"APA (2017), Standard 10.04: When a psychologist learns that a client is also receiving mental health services from another professional, the psychologist should discuss the situation with the client to minimize confusion and potential conflict, and determine the most appropriate course of action.","To be consistent with ethical guidelines, Dr. Tolvardson should discuss the situation further with Marie to determine the best course of action when a client is receiving mental health services from another professional.",APA Ethics Code Standards 9 and 10,Apply,2-3,APA Standard 10.04 requires a psychologist who learns a client is receiving concurrent mental health services from another provider to discuss the situation with the client to minimize confusion and determine the best course of action.,CASS
D8-Ch04,"Closing the Loop: Termination Ethics, Crisis Boundaries, and the Bridge to Assessment",6,25-2,AP-D8-ETH-25-2,D8-ETH-25-2-20550cb4,True,"APA (2017), Standard 10.04: When a client reports receiving concurrent therapy from another provider, the psychologist should discuss the implications with the client and collaboratively determine the best course of action to avoid confusion and conflict among providers.","Sonia's therapist, Dr. Sholen, should discuss with Sonia the best course of action when Sonia wants to continue seeing Dr. Sholen for therapy in addition to seeing Dr. Benedict.",APA Ethics Code Standards 9 and 10,Apply,2-3,"APA Standard 10.04 requires that when a client discloses concurrent therapy with another provider, the psychologist discuss the implications with the client and collaboratively determine the best course of action to avoid provider conflict.",CASS
D8-Ch04,"Closing the Loop: Termination Ethics, Crisis Boundaries, and the Bridge to Assessment",7,027,AP-D8-ETH-027,D8-ETH-027-b7365a72,True,"APA (2017), Standard 2.01: When providing crisis intervention and long-term therapy is outside one's competence area, the appropriate course of action is to provide short-term crisis services and then refer the client for ongoing treatment.",The best course of action for Dr. Beck is to agree to see Emiko in therapy until her crisis has passed and then provide her with a referral to a colleague if she needs additional therapy sessions.,APA Ethics Code Standards 9 and 10,Apply,2-3,"Under APA Ethics Code Standard 2.01, when ongoing therapy exceeds a psychologist's competence, the appropriate response is to provide short-term crisis services and then refer the client for continuing treatment.",CASS
D8-Ch05,"The Legal Landscape: Licensure, Malpractice, and Professional Boundaries",1,018,AP-D8-ETH-018,D8-ETH-018-b7efe83c,True,ASPPB (2015): The primary supervisor of a psychology intern must hold a current license in psychology.,A psychology intern's primary supervisor must be a licensed psychologist.,Professional Issues,Understand/Apply,2-3,"According to ASPPB standards, the primary supervisor of a psychology intern must hold a current license in psychology.",CASS
D8-Ch05,"The Legal Landscape: Licensure, Malpractice, and Professional Boundaries",2,019,AP-D8-ETH-019,D8-ETH-019-0e8c878c,True,ASPPB (2017): The ASPPB E.Passport is an interjurisdictional practice certificate that facilitates the provision of telepsychology services across state or provincial boundaries.,The ASPPB's E.Passport is one of the requirements for providing telepsychology to a client who is in another jurisdiction.,Professional Issues,Understand/Apply,2-3,The ASPPB E.Passport is an interjurisdictional practice certificate that facilitates the provision of telepsychology services across state or provincial boundaries.,CASS
D8-Ch05,"The Legal Landscape: Licensure, Malpractice, and Professional Boundaries",3,169,AP-D8-ETH-169,D8-ETH-169-dd468292,True,PSYPACT (2019): A psychologist may continue videoconferencing therapy with a client who relocates to another state only if both states participate in PSYPACT or the destination state's laws permit out-of-state practice.,"You can continue seeing Betsy B., age 49, in therapy via videoconferencing after she moves to another state only if your state and the state she is moving to are PSYPACT states or that state's law permits you to do so.",Professional Issues,Understand/Apply,2-3,"Under PSYPACT, a psychologist may continue videoconferencing therapy with a client who relocates to another state only if both states participate in PSYPACT or the destination state's laws permit out-of-state practice.",CASS
D8-Ch05,"The Legal Landscape: Licensure, Malpractice, and Professional Boundaries",4,25,AP-D8-ETH-25,D8-ETH-25-7c2ecc27,True,APA (2013): Providing teletherapy via videoconferencing to a client temporarily relocating within the same jurisdiction is permissible; provision across jurisdictions may be permissible depending on applicable laws and interjurisdictional agreements.,"Providing therapy using interactive videoconferencing to a client who is temporarily moving to another city is acceptable if the client will be temporarily residing in the same jurisdiction and may be acceptable if they will be residing in a different jurisdiction, according to ethical guidelines.",Professional Issues,Understand/Apply,2-3,Providing teletherapy via videoconferencing to a client temporarily relocating within the same jurisdiction is permissible; provision across jurisdictions depends on applicable laws and interjurisdictional agreements.,CASS
D8-Ch05,"The Legal Landscape: Licensure, Malpractice, and Professional Boundaries",5,222-2,AP-D8-ETH-222-2,D8-ETH-222-2-0de9aac5,True,"Corey, Corey, & Callanan (2019): A valid malpractice claim requires four elements: (1) a professional duty existed, (2) the psychologist breached that duty through negligence or substandard care, (3) the client sustained demonstrable harm, and (4) the breach was the proximate cause of the harm.",Four conditions must be met for a claim of malpractice: (1) The psychologist must have a legal duty to provide professional services to the client. (2) The psychologist must have breached that duty as the result of negligence or by providing services that did not meet the professional standard of care. (3) The client was psychologically or physically harmed or injured. (4) The psychologist's breach of duty was the cause of the client's harm or injury.,Professional Issues,Understand/Apply,2-3,"A valid malpractice claim requires four elements: a professional duty existed, the psychologist breached that duty through negligence, the client sustained demonstrable harm, and the breach was the proximate cause of that harm.",CASS
D8-Ch05,"The Legal Landscape: Licensure, Malpractice, and Professional Boundaries",6,28-2,AP-D8-ETH-28-2,D8-ETH-28-2-e0309cf0,True,"Corey, Corey, & Callanan (2019): A malpractice claim requires four elements: (1) a professional relationship establishing a duty of care, (2) a dereliction or breach of that duty through negligent or substandard conduct, (3) demonstrable harm or injury sustained by the client, and (4) a direct or proximate causal connection between the breach and the harm.","Four conditions are required for a claim of malpractice: (a) the psychologist must have had a professional relationship with the client, (b) there was a dereliction or breach of the duty on the part of the psychologist, (c) the client suffered injury or harm as a result of this dereliction or breach, and (d) the psychologist's dereliction or breach of duty was the direct or proximate cause of the person's harm or injury.",Professional Issues,Understand/Apply,2-3,"Malpractice requires four elements: a professional duty of care, breach of that duty, demonstrable client harm, and a direct causal connection between the breach and the harm.",CASS
D8-Ch05,"The Legal Landscape: Licensure, Malpractice, and Professional Boundaries",7,043,AP-D8-ETH-043,D8-ETH-043-369bb585,True,"Corey, Corey, & Callanan (2019): Vicarious liability is the legal doctrine under which an employer is held responsible for the professional acts of employees performed within the scope of employment.",Vicarious liability refers to an employer's legal responsibility for the acts of his/her employees.,Professional Issues,Understand/Apply,2-3,Vicarious liability is the legal doctrine under which an employer is held responsible for the professional acts of employees performed within the scope of employment.,CASS
D8-Ch05,"The Legal Landscape: Licensure, Malpractice, and Professional Boundaries",8,012,AP-D8-ETH-012,D8-ETH-012-d73da88c,True,"APA (2020): APA Publication Manual guidelines require bias-free language that puts the person first (e.g., ""adults with a mental illness"").","The appropriate description consistent with the APA Publication Manual guidelines is ""adults with a mental illness.""",Professional Issues,Understand/Apply,2-3,"APA Publication Manual guidelines require person-first, bias-free language, such as ""adults with a mental illness"" rather than identity-first constructions like ""mentally ill adults.""",CASS
D8-Ch05,"The Legal Landscape: Licensure, Malpractice, and Professional Boundaries",9,025,AP-D8-ETH-025,D8-ETH-025-81104dec,True,Steadman et al. (1993): The insanity defense is raised in fewer than 1% of all felony cases and results in acquittal approximately 25% of the time.,The insanity defense is raised in less than 1% of all felony cases and leads to acquittal only about 25% of the time.,Professional Issues,Understand/Apply,2-3,The insanity defense is raised in fewer than 1% of all felony cases and results in acquittal approximately 25% of the time.,CASS
D8-Ch06,"Psychology in the Courtroom: Forensic Evaluation, Expert Testimony, and Legal Procedure",1,021,AP-D8-ETH-021,D8-ETH-021-634de76b,True,"Melton et al. (2018); Dusky v. United States (1960): Competency to stand trial evaluations assess the defendant's capacity to understand the charges, appreciate potential penalties, and cooperate meaningfully with defense counsel; a finding of incompetency suspends proceedings until competency is restored through treatment.","A psychologist evaluating a defendant's competency to stand trial focuses on the defendant's ability to understand the charges against them and the nature and range of possible penalties, as well as their ability to cooperate with their attorney, and when a defendant is found incompetent, judicial proceedings are suspended until the defendant receives treatment and their competency is restored.",Professional Issues,Analyze,3,"Competency to stand trial (Dusky v. United States) requires the defendant's ability to understand charges, appreciate potential penalties, and cooperate with defense counsel; incompetency suspends proceedings until competency is restored through treatment.",CASS
D8-Ch06,"Psychology in the Courtroom: Forensic Evaluation, Expert Testimony, and Legal Procedure",2,219-2,AP-D8-ETH-219-2,D8-ETH-219-2-9b03b5f2,True,"Melton, Petrila, Poythress, & Slobogin (2018): A psychologist must be qualified by the presiding judge to serve as an expert witness in a legal proceeding.","To serve as an expert witness in a court case, a psychologist must be determined qualified to do so by the judge.",Professional Issues,Analyze,3,A psychologist must be formally qualified by the presiding judge before serving as an expert witness in a legal proceeding.,CASS
D8-Ch06,"Psychology in the Courtroom: Forensic Evaluation, Expert Testimony, and Legal Procedure",3,27-2,AP-D8-ETH-27-2,D8-ETH-27-2-4b4af5f5,True,"Melton, Petrila, Poythress, & Slobogin (2018): A fact witness testifies about directly observed facts and may not offer professional opinions about a client's future functioning or mental state. A psychologist testifying as a fact witness should decline to offer opinions unless ordered by the judge to do so.","When testifying as a fact witness in court, a psychologist should not provide an opinion about a client's future functioning unless ordered to do so by the judge.",Professional Issues,Analyze,3,A psychologist testifying as a fact witness may only testify about directly observed facts and must decline to offer professional opinions about a client's future functioning or mental state unless ordered by the judge.,CASS
D8-Ch06,"Psychology in the Courtroom: Forensic Evaluation, Expert Testimony, and Legal Procedure",4,222-1,AP-D8-ETH-222-1,D8-ETH-222-1-f590ed80,True,"Melton, Petrila, Poythress, & Slobogin (2018): Upon receiving a subpoena for confidential client information without client authorization, a psychologist should appear in court and assert the privilege on the client's behalf.","When receiving a subpoena to provide confidential information about a client without authorization, the appropriate action is to appear in court and claim the privilege on behalf of the client.",Professional Issues,Analyze,3,"When subpoenaed for confidential client information without client authorization, a psychologist should appear in court and assert the therapist-client privilege on the client's behalf.",CASS
D8-Ch06,"Psychology in the Courtroom: Forensic Evaluation, Expert Testimony, and Legal Procedure",5,28-1,AP-D8-ETH-28-1,D8-ETH-28-1-441c177a,True,"Committee on Legal Issues, APA (2006): When subpoenaed to testify about a client and lacking client authorization, a psychologist should contact the issuing attorney and request release from the subpoena.","When a psychologist receives a subpoena to testify about a client, he/she should contact the attorney who issued the subpoena and ask to be released from it if the client has not provided authorization to release information.",Professional Issues,Analyze,3,"When subpoenaed to testify about a client without client authorization, a psychologist should contact the issuing attorney and request release from the subpoena.",CASS
D8-Ch06,"Psychology in the Courtroom: Forensic Evaluation, Expert Testimony, and Legal Procedure",6,26,AP-D8-ETH-26,D8-ETH-26-40101ef5,True,"Committee on Legal Issues, APA (2006): When a psychologist receives a valid subpoena requesting testimony about a current or former client without the client's authorization, the psychologist should appear as directed but assert the therapist-client privilege on the client's behalf, providing information only upon receiving client authorization or a court order.","When a psychologist receives a valid subpoena requesting that they appear in court to provide information about a current or former client but doesn't have the client's authorization to do so, the psychologist would ordinarily appear as requested by the subpoena but assert (claim) the privilege on the client's behalf and then provide information only with the client's authorization or a court order.",Professional Issues,Analyze,3,"When subpoenaed to testify about a client without client authorization, a psychologist should appear as directed, assert the therapist-client privilege on the client's behalf, and provide information only upon receiving client authorization or a court order.",CASS
D8-Ch06,"Psychology in the Courtroom: Forensic Evaluation, Expert Testimony, and Legal Procedure",7,083,AP-D8-ETH-083,D8-ETH-083-f982926b,True,Shneidman (1981): A psychological autopsy is conducted to clarify the manner of death when circumstances are equivocal.,"According to Shneidman, the purpose of a psychological autopsy is to clarify the manner of death when the manner is equivocal.",Professional Issues,Analyze,3,"According to Shneidman, a psychological autopsy is conducted to clarify the manner of death when circumstances surrounding the death are equivocal.",CASS
D8-Ch06,"Psychology in the Courtroom: Forensic Evaluation, Expert Testimony, and Legal Procedure",8,27-1,AP-D8-ETH-27-1,D8-ETH-27-1-5cf579c0,True,Kolmes (2012): The most professionally appropriate response to negative online reviews by former clients is to collect and post aggregate patient-satisfaction data on one's professional website.,The most acceptable way for psychologists to deal with negative reviews of their services posted by former clients on customer websites is to collect and post patient-satisfaction ratings on their professional websites.,Professional Issues,Analyze,3,The most professionally appropriate response to negative online reviews from former clients is to collect and post aggregate patient-satisfaction data on the psychologist's professional website rather than responding directly to reviews.,CASS
D8-Ch06,"Psychology in the Courtroom: Forensic Evaluation, Expert Testimony, and Legal Procedure",9,116,AP-D8-ETH-116,D8-ETH-116-91e918af,True,APA Commission on Accreditation (2015): APA accreditation of graduate programs serves the dual purpose of protecting public welfare and safeguarding the interests of students.,The goal of APA accreditation is to protect the wellbeing of the public and the interests of students.,Professional Issues,Analyze,3,APA accreditation of graduate programs serves the dual purpose of protecting public welfare and safeguarding the interests of students.,CASS
D8-Ch07,"Building Competence, Protecting the Public: Clinical Supervision and Early Intelligence Patterns",1,212,AP-D8-ETH-212,D8-ETH-212-ddae8472,True,APA (2014): The APA's Guidelines for Clinical Supervision in Health Service Psychology identifies protection of the supervisee's clients as the supervisor's primary legal and ethical obligation.,The APA's (2014) Guidelines for Clinical Supervision in Health Service Psychology identifies protecting the welfare of the supervisee's client as the supervisor's primary legal and ethical obligation.,Professional Issues,Apply/Analyze,3,The APA's Guidelines for Clinical Supervision in Health Service Psychology identifies protection of the supervisee's clients as the supervisor's primary legal and ethical obligation.,CASS
D8-Ch07,"Building Competence, Protecting the Public: Clinical Supervision and Early Intelligence Patterns",2,023,AP-D8-ETH-023,D8-ETH-023-6171a20e,True,APA (2014): A supervisor's primary ethical and legal obligation is safeguarding the welfare of the supervisee's clients.,A supervisor's primary ethical and legal obligation is to protect the welfare of the clients of supervisees.,Professional Issues,Apply/Analyze,3,"According to APA guidelines, a supervisor's primary ethical and legal obligation is safeguarding the welfare of the supervisee's clients.",CASS
D8-Ch07,"Building Competence, Protecting the Public: Clinical Supervision and Early Intelligence Patterns",3,016,AP-D8-ETH-016,D8-ETH-016-2067449e,True,"Stoltenberg & McNeill (2010): The Integrated Developmental Model (IDM) of supervision characterizes supervisee development along three dimensions: self-other awareness, motivation, and autonomy.","The integrated developmental model (IDM) of supervision describes a supervisee's stages of development in terms of three characteristics: self-other awareness, motivation, and autonomy.",Professional Issues,Apply/Analyze,3,"Stoltenberg & McNeill's Integrated Developmental Model (IDM) characterizes supervisee development along three dimensions: self-other awareness, motivation, and autonomy.",CASS
D8-Ch07,"Building Competence, Protecting the Public: Clinical Supervision and Early Intelligence Patterns",4,015,AP-D8-ETH-015,D8-ETH-015-7f0cca12,True,"Falender & Shafranske (2004): When a supervisee's impaired performance is circumscribed to a particular rotation and attributable to an identifiable time-limited stressor, the appropriate supervisory response is to transfer the supervisee to a different rotation.","The best course of action for the supervisor is to transfer the psychology intern to another rotation, as the intern's problems are limited to a specific rotation and are probably time-limited since he's reacting to his grandmother's recent diagnosis of Alzheimer's disease.",Professional Issues,Apply/Analyze,3,"When a supervisee's impaired performance is circumscribed to a specific rotation and attributable to an identifiable time-limited stressor, Falender & Shafranske recommend transferring the supervisee to a different rotation.",CASS
D8-Ch07,"Building Competence, Protecting the Public: Clinical Supervision and Early Intelligence Patterns",5,29,AP-D8-PAS-29,D8-PAS-29-32c99600,True,Mammarella & Cornoldi (2014) / Semrud-Clikeman (2007): Individuals with nonverbal learning disability (NVLD) are characterized by significant deficits in visuospatial abilities and tend to obtain significantly higher scores on the WAIS-IV's Verbal Comprehension Index (VCI) than on the Perceptual Reasoning Index (PRI). This VCI > PRI discrepancy pattern reflects their relative strength in verbal skills compared to impaired visuospatial and nonverbal reasoning abilities.,Individuals with nonverbal learning disability (NVLD) tend to obtain significantly higher scores on the WAIS-IV's Verbal Comprehension Index (VCI) than on the Perceptual Reasoning Index (PRI).,Stanford-Binet and Wechsler Tests,Apply/Analyze,3,"Individuals with nonverbal learning disability (NVLD) characteristically obtain significantly higher scores on the WAIS-IV Verbal Comprehension Index than on the Perceptual Reasoning Index, reflecting deficits in visuospatial and nonverbal reasoning abilities.",CASS
D8-Ch07,"Building Competence, Protecting the Public: Clinical Supervision and Early Intelligence Patterns",6,06-2,AP-D8-PAS-06-2,D8-PAS-06-2-3973261c,True,Wechsler (2008): Adults with traumatic brain injury tend to score highest on the WAIS-IV Verbal Comprehension Index relative to other index scores.,Adults with traumatic brain injury are most likely to obtain the highest score on the Verbal Comprehension Index of the WAIS-IV.,Stanford-Binet and Wechsler Tests,Apply/Analyze,3,Adults with traumatic brain injury tend to score highest on the WAIS-IV Verbal Comprehension Index relative to other index scores.,CASS
D8-Ch07,"Building Competence, Protecting the Public: Clinical Supervision and Early Intelligence Patterns",7,151,AP-D8-PAS-151,D8-PAS-151-c6bde0ee,True,"Horn & Cattell (1967): The ""classic aging pattern"" on intelligence tests refers to the tendency for crystallized intelligence (verbal ability) to remain relatively stable or increase with age, while fluid intelligence (performance/nonverbal reasoning) begins to decline in the mid-20s to 30s.","The ""classic aging pattern"" on measures of IQ refers to the tendency of scores on verbal tests (crystallized intelligence) to hold up fairly well with increasing age while scores on performance tests (fluid intelligence) begin to decline in the 20s.",Stanford-Binet and Wechsler Tests,Apply/Analyze,3,"The classic aging pattern, identified by Horn & Cattell, describes crystallized intelligence remaining stable or increasing with age while fluid intelligence begins declining in the mid-20s to 30s.",CASS
D8-Ch08,"The Wechsler Architecture: Scales, Scores, and Clinical Profiles",1,05-1,AP-D8-PAS-05-1,D8-PAS-05-1-c77bdf5d,True,Wechsler (2008): WAIS-IV full-scale and index scores use a metric with mean of 100 and standard deviation of 15; individual subtest scaled scores use a mean of 10 and standard deviation of 3.,"The WAIS-IV full-scale and index scores have a mean of 100 and standard deviation of 15, and the individual subtests have a mean of 10 and standard deviation of 3.",Stanford-Binet and Wechsler Tests,Understand/Apply,2-3,"WAIS-IV full-scale and index scores have a mean of 100 and standard deviation of 15, while subtest scaled scores have a mean of 10 and standard deviation of 3.",CASS
D8-Ch08,"The Wechsler Architecture: Scales, Scores, and Clinical Profiles",2,007-2,AP-D8-PAS-007-2,D8-PAS-007-2-794453d9,True,"Wechsler (2008): The WAIS-IV Processing Speed Index comprises the Symbol Search and Coding subtests, with Cancellation as a supplemental subtest.","The WAIS-IV Processing Speed Index consists of the Symbol Search and Coding subtests, and the supplemental Cancellation subtest.",Stanford-Binet and Wechsler Tests,Understand/Apply,2-3,"The WAIS-IV Processing Speed Index comprises Symbol Search and Coding as primary subtests, with Cancellation as the supplemental subtest.",CASS
D8-Ch08,"The Wechsler Architecture: Scales, Scores, and Clinical Profiles",3,06-1,AP-D8-PAS-06-1,D8-PAS-06-1-e0aa1d94,True,"Lichtenberger & Kaufman (2009): The WAIS-IV General Ability Index (GAI) is composed of Verbal Comprehension and Perceptual Reasoning subtests, excluding Working Memory and Processing Speed subtests. The GAI ""provides a measure of general intellectual ability that is less influenced by working memory and processing speed"" and is clinically useful when significant discrepancies exist between these index scores.",The WAIS-IV General Ability Index (GAI) score is useful for obtaining a measure of intelligence that minimizes the effects of working memory and processing speed.,Stanford-Binet and Wechsler Tests,Understand/Apply,2-3,"The WAIS-IV General Ability Index (GAI) comprises Verbal Comprehension and Perceptual Reasoning subtests, excluding Working Memory and Processing Speed, providing a measure of intelligence less influenced by those processes.",CASS
D8-Ch08,"The Wechsler Architecture: Scales, Scores, and Clinical Profiles",4,001,AP-D8-PAS-001,D8-PAS-001-abf4cdf1,True,Wechsler (2008): The WAIS-IV General Ability Index (GAI) is derived from the three Verbal Comprehension and three Perceptual Reasoning subtests and provides a measure of general intellectual ability that minimizes the influence of processing speed and working memory.,"The WAIS-IV's Global Ability Index (GAI) is based on Verbal Comprehension and Perceptual Reasoning subtest scores, and it's useful when an examiner wants to obtain a measure of general intelligence that's not affected by processing speed or working memory.",Stanford-Binet and Wechsler Tests,Understand/Apply,2-3,The WAIS-IV General Ability Index (GAI) is derived from Verbal Comprehension and Perceptual Reasoning subtests and measures general intellectual ability while minimizing the influence of processing speed and working memory.,CASS
D8-Ch08,"The Wechsler Architecture: Scales, Scores, and Clinical Profiles",5,033,AP-D8-PAS-033,D8-PAS-033-dd0667b9,True,"Wechsler (2014): The Wechsler Intelligence Scale for Children, Fifth Edition (WISC-V) is normed for individuals aged 6 years, 0 months through 16 years, 11 months.","The Wechsler Intelligence Scale for Children, Fifth Edition (WISC-V) is appropriate for individuals ages 6.0 to 16.11.",Stanford-Binet and Wechsler Tests,Understand/Apply,2-3,"The WISC-V is normed for individuals aged 6 years, 0 months through 16 years, 11 months.",CASS
D8-Ch08,"The Wechsler Architecture: Scales, Scores, and Clinical Profiles",6,05-3,AP-D8-PAS-05-3,D8-PAS-05-3-9e531ee0,True,"Wechsler (2014): In the WISC-V standardization sample, children with ADHD scored lowest on the Processing Speed Index.",Children with ADHD included in the WISC-V standardization sample obtained the lowest score on the Processing Speed Index.,Stanford-Binet and Wechsler Tests,Understand/Apply,2-3,"In the WISC-V standardization sample, children with ADHD scored lowest on the Processing Speed Index.",CASS
D8-Ch08,"The Wechsler Architecture: Scales, Scores, and Clinical Profiles",7,07,AP-D8-PAS-07,D8-PAS-07-3b922a2a,True,"Wechsler (2012): The Wechsler Preschool and Primary Scale of Intelligence, Fourth Edition (WPPSI-IV) is normed for examinees aged 2 years, 6 months through 7 years, 7 months.","The WPPSI-IV (Wechsler Preschool and Primary Scale of Intelligence, 4th Edition) is appropriate for examinees ages 2:6 to 7:7.",Stanford-Binet and Wechsler Tests,Understand/Apply,2-3,"The WPPSI-IV is normed for examinees aged 2 years, 6 months through 7 years, 7 months.",CASS
D8-Ch08,"The Wechsler Architecture: Scales, Scores, and Clinical Profiles",8,022,AP-D8-PAS-022,D8-PAS-022-f857c7a4,True,Wechsler (2008): Individuals with ADHD typically obtain their highest WAIS-IV score on the Verbal Comprehension Index relative to other index scores.,A 20-year-old who has received a diagnosis of ADHD would likely obtain the highest score on the Verbal Comprehension index of the WAIS-IV.,Stanford-Binet and Wechsler Tests,Understand/Apply,2-3,Individuals with ADHD typically obtain their highest WAIS-IV score on the Verbal Comprehension Index relative to other index scores.,CASS
D8-Ch08,"The Wechsler Architecture: Scales, Scores, and Clinical Profiles",9,040,AP-D8-PAS-040,D8-PAS-040-6eebe17d,True,"Wechsler (2008): In mild Alzheimer's disease, Verbal Comprehension Index scores on the WAIS-IV are typically the highest, while Processing Speed Index scores are the lowest.",Individuals with mild Alzheimer's disease typically obtain the highest scores on the Verbal Comprehension Index and the lowest scores on the Processing Speed Index of the WAIS-IV.,Stanford-Binet and Wechsler Tests,Understand/Apply,2-3,"In mild Alzheimer's disease, WAIS-IV Verbal Comprehension Index scores are typically highest and Processing Speed Index scores are lowest.",CASS
D8-Ch09,"Beyond the Wechsler Lens: Stanford-Binet, CHC Theory, and Culture-Fair Alternatives",1,011,AP-D8-PAS-011,D8-PAS-011-82c0a1ba,True,"Roid (2003): The SB5 is grounded in the Cattell-Horn-Carroll (CHC) model and yields scores on five factors: knowledge, fluid reasoning, quantitative reasoning, visual-spatial processing, and working memory.","The SB5 is based on the Cattell-Horn-Carroll model of cognitive abilities and provides scores on five factors derived from that model: knowledge, fluid reasoning, quantitative reasoning, visual-spatial processing, and working memory.",Stanford-Binet and Wechsler Tests,Apply/Analyze,3,"The Stanford-Binet 5 (SB5) is based on the Cattell-Horn-Carroll model and yields scores on five factors: knowledge, fluid reasoning, quantitative reasoning, visual-spatial processing, and working memory.",CASS
D8-Ch09,"Beyond the Wechsler Lens: Stanford-Binet, CHC Theory, and Culture-Fair Alternatives",2,05-2,AP-D8-PAS-05-2,D8-PAS-05-2-7be004ba,True,"Roid (2003): The Stanford-Binet Intelligence Scales, Fifth Edition (SB5) yields scores on five cognitive factors: Fluid Reasoning, Knowledge, Quantitative Reasoning, Visual-Spatial Processing, and Working Memory. Abstract Reasoning is not a separate SB5 factor.","The Stanford-Binet Intelligence Scales, Fifth Edition (SB5) provides scores on the following five cognitive factors: Fluid Reasoning, Knowledge, Quantitative Reasoning, Visual-Spatial Processing, and Working Memory, but not Abstract Reasoning.",Stanford-Binet and Wechsler Tests,Apply/Analyze,3,"The SB5 yields scores on five cognitive factors—Fluid Reasoning, Knowledge, Quantitative Reasoning, Visual-Spatial Processing, and Working Memory—but not Abstract Reasoning.",CASS
D8-Ch09,"Beyond the Wechsler Lens: Stanford-Binet, CHC Theory, and Culture-Fair Alternatives",3,029,AP-D8-PAS-029,D8-PAS-029-c83ca158,True,"Roid (2003): The Stanford-Binet Intelligence Scales, Fifth Edition (SB5) yields four composite score types, including Factor Index scores, each with a mean of 100 and standard deviation of 15.","The Stanford-Binet Intelligence Scales, Fifth Edition (SB5) provides four types of composite scores, including Factor Index scores, that have a mean of 100 and a standard deviation of 15.",Stanford-Binet and Wechsler Tests,Apply/Analyze,3,"The Stanford-Binet Intelligence Scales, Fifth Edition (SB5) yields four composite score types, including Factor Index scores, with a mean of 100 and standard deviation of 15.",CASS
D8-Ch09,"Beyond the Wechsler Lens: Stanford-Binet, CHC Theory, and Culture-Fair Alternatives",4,04-2,AP-D8-PAS-04-2,D8-PAS-04-2-ce034885,True,"Roid (2003): The SB5 is normed for ages 2 years, 0 months through 85+ years, encompassing the widest age range among individually administered intelligence tests.","The SB5 intelligence test is appropriate for a 12-year-old child, with an age range of 2:0 to 85+ years, unlike the WPPSI-IV, WAIS-IV, and CMMS which have different age ranges.",Stanford-Binet and Wechsler Tests,Apply/Analyze,3,"The SB5 has the widest age range among individually administered intelligence tests, normed for ages 2 years, 0 months through 85+ years.",CASS
D8-Ch09,"Beyond the Wechsler Lens: Stanford-Binet, CHC Theory, and Culture-Fair Alternatives",5,062,AP-D8-PAS-062,D8-PAS-062-ed4c5c1a,True,"Raven, Court, & Raven (1998): Raven's Progressive Matrices are nonverbal measures of fluid intelligence considered culture-reduced because they require no language and are independent of specific cultural or academic knowledge. Three versions exist: Standard, Coloured, and Advanced Progressive Matrices.","The Raven's Progressive Matrices (RPM) tests are measures of fluid intelligence and are considered to be culture-reduced because they do not use language and performance does not depend on specific cultural or academic learning, with three RPM tests: Standard Progressive Matrices, Colored Progressive Matrices, and Advanced Progressive Matrices.",Other Measures of Cognitive Ability,Apply/Analyze,3,"Raven's Progressive Matrices are nonverbal, culture-reduced measures of fluid intelligence available in three versions: Standard, Coloured, and Advanced Progressive Matrices.",CASS
D8-Ch09,"Beyond the Wechsler Lens: Stanford-Binet, CHC Theory, and Culture-Fair Alternatives",6,08-1,AP-D8-PAS-08-1,D8-PAS-08-1-6485282c,True,"Raven, Court, & Raven (1998): Raven's Standard Progressive Matrices (SPM) is appropriate for assessing nonverbal intelligence in individuals with limited English proficiency.",Raven's Standard Progressive Matrices (SPM) is useful for assessing the intelligence of a 26-year-old with limited English proficiency.,Other Measures of Cognitive Ability,Apply/Analyze,3,Raven's Standard Progressive Matrices (SPM) is appropriate for assessing nonverbal intelligence in individuals with limited English proficiency.,CASS
D8-Ch09,"Beyond the Wechsler Lens: Stanford-Binet, CHC Theory, and Culture-Fair Alternatives",7,07-1,AP-D8-PAS-07-1,D8-PAS-07-1-d42429f7,True,"Naglieri & Das (1990): The Planning, Attention, Simultaneous, and Successive (PASS) model, based on the work of A. R. Luria, proposes four cognitive processes as the foundation for understanding intelligence. ""The theoretical model of human cognitive functioning that J. P. Das and I have advocated is one that stems from the work of the Soviet neuropsychologist A. R. Luria"" and provides ""a theoretical perspective for conceptualizing cognitive functioning that is not constrained by what previous IQ tests measure"" (pp. 303, 305).","The Cognitive Assessment System was based on the assumption that planning, attention, simultaneous processing, and sequential processing are the essential elements of intellectual functioning.",Other Measures of Cognitive Ability,Apply/Analyze,3,"The PASS model, developed by Naglieri and Das and based on Luria's work, proposes Planning, Attention, Simultaneous, and Successive processing as the four essential elements of intellectual functioning.",CASS
D8-Ch09,"Beyond the Wechsler Lens: Stanford-Binet, CHC Theory, and Culture-Fair Alternatives",8,044,AP-D8-PAS-044,D8-PAS-044-8ab8b586,True,"Kaufman & Kaufman (2004): The Kaufman Assessment Battery for Children, Second Edition (KABC-II) provides five scale scores (Simultaneous, Sequential, Planning, Learning, and Knowledge) and two global scores corresponding to either the CHC model or the Luria neuropsychological processing model.","The Kaufman Assessment Battery for Children, Second Edition (KABC-II) provides five scale scores (Simultaneous, Sequential, Planning, Learning, and Knowledge) and two global scores that correspond to two theoretical models - the Cattell-Horn-Carroll model of cognitive abilities and the Luria neuropsychological processing model.",Other Measures of Cognitive Ability,Apply/Analyze,3,The KABC-II provides five scale scores and two global scores corresponding to either the CHC model or the Luria neuropsychological processing model.,CASS
D8-Ch09,"Beyond the Wechsler Lens: Stanford-Binet, CHC Theory, and Culture-Fair Alternatives",9,216,AP-D8-PAS-216,D8-PAS-216-6863148b,True,Wechsler (2008): Factor analyses reported in the WAIS-IV Technical and Interpretive Manual support the instrument's four-factor structure.,The Technical and Interpretive Manual for the WAIS-IV reports the results of several factor analyses that support the test's underlying four-factor structure.,Stanford-Binet and Wechsler Tests,Apply/Analyze,3,Factor analyses reported in the WAIS-IV Technical and Interpretive Manual support the instrument's four-factor structure.,CASS
D8-Ch10,"Specialized Instruments: Cognitive, Achievement, and Functional Assessment Tools",1,051-1,AP-D8-PAS-051-1,D8-PAS-051-1-381fed8e,True,"Dunn & Dunn (2019): The Peabody Picture Vocabulary Test, Fifth Edition (PPVT-5) assesses receptive vocabulary and is applicable to individuals with autism spectrum disorder and other communication impairments.","The Peabody Picture Vocabulary Test, Fifth Edition (PPVT-5) is used to evaluate the receptive vocabulary of individuals, including those with autism spectrum disorder.",Other Measures of Cognitive Ability,Apply,2-3,The PPVT-5 assesses receptive vocabulary and is applicable to individuals with autism spectrum disorder and other communication impairments.,CASS
D8-Ch10,"Specialized Instruments: Cognitive, Achievement, and Functional Assessment Tools",2,077,AP-D8-PAS-077,D8-PAS-077-e090eb35,True,Wonderlic (2002): The Wonderlic Personnel Test-Revised (now Wonderlic Cognitive Ability Test) is a brief measure of general mental ability designed for use in personnel selection to predict job success.,The Wonderlic Personnel Test-Revised is a measure of general mental ability used to predict job success.,Other Measures of Cognitive Ability,Apply,2-3,The Wonderlic Cognitive Ability Test is a brief measure of general mental ability designed for personnel selection to predict job success.,CASS
D8-Ch10,"Specialized Instruments: Cognitive, Achievement, and Functional Assessment Tools",3,131,AP-D8-PAS-131,D8-PAS-131-4bde5975,True,Larry P. v. Riles (1979): The court prohibited the use of IQ tests for placing African American children in special education classes.,The court's ruling in the 1979 case of Larry P. v. Wilson Riles prohibited schools from using IQ tests to place African American children in special education classes.,Other Measures of Cognitive Ability,Apply,2-3,"In Larry P. v. Riles (1979), the court prohibited the use of IQ tests to place African American children in special education classes.",CASS
D8-Ch10,"Specialized Instruments: Cognitive, Achievement, and Functional Assessment Tools",4,088,AP-D8-PAS-088,D8-PAS-088-180de71f,True,"Anastasi & Urbina (1997): Ipsative scores on an occupational interest inventory indicate the relative strength of each interest area within the individual's own profile, rather than comparing the individual's scores to a normative group.","When an occupational interest test provides ipsative scores, this means that an examinee's scores indicate the relative strength of each occupational interest assessed by the test.",Other Measures of Cognitive Ability,Apply,2-3,"Ipsative scores on an occupational interest inventory reflect the relative strength of each interest area within the individual's own profile, not compared to a normative group.",CASS
D8-Ch10,"Specialized Instruments: Cognitive, Achievement, and Functional Assessment Tools",5,08-2,AP-D8-PAS-08-2,D8-PAS-08-2-10d96e75,True,"Roid, Miller, Pomplun, & Koch (2013): The Leiter International Performance Scale, Third Edition (Leiter-3) is a nonverbal measure of cognitive ability that includes subtests assessing attention, memory, visualization, and reasoning.","The Leiter-3 is a nonverbal measure of fluid intelligence that includes subtests evaluating attention, memory, visualization, and reasoning.",Other Measures of Cognitive Ability,Apply,2-3,"The Leiter International Performance Scale, Third Edition (Leiter-3) is a nonverbal measure of cognitive ability assessing attention, memory, visualization, and reasoning.",CASS
D8-Ch10,"Specialized Instruments: Cognitive, Achievement, and Functional Assessment Tools",6,08-3,AP-D8-PAS-08-3,D8-PAS-08-3-faf1ce5b,True,"Roid, Miller, Pomplun, & Koch (2013): The Leiter International Performance Scale, Third Edition (Leiter-3) is normed for individuals aged 3 to 75+ years and is designed for examinees with cognitive delays, speech or hearing impairments, autism spectrum disorder, traumatic brain injury, or limited English proficiency.","The Leiter-3 is a nonverbal measure of cognitive abilities for individuals 3 to 75+ years of age who have cognitive delays, speech or hearing impairments, autism spectrum disorder, or limited English proficiency.",Other Measures of Cognitive Ability,Apply,2-3,"The Leiter-3 is a nonverbal cognitive measure normed for ages 3 to 75+ and designed for individuals with cognitive delays, speech or hearing impairments, autism spectrum disorder, traumatic brain injury, or limited English proficiency.",CASS
D8-Ch10,"Specialized Instruments: Cognitive, Achievement, and Functional Assessment Tools",7,07-2,AP-D8-PAS-07-2,D8-PAS-07-2-074fde9c,True,"Raven, Court, & Raven (1998): Raven's Standard Progressive Matrices (SPM) is a nonverbal measure of fluid intelligence suitable for assessing cognitive ability in individuals with limited English proficiency, as it requires no verbal response and performance is independent of language and cultural knowledge.",The Raven's Standard Progressive Matrices is used to assess the nonverbal cognitive abilities of a 10-year-old child with limited English proficiency.,Other Measures of Cognitive Ability,Apply,2-3,"Raven's Standard Progressive Matrices is a nonverbal measure of fluid intelligence appropriate for individuals with limited English proficiency, as it requires no verbal response and is independent of language and cultural knowledge.",CASS
D8-Ch10,"Specialized Instruments: Cognitive, Achievement, and Functional Assessment Tools",8,002,AP-D8-PAS-002,D8-PAS-002-ffa9cb37,True,"Raven, Court, & Raven (1998): The Coloured Progressive Matrices is designed for children aged 5--11, older adults, and individuals with mental or physical impairments to assess nonverbal reasoning ability.","The Coloured Progressive Matrices is a version of Raven's Progressive Matrices for children ages 5 to 11, older adults, and individuals with mental or physical impairments that assesses nonverbal intelligence.",Other Measures of Cognitive Ability,Apply,2-3,"The Coloured Progressive Matrices is designed for children aged 5–11, older adults, and individuals with mental or physical impairments to assess nonverbal reasoning ability.",CASS
D8-Ch10,"Specialized Instruments: Cognitive, Achievement, and Functional Assessment Tools",9,11-3,AP-D8-PAS-11-3,D8-PAS-11-3-df7913b3,True,"Sparrow, Cicchetti, & Saulnier (2016): The Vineland Adaptive Behavior Scales, Third Edition (Vineland-3) assesses adaptive functioning across Communication, Daily Living Skills, Socialization, and Motor Skills domains, and is the most widely used measure of adaptive behavior for confirming a diagnosis of intellectual disability.",The Vineland-3 would be most useful for confirming the diagnosis of intellectual disability for a 6-year-old child.,Clinical Tests,Apply,2-3,"The Vineland Adaptive Behavior Scales, Third Edition (Vineland-3) assesses Communication, Daily Living Skills, Socialization, and Motor Skills and is the most widely used measure of adaptive behavior for diagnosing intellectual disability.",CASS
D8-Ch10,"Specialized Instruments: Cognitive, Achievement, and Functional Assessment Tools",10,076,AP-D8-PAS-076,D8-PAS-076-0c903884,True,"MacLeod (1991): The Stroop Color and Word Test measures selective attention and response inhibition, making it clinically useful for assessing attentional deficits in children with ADHD.",The Stroop Color and Word Test is most useful for assessing selective attention and response inhibition in children with ADHD.,Clinical Tests,Apply,2-3,The Stroop Color and Word Test measures selective attention and response inhibition and is clinically useful for assessing attentional deficits in children with ADHD.,CASS
D8-Ch11,"Reading the Profile: MMPI-2 Development, Validity Scales, and Clinical Interpretation",1,01-1,AP-D8-PAS-01-1,D8-PAS-01-1-1fb0b696,True,"Graham (2012): The MMPI-2 clinical scales were developed using empirical criterion keying, selecting items that reliably differentiated clinical criterion groups from a nonclinical normative group.",Empirical criterion keying was used to develop the clinical scales of the MMPI-2 by including items that distinguished between clinical groups and a general (nonclinical) group.,MMPI-2,Apply/Analyze,3,"The MMPI-2 clinical scales were developed using empirical criterion keying, selecting items that distinguished clinical criterion groups from a nonclinical normative group.",CASS
D8-Ch11,"Reading the Profile: MMPI-2 Development, Validity Scales, and Clinical Interpretation",2,13,AP-D8-PAS-13,D8-PAS-13-91c32764,True,"Graham (2012): The MMPI-2 F (Infrequency) scale consists of items that are infrequently endorsed by the general population; elevated F scale scores suggest overreporting of psychological symptoms, which may reflect an attempt to ""fake bad,"" a cry for help, or genuine severe psychopathology.","The F scale of the MMPI provides information on overreporting of psychological symptoms, as items in the F scale are infrequently endorsed by members of the general population, and an elevated F score indicates overreporting of atypical or deviant behaviors or beliefs that may be due to an attempt to ""fake bad"" or significant pathology.",MMPI-2,Apply/Analyze,3,"The MMPI-2 F (Infrequency) scale consists of items rarely endorsed by the general population, and elevated scores suggest overreporting of symptoms that may reflect faking bad, a cry for help, or genuine severe psychopathology.",CASS
D8-Ch11,"Reading the Profile: MMPI-2 Development, Validity Scales, and Clinical Interpretation",3,011,AP-D8-PAS-011,D8-PAS-011-5c0697e7,True,"Graham (2012): The MMPI-2 F-Back (FB) scale consists of infrequently endorsed items in the latter portion of the test and indicates possible attempts to overreport symptoms. The S, TRIN, and VRIN scales assess positive self-presentation bias and response consistency, respectively.","The FB (F-Back) scale of the MMPI-2 consists of infrequently endorsed items that indicate an attempt to ""fake bad"", while the S, TRIN, and VRIN scales assess examinee's tendency to present themselves in an unrealistically positive way and response consistency.",MMPI-2,Apply/Analyze,3,"The MMPI-2 FB scale detects overreporting of symptoms using infrequently endorsed items from the latter portion of the test, while S, TRIN, and VRIN scales assess positive self-presentation and response consistency.",CASS
D8-Ch11,"Reading the Profile: MMPI-2 Development, Validity Scales, and Clinical Interpretation",4,084,AP-D8-PAS-084,D8-PAS-084-6234aae5,True,Ben-Porath & Tellegen (2008): An MMPI-2 validity profile showing low F with elevated L and K suggests the examinee attempted to present an unrealistically favorable self-image.,The L-F-K profile on the MMPI-2 with a low score on the F scale and high scores on the L and K scales suggests that the examinee attempted to make a favorable impression.,MMPI-2,Apply/Analyze,3,"On the MMPI-2, a validity profile with low F and elevated L and K scales indicates the examinee attempted to present an unrealistically favorable self-image.",CASS
D8-Ch11,"Reading the Profile: MMPI-2 Development, Validity Scales, and Clinical Interpretation",5,01-2,AP-D8-PAS-01-2,D8-PAS-01-2-a8a0e279,True,"Ben-Porath & Tellegen (2008): Individuals attempting to exaggerate psychological symptoms (e.g., malingering disability) tend to produce MMPI-2 profiles with elevated F and lowered K scale scores.",A 43-year-old man with a history of false disability claims and hoping his current work-related mental disability claim will be accepted is most likely to obtain a low K scale score and high F scale score on the MMPI-2.,MMPI-2,Apply/Analyze,3,Individuals malingering or exaggerating psychological symptoms tend to produce MMPI-2 profiles with elevated F scale scores and lowered K scale scores.,CASS
D8-Ch11,"Reading the Profile: MMPI-2 Development, Validity Scales, and Clinical Interpretation",6,01-3,AP-D8-PAS-01-3,D8-PAS-01-3-b528fb96,True,"Siegel & Langford (1998): In child custody evaluations, parents exhibiting parental alienation syndrome tend to produce defensive MMPI-2 profiles with elevated L and K scales and suppressed F scale scores.",Parents undergoing child custody evaluations who have symptoms of parental alienation syndrome are more likely to respond defensively to the MMPI-2 as evidenced by higher-than-normal scores on the L and K scales and lower-than-normal scores on the F scale.,MMPI-2,Apply/Analyze,3,"Parents with parental alienation syndrome in child custody evaluations tend to respond defensively on the MMPI-2, producing elevated L and K scales and suppressed F scale scores.",CASS
D8-Ch11,"Reading the Profile: MMPI-2 Development, Validity Scales, and Clinical Interpretation",7,064,AP-D8-PAS-064,D8-PAS-064-6af75f6c,True,Siegel & Langford (1998): Mothers exhibiting parental alienation syndrome in child custody evaluations obtained significantly higher L and K scale scores and significantly lower F scale scores on the MMPI-2 compared to mothers who did not exhibit parental alienation syndrome.,Siegel and Langford (1998) found that mothers exhibiting parental alienation syndrome were more likely to obtain significantly higher L and K scale scores and significantly lower F scale scores on the MMPI-2 compared to mothers not exhibiting parental alienation syndrome.,MMPI-2,Apply/Analyze,3,Mothers exhibiting parental alienation syndrome scored significantly higher on MMPI-2 L and K scales and significantly lower on the F scale compared to mothers without parental alienation syndrome.,CASS
D8-Ch11,"Reading the Profile: MMPI-2 Development, Validity Scales, and Clinical Interpretation",8,008,AP-D8-PAS-008,D8-PAS-008-cbdaf7bd,True,"Graham (2012): A 4-9 two-point code on the MMPI-2 is associated with impulsivity, antisocial behavior patterns, and low frustration tolerance.","A two-point code of 4-9 on the MMPI-2 is most associated with impulsivity, antisocial tendencies, and low frustration tolerance.",MMPI-2,Apply/Analyze,3,"An MMPI-2 two-point code of 4-9 is most associated with impulsivity, antisocial behavior patterns, and low frustration tolerance.",CASS
D8-Ch11,"Reading the Profile: MMPI-2 Development, Validity Scales, and Clinical Interpretation",9,099,AP-D8-PAS-099,D8-PAS-099-79df765b,True,"Graham (2012): The ""conversion V"" pattern on the MMPI-2 consists of elevated Scale 1 (Hypochondriasis) and Scale 3 (Hysteria) with a significantly lower Scale 2 (Depression), and is associated with somatization, limited psychological insight, and a desire to appear rational.","Elevated scores on scales 1 (Hs) and 3 (Hy) with a significantly lower score on scale 2 (D) on the MMPI-2 is referred to as the ""conversion V"" pattern, which is associated with somatization of psychological problems, poor insight into feelings and motivation, and a desire to appear rational and normal.",MMPI-2,Apply/Analyze,3,"The MMPI-2 ""conversion V"" pattern features elevated Scales 1 and 3 with a significantly lower Scale 2, associated with somatization, limited psychological insight, and a desire to appear rational.",CASS
D8-Ch12,"Projective, Trait, and Typological Approaches to Personality Assessment",1,04,AP-D8-PAS-04,D8-PAS-04-c98b568f,True,Exner (2003): The inquiry phase of Rorschach administration is conducted to obtain information necessary for accurate coding and scoring of the examinee's responses.,The purpose of the inquiry phase in administering the Rorschach is to obtain the information needed to accurately code the examinee's responses.,Other Measures of Personality,Analyze,3,The inquiry phase of Rorschach administration is conducted to obtain information necessary for accurate coding and scoring of the examinee's responses.,CASS
D8-Ch12,"Projective, Trait, and Typological Approaches to Personality Assessment",2,009,AP-D8-PAS-009,D8-PAS-009-38220e95,True,"Exner (2003): Form quality on the Rorschach reflects perceptual accuracy, indicating the degree to which an examinee's response corresponds to the actual contour of the inkblot.",Form quality is a measure of perceptual accuracy and indicates the extent to which the examinee's response corresponds to the actual shape of the inkblot when scoring and interpreting the Rorschach test.,Other Measures of Personality,Analyze,3,"On the Rorschach, form quality measures perceptual accuracy by indicating how closely an examinee's response corresponds to the actual contour of the inkblot.",CASS
D8-Ch12,"Projective, Trait, and Typological Approaches to Personality Assessment",3,02-1,AP-D8-PAS-02-1,D8-PAS-02-1-91123b5a,True,Exner (2003): Confabulation on the Rorschach involves overgeneralizing from a single detail to the entire inkblot and is associated with thought disorder stemming from organic brain injury or functional psychopathology.,"Confabulation on the Rorschach, which involves overgeneralizing from one detail of an inkblot to the whole inkblot, is associated with a thought disorder caused by organic brain injury or a functional disorder.",Other Measures of Personality,Analyze,3,Confabulation on the Rorschach involves overgeneralizing from a single inkblot detail to the whole blot and is associated with thought disorder arising from organic brain injury or functional psychopathology.,CASS
D8-Ch12,"Projective, Trait, and Typological Approaches to Personality Assessment",4,110,AP-D8-PAS-110,D8-PAS-110-8104b457,True,"Murray (1943): The Thematic Apperception Test (TAT) was grounded in Murray's personality theory, which conceptualizes personality as the interplay between internal forces (biological and psychological needs) and external environmental pressures.","The Thematic Apperception Test (TAT) was developed based on Murray's personality theory, which describes personality as the result of internal and external forces, such as biological and psychological needs and environmental pressures.",Other Measures of Personality,Analyze,3,"The Thematic Apperception Test (TAT) was grounded in Murray's personality theory, which conceptualizes personality as the interplay between internal needs and external environmental pressures.",CASS
D8-Ch12,"Projective, Trait, and Typological Approaches to Personality Assessment",5,02-2,AP-D8-PAS-02-2,D8-PAS-02-2-8c9ea973,True,"Edwards (1959): The Edwards Personal Preference Schedule (EPPS) assesses 15 needs derived from Murray's need theory, including achievement, autonomy, affiliation, and dominance.","The items included in the EPPS (Edwards Personal Preference Schedule) assess the 15 needs identified in Murray's theory of needs (e.g., achievement, autonomy, affiliation, dominance).",Other Measures of Personality,Analyze,3,"The Edwards Personal Preference Schedule (EPPS) assesses 15 needs derived from Murray's need theory, including achievement, autonomy, affiliation, and dominance.",CASS
D8-Ch12,"Projective, Trait, and Typological Approaches to Personality Assessment",6,03-2,AP-D8-PAS-03-2,D8-PAS-03-2-38994e0c,True,"Goldberg (1993): Support for the five-factor model of personality derives substantially from lexical research, which assumes that universally significant personality traits become encoded in natural language.","Evidence for the five-factor model of personality has been provided by lexical research, which is based on the assumption that universally important personality traits are encoded in language.",Other Measures of Personality,Analyze,3,"The five-factor model of personality is supported by lexical research, which assumes that universally significant personality traits become encoded in natural language.",CASS
D8-Ch12,"Projective, Trait, and Typological Approaches to Personality Assessment",7,03-3,AP-D8-PAS-03-3,D8-PAS-03-3-67172ee4,True,"Myers, McCaulley, Quenk, & Hammer (1998): The Myers-Briggs Type Indicator (MBTI) is grounded in Jung's psychological type theory and yields scores on four bipolar personality dimensions.",The Myers-Briggs Type Indicator (MBTI) is based on Jung's personality typology and provides information on four bipolar personality dimensions.,Other Measures of Personality,Analyze,3,The Myers-Briggs Type Indicator (MBTI) is grounded in Jung's psychological type theory and yields scores on four bipolar personality dimensions.,CASS
D8-Ch12,"Projective, Trait, and Typological Approaches to Personality Assessment",8,003,AP-D8-PAS-003,D8-PAS-003-789c0a25,True,"Myers, McCaulley, Quenk, & Hammer (1998): The Myers-Briggs Type Indicator (MBTI) was developed by Isabel Briggs Myers and Katherine Cook Briggs, drawing on Carl Jung's theory of psychological types to classify individuals along four bipolar dimensions of personality.",The development of the Myers-Briggs Type Indicator was based on Jung's theory of psychological types and the personality research of Isabel Briggs Myers and Katherine Cook Briggs.,Other Measures of Personality,Analyze,3,"The Myers-Briggs Type Indicator (MBTI), developed by Isabel Briggs Myers and Katherine Cook Briggs, is based on Carl Jung's theory of psychological types and classifies individuals along four bipolar personality dimensions.",CASS
D8-Ch12,"Projective, Trait, and Typological Approaches to Personality Assessment",9,02-3,AP-D8-PAS-02-3,D8-PAS-02-3-90c0fb1f,True,"Widiger & Samuel (2005): Self-report personality disorder measures are most appropriately used as initial screening instruments, followed by a semistructured diagnostic interview when screening results are positive.","For the clinical diagnosis of personality disorders, self-report measures are most useful as initial screening devices that are followed by a semistructured interview when they indicate a client has symptoms of a personality disorder.",Other Measures of Personality,Analyze,3,"Self-report personality disorder measures are best used as initial screening instruments, followed by a semistructured diagnostic interview when screening results are positive.",CASS
D8-Ch13,"Mapping the Damaged Brain: Neuropsychological Assessment Batteries, Screening Tools, and Clinical Measures",1,10-1,AP-D8-PAS-10-1,D8-PAS-10-1-85856342,True,"Folstein, Folstein, & McHugh (1975): A score above 24 on the Mini-Mental State Examination (MMSE) is indicative of normal cognitive functioning.",A score above 24 on the Mini-Mental State Exam (MMSE) indicates normal cognitive functioning.,Clinical Tests,Analyze,3,A score above 24 on the Mini-Mental State Examination (MMSE) is indicative of normal cognitive functioning.,CASS
D8-Ch13,"Mapping the Damaged Brain: Neuropsychological Assessment Batteries, Screening Tools, and Clinical Measures",2,09-3,AP-D8-PAS-09-3,D8-PAS-09-3-be17124c,True,"Manly et al. (1998): Research on the Mini-Mental State Examination (MMSE) indicates that use of the standard cutoff score produces higher rates of false positives for African Americans and Hispanic Americans than for European Americans, suggesting the influence of education and cultural factors on test performance.",Research investigating the accuracy of the Mini-Mental State Exam (MMSE) for identifying neurocognitive disorder suggests that it produces higher rates of false positives for African Americans and Hispanic Americans than for European Americans.,Clinical Tests,Analyze,3,"The standard MMSE cutoff score produces higher false positive rates for African Americans and Hispanic Americans than European Americans, reflecting the influence of education and cultural factors.",CASS
D8-Ch13,"Mapping the Damaged Brain: Neuropsychological Assessment Batteries, Screening Tools, and Clinical Measures",3,132,AP-D8-PAS-132,D8-PAS-132-693b27fb,True,"Teasdale & Jennett (1974): The Glasgow Coma Scale evaluates level of consciousness using three response domains: eye opening, verbal response, and motor response.","The Glasgow Coma Scale uses eye opening, verbal, and motor responses to stimuli to evaluate a patient's level of consciousness.",Clinical Tests,Analyze,3,"The Glasgow Coma Scale, developed by Teasdale & Jennett (1974), evaluates level of consciousness using three domains: eye opening, verbal response, and motor response.",CASS
D8-Ch13,"Mapping the Damaged Brain: Neuropsychological Assessment Batteries, Screening Tools, and Clinical Measures",4,10-3,AP-D8-PAS-10-3,D8-PAS-10-3-ff66eb0a,True,"Teasdale & Jennett (1974): The Glasgow Coma Scale assesses level of consciousness after traumatic brain injury by rating the patient's best eye opening, verbal, and motor responses; total scores range from 3 (deep coma) to 15 (fully awake and aware).","When using the Glasgow Coma Scale to assess level of consciousness following a traumatic brain injury, the patient is rated on his/her best eye opening, verbal, and motor responses, with a total rating ranging from 3 to 15, where 15 indicates the patient is fully awake and aware.",Clinical Tests,Analyze,3,"The Glasgow Coma Scale assesses post-TBI consciousness by rating best eye opening, verbal, and motor responses, with total scores ranging from 3 (deep coma) to 15 (fully awake and aware).",CASS
D8-Ch13,"Mapping the Damaged Brain: Neuropsychological Assessment Batteries, Screening Tools, and Clinical Measures",5,11-2,AP-D8-PAS-11-2,D8-PAS-11-2-6f6d7c6d,True,"Hagen, Malkmus, & Durham (1972; revised 2000): Level X (Purposeful, Appropriate/Modified Independent) on the Rancho Los Amigos Scale of Cognitive Functioning-Revised describes a patient who is alert, oriented, and can usually function independently in daily activities but may require extra time or compensatory strategies to manage cognitive challenges.",A person at Level X on the revised version of the Rancho Scale of Cognitive Functioning is alert and oriented and can usually function independently but may need extra time or compensatory strategies.,Clinical Tests,Analyze,3,Level X on the Rancho Los Amigos Scale of Cognitive Functioning-Revised describes a patient who is alert and oriented and can usually function independently but may need extra time or compensatory strategies.,CASS
D8-Ch13,"Mapping the Damaged Brain: Neuropsychological Assessment Batteries, Screening Tools, and Clinical Measures",6,006,AP-D8-PAS-006,D8-PAS-006-9a3f528a,True,"Hagen, Malkmus, & Durham (1972; revised 2000): Level V (Confused/Inappropriate, Non-Agitated) on the Rancho Los Amigos Scale of Cognitive Functioning-Revised describes a patient who is confused but not agitated, responds to simple commands, lacks orientation to person, place, or time, has difficulty learning new information, and may wander with a vague intention of going home.","A patient who receives a rating of Level V (Confused/Inappropriate Nonagitated) on the Rancho Scale of Cognitive Functioning Revised is confused but nonagitated, responds to simple, familiar commands, is not oriented to person, place, or time, has difficulty learning new information, and may wander randomly with a vague intention of going home.",Clinical Tests,Analyze,3,"Level V (Confused/Inappropriate, Non-Agitated) on the Rancho Los Amigos Scale describes a patient who is confused but not agitated, responds to simple commands, lacks orientation to person, place, or time, and has difficulty learning new information.",CASS
D8-Ch13,"Mapping the Damaged Brain: Neuropsychological Assessment Batteries, Screening Tools, and Clinical Measures",7,121,AP-D8-PAS-121,D8-PAS-121-a596eea9,True,Milner (1963): Frontal lobe damage produces both random and perseverative errors on the Wisconsin Card Sorting Test.,Patients with damage to the frontal lobe can be expected to make multiple random errors and perseverative errors on the Wisconsin Card Sorting Test.,Clinical Tests,Analyze,3,Frontal lobe damage produces both random and perseverative errors on the Wisconsin Card Sorting Test.,CASS
D8-Ch13,"Mapping the Damaged Brain: Neuropsychological Assessment Batteries, Screening Tools, and Clinical Measures",8,09-1,AP-D8-PAS-09-1,D8-PAS-09-1-b4a6adfb,True,Stroop (1935): The Stroop Color-Word Test measures selective (focused) attention and the capacity to inhibit a prepotent response.,The Stroop Color Word Test measures selective (focused) attention and the abilities to concentrate and inhibit the most prepotent response.,Clinical Tests,Analyze,3,The Stroop Color-Word Test measures selective attention and the capacity to inhibit a prepotent response.,CASS
D8-Ch13,"Mapping the Damaged Brain: Neuropsychological Assessment Batteries, Screening Tools, and Clinical Measures",9,107,AP-D8-PAS-107,D8-PAS-107-719a6dd5,True,"Kaplan (1988): The Boston Process Approach to neuropsychological assessment emphasizes qualitative observation of a patient's problem-solving strategies to determine how, when, and why the patient fails, rather than relying solely on quantitative scores.","The Boston Process Approach emphasizes observing a patient's problem-solving activity to determine how, when, and why the patient is unable to solve problems.",Clinical Tests,Analyze,3,"The Boston Process Approach to neuropsychological assessment emphasizes qualitative observation of problem-solving strategies to determine how, when, and why a patient fails, beyond quantitative scores alone.",CASS
D8-Ch13,"Mapping the Damaged Brain: Neuropsychological Assessment Batteries, Screening Tools, and Clinical Measures",10,09-2,AP-D8-PAS-09-2,D8-PAS-09-2-10b5acae,True,"Reitan & Wolfson (1993): An Impairment Index of 0.4--0.5 or above on the Halstead-Reitan Neuropsychological Battery is generally indicative of brain damage, with the specific cutoff varying by the individual's IQ level.","An Impairment Index score of 0.4 to 0.5 or above on the Halstead-Reitan Neuropsychological Battery (HRNB) is usually indicative of brain damage, with the cutoff depending on the individual's IQ.",Clinical Tests,Analyze,3,"An Impairment Index of 0.4–0.5 or above on the Halstead-Reitan Neuropsychological Battery generally indicates brain damage, with the specific cutoff varying by the individual's IQ.",CASS
D8-Ch14,"Career Assessment, Response Validity, and the Remaining Clinical Instruments",1,073,AP-D8-PAS-073,D8-PAS-073-35fae02c,True,"Donnay, Morris, Schaubhut, & Thompson (2005): Empirical criterion keying selects test items that discriminate between criterion groups; for the Strong Interest Inventory Occupational Scales, this involved distinguishing individuals in specific occupations from a general reference sample.","Empirical criterion keying involves including items in a scale or test that distinguish between criterion groups, which for the Occupational Scales of the Strong Interest Inventory were people in different occupational groups and a group consisting of ""people-in-general.""",Interest Inventories,Apply,2-3,"Empirical criterion keying selects items that discriminate between criterion groups; for the Strong Interest Inventory Occupational Scales, this involved distinguishing people in specific occupations from a general reference sample.",CASS
D8-Ch14,"Career Assessment, Response Validity, and the Remaining Clinical Instruments",2,193,AP-D8-PAS-193,D8-PAS-193-2280cd77,True,"Donnay, Morris, Schaubhut, & Thompson (2005): Items selected for each Occupational Scale of the Strong Interest Inventory were chosen through empirical criterion keying, identifying items that distinguished between individuals employed in the target occupation and a general representative sample of employed adults.",The items selected for inclusion in each Occupational Scale of the Strong Interest Inventory distinguished between individuals employed in the occupation assessed by the scale and individuals in a general representative sample.,Interest Inventories,Apply,2-3,"Items for each Occupational Scale of the Strong Interest Inventory were selected via empirical criterion keying, identifying items that distinguished workers in a target occupation from a general representative sample of employed adults.",CASS
D8-Ch14,"Career Assessment, Response Validity, and the Remaining Clinical Instruments",3,12-3,AP-D8-PAS-12-3,D8-PAS-12-3-d03d3653,True,"Donnay, Morris, Schaubhut, & Thompson (2005): The Strong Interest Inventory (SII) provides scores on Holland's six General Occupational Themes (Realistic, Investigative, Artistic, Social, Enterprising, and Conventional) but does not include a ""Creative"" theme as a separate category.","The Strong Interest Inventory (SII) does not provide scores on the creative general occupational theme, though it includes scores on Holland's six occupational themes: realistic, investigative, artistic, social, enterprising, and conventional.",Interest Inventories,Apply,2-3,The Strong Interest Inventory provides scores on Holland's six General Occupational Themes (RIASEC) but does not include a separate Creative theme.,CASS
D8-Ch14,"Career Assessment, Response Validity, and the Remaining Clinical Instruments",4,12-2,AP-D8-PAS-12-2,D8-PAS-12-2-a95b6b1f,True,"Holland (1997): Holland's RIASEC model identifies six vocational personality types: Realistic, Investigative, Artistic, Social, Enterprising, and Conventional.","Holland's six occupational themes are realistic, investigative, artistic, social, enterprising, and conventional.",Interest Inventories,Apply,2-3,"Holland's RIASEC model identifies six vocational personality types: Realistic, Investigative, Artistic, Social, Enterprising, and Conventional.",CASS
D8-Ch14,"Career Assessment, Response Validity, and the Remaining Clinical Instruments",5,12-1,AP-D8-PAS-12-1,D8-PAS-12-1-51613825,True,"Kuder & Zytowski (1991): The Kuder Occupational Interest Survey (KOIS) provides Occupational Scales, College Major Scales, and Vocational Interest Estimates but does not include Personal Style Scales, which are unique to the Strong Interest Inventory.","The Kuber Occupational Interest Survey (KOIS) includes Occupational Scales, College Major Scales, and Vocational Interest Estimates, but does not include Personal Styles Scales, which are included in the Strong Interest Inventory (SII).",Interest Inventories,Apply,2-3,"The Kuder Occupational Interest Survey (KOIS) includes Occupational Scales, College Major Scales, and Vocational Interest Estimates but lacks Personal Style Scales, which are unique to the Strong Interest Inventory.",CASS
D8-Ch14,"Career Assessment, Response Validity, and the Remaining Clinical Instruments",6,012,AP-D8-PAS-012,D8-PAS-012-439da3e8,True,Schmidt & Hunter (1998): Interest inventories demonstrate lower validity than cognitive ability tests for predicting job performance.,Interest inventories are less valid than intelligence tests for predicting job performance.,Interest Inventories,Apply,2-3,Interest inventories demonstrate lower validity than cognitive ability tests for predicting job performance.,CASS
D8-Ch14,"Career Assessment, Response Validity, and the Remaining Clinical Instruments",7,10-2,AP-D8-PAS-10-2,D8-PAS-10-2-7458e030,True,Shallice (1982): The Tower of London test evaluates executive planning and problem-solving ability; impaired performance has been associated with autism spectrum disorder and other neurodevelopmental conditions.,"The Tower of London is used to assess the problem-solving and planning abilities of a 10-year-old child who has symptoms of autism spectrum disorder, as poor performance on this test has been linked to autism and several other disorders.",Clinical Tests,Apply,2-3,"The Tower of London test evaluates executive planning and problem-solving ability, and impaired performance has been associated with autism spectrum disorder and other neurodevelopmental conditions.",CASS
D8-Ch14,"Career Assessment, Response Validity, and the Remaining Clinical Instruments",8,004,AP-D8-PAS-004,D8-PAS-004-ae29a254,True,MacLeod (1991): The Stroop Color-Word Association Test is fundamentally a measure of response inhibition.,The Stroop Color-Word Association Test is best described as a measure of response inhibition.,Clinical Tests,Apply,2-3,The Stroop Color-Word Association Test is best described as a measure of response inhibition.,CASS
D8-Ch14,"Career Assessment, Response Validity, and the Remaining Clinical Instruments",9,109,AP-D8-PAS-109,D8-PAS-109-09ca8c10,True,"Brannigan & Decker (2003): The Bender Visual Motor Gestalt Test, Second Edition (Bender-Gestalt II) assesses visual-motor integration and serves as a screening instrument for brain damage, with particular sensitivity to right parietal lobe lesions.","The Bender-Gestalt II is a measure of visual-motor integration that's also used as a screening test for brain damage, especially right parietal lobe damage.",Clinical Tests,Apply,2-3,"The Bender-Gestalt II assesses visual-motor integration and screens for brain damage, with particular sensitivity to right parietal lobe lesions.",CASS
D8-Ch14,"Career Assessment, Response Validity, and the Remaining Clinical Instruments",10,176,AP-D8-PAS-176,D8-PAS-176-ba274fb8,True,"Boone, Lu, & Herzberg (2002): The Dot Counting Test is a performance validity test used to detect feigned cognitive impairment; poor effort is indicated when the time taken to count grouped (easily enumerated) dots equals or exceeds the time taken to count ungrouped (randomly arranged) dots.","The Dot Counting Test is most useful for detecting feigned cognitive impairment, as poor effort is suggested when the time taken to count grouped dots is equal to or greater than the time taken to count ungrouped dots.",Clinical Tests,Apply,2-3,The Dot Counting Test detects feigned cognitive impairment; poor effort is indicated when time to count grouped dots equals or exceeds time to count ungrouped dots.,CASS
D8-Ch15,From Diagnosis to Intervention: Disorder-Specific Treatment and Clinical Integration,1,202,AP-D8-PPA-202,D8-PPA-202-01bfcf5d,True,Marlatt & Gordon (1985): Marlatt and Gordon's relapse prevention model identifies high-risk situations as the immediate precipitants of alcohol use following a period of abstinence.,Marlatt and Gordon's relapse prevention (RP) model proposes that high-risk situations are the immediate precipitants of alcohol use after a period of abstinence.,Substance-Related and Addictive Disorders,Evaluate,3-4,Marlatt and Gordon's relapse prevention model identifies high-risk situations as the immediate precipitants of alcohol use following a period of abstinence.,CASS
D8-Ch15,From Diagnosis to Intervention: Disorder-Specific Treatment and Clinical Integration,2,140,AP-D8-PPA-140,D8-PPA-140-9c28901d,True,"Meyers, Miller, Smith, & Tonigan (2002): Community Reinforcement and Family Training (CRAFT) is an evidence-based intervention designed to work with concerned significant others (CSOs) of treatment-refusing individuals with substance use problems. CRAFT teaches family members behavioral strategies -- including positive reinforcement of sober behavior, natural consequences for substance use, and improved communication -- to encourage their loved one to enter treatment. CRAFT was developed as an alternative to confrontational approaches like the Johnson Intervention.",Community reinforcement and family training (CRAFT) is an evidence-based intervention that was designed for families that include an adult who has a substance use problem but refuses to seek treatment.,Substance-Related and Addictive Disorders,Evaluate,3-4,"CRAFT (Meyers et al., 2002) is an evidence-based alternative to confrontational approaches like the Johnson Intervention, teaching concerned significant others behavioral strategies to encourage treatment-refusing individuals with substance use disorders to enter treatment.",CASS
D8-Ch15,From Diagnosis to Intervention: Disorder-Specific Treatment and Clinical Integration,3,084,AP-D8-PPA-084,D8-PPA-084-18f87665,True,"Meyers, Miller, Hill, & Tonigan (1998): Community Reinforcement and Family Training (CRAFT) focuses on teaching concerned significant others (CSOs) positive communication skills, natural reinforcement strategies, and self-care; unlike Al-Anon, it does not involve adopting ""loving detachment"" from the identified patient with the substance use problem.","Community reinforcement and family training (CRAFT) does not involve helping the concerned significant other (CSO) adopt ""loving-detachment"" from the identified patient (IP) with the substance-use problem, as that is characteristic of Al-Anon.",Substance-Related and Addictive Disorders,Evaluate,3-4,"Community Reinforcement and Family Training (CRAFT) teaches concerned significant others positive communication, natural reinforcement, and self-care skills, and unlike Al-Anon, does not involve adopting loving detachment from the identified patient.",CASS
D8-Ch15,From Diagnosis to Intervention: Disorder-Specific Treatment and Clinical Integration,4,211,AP-D8-PPA-211,D8-PPA-211-03fc5400,True,"Rawson, McCann, Flammino, Shoptaw, Miotto, Reiber, & Ling (2006): In a randomized trial of 177 stimulant-dependent individuals, ""CM procedures produced better retention and lower rates of stimulant use during the study period"" while ""CBT produced comparable longer-term outcomes."" CM was superior during treatment application, but CBT produced robust effects at 52-week follow-up, and combining the two treatments showed no additive benefit (p. 267).","Voucher-based reinforcement therapy (VBRT) is most effective for promoting initial abstinence, while cognitive behavior therapy (CBT) is most effective for preventing relapse in patients with cocaine use disorder.",Substance-Related and Addictive Disorders,Evaluate,3-4,"Contingency management produces superior outcomes during active treatment for stimulant dependence, while CBT produces comparable long-term outcomes at 52-week follow-up, and combining the two shows no additive benefit.",CASS
D8-Ch15,From Diagnosis to Intervention: Disorder-Specific Treatment and Clinical Integration,5,208,AP-D8-PPA-208,D8-PPA-208-10583ca6,True,Laws & Marshall (2003): Orgasmic reconditioning is an evidence-based behavioral treatment for paraphilic disorders.,Orgasmic reconditioning has been identified as an effective treatment for paraphilic disorder.,"Sexual Dysfunctions, Gender Dysphoria, and Paraphilic Disorders",Evaluate,3-4,Orgasmic reconditioning is an evidence-based behavioral treatment for paraphilic disorders.,CASS
D8-Ch15,From Diagnosis to Intervention: Disorder-Specific Treatment and Clinical Integration,6,22,AP-D8-PPA-22,D8-PPA-22-7a4549f8,True,"Binik (2010): Evidence-based treatments for genito-pelvic pain/penetration disorder include relaxation training, sensate focus, topical anesthetics, vaginal dilators, and pelvic floor exercises; orgasmic reconditioning is not indicated for this condition and is used instead for paraphilic disorders.","Interventions for genito-pelvic pain disorder include relaxation training, sensate focus, a topical anesthetic, vaginal dilators, and Kegel exercises, but orgasmic reconditioning is used to treat paraphilic disorders.","Sexual Dysfunctions, Gender Dysphoria, and Paraphilic Disorders",Evaluate,3-4,"Evidence-based treatments for genito-pelvic pain/penetration disorder include relaxation training, sensate focus, topical anesthetics, vaginal dilators, and pelvic floor exercises; orgasmic reconditioning is used instead for paraphilic disorders.",CASS
D8-Ch15,From Diagnosis to Intervention: Disorder-Specific Treatment and Clinical Integration,7,016,AP-D8-PPA-016,D8-PPA-016-5e014e19,True,"Hauner, Mineka, Voss, & Paller (2012): Successful CBT for specific phobia is associated with decreased activation in the amygdala, insula, and dorsal anterior cingulate cortex, and increased activation in the ventromedial prefrontal cortex.","Successful treatment with cognitive behavior therapy for a specific phobia will most likely lead to decreased activity in the amygdala, insula, and dorsal anterior cingulate cortex and increased activity in the ventromedial prefrontal cortex, according to functional neuroimaging findings.",Anxiety Disorders and Obsessive-Compulsive Disorders,Evaluate,3-4,"Successful CBT for specific phobia is associated with decreased activation in the amygdala, insula, and dorsal anterior cingulate cortex, and increased activation in the ventromedial prefrontal cortex.",CASS
D8-Ch15,From Diagnosis to Intervention: Disorder-Specific Treatment and Clinical Integration,8,17,AP-D8-PPA-17,D8-PPA-17-2d1cc631,True,"Glazener, Evans, & Peto (2005): The night alarm (also known as the moisture alarm, enuresis alarm, or bell-and-pad) has the best long-term treatment effects for children with nocturnal enuresis, with approximately two-thirds of children achieving dryness and lower relapse rates compared to pharmacological interventions.","Research has confirmed that the night alarm, also known as the moisture alarm, enuresis alarm, and bell-and-pad, has the best long-term effects for children who have received a DSM-5 diagnosis of enuresis, nocturnal only.","Feeding/Eating, Elimination, and Sleep-Wake Disorders",Evaluate,3-4,"The night alarm (bell-and-pad) produces the best long-term treatment outcomes for nocturnal enuresis, with approximately two-thirds of children achieving dryness and lower relapse rates than pharmacological interventions.",CASS
D8-Ch15,From Diagnosis to Intervention: Disorder-Specific Treatment and Clinical Integration,9,049,AP-D8-PPA-049,D8-PPA-049-9d5be855,True,Linehan (1993): Standard dialectical behavior therapy (DBT) for borderline personality disorder does not typically include family or couple therapy as a core treatment component.,"When a therapist is using dialectical behavior therapy (DBT) with a client who has recently received the diagnosis of borderline personality disorder, the client's treatment will least likely include family or couple counseling.",Personality Disorders,Evaluate,3-4,Standard dialectical behavior therapy for borderline personality disorder does not typically include family or couple therapy as a core treatment component.,CASS
D8-Ch15,From Diagnosis to Intervention: Disorder-Specific Treatment and Clinical Integration,10,11-1,AP-D8-PAS-11-1,D8-PAS-11-1-319e4a1c,True,"Sparrow, Cicchetti, & Saulnier (2016): Diagnosis of intellectual disability requires concurrent assessment of both intellectual functioning and adaptive behavior; the Vineland Adaptive Behavior Scales, Third Edition (Vineland-3) is a commonly used measure of adaptive functioning.","To confirm a diagnosis of intellectual disability for a 9-year-old child, one would administer a measure of intelligence along with the Vineland-3, a measure of adaptive functioning.",Clinical Tests,Evaluate,3-4,"Diagnosis of intellectual disability requires concurrent assessment of intellectual functioning and adaptive behavior, with the Vineland-3 being a commonly used measure of adaptive functioning.",CASS
D9-Ch01,The Ethical Architecture: How Professional Standards Protect Psychologists and the Public,1,010,AP-D9-ETH-010,D9-ETH-010-31712220,True,"APA (2017): ""Both the APA Ethics Code and the Canadian Code of Ethics address pro bono psychological services within their General Principles.""","The APA Ethics Code and Canadian Code of Ethics encourage pro bono services, as addressed in their General Principles.",APA Ethics Code Overview and Standards 1 and 2,Remember/Understand,1-2,"Both the APA Ethics Code and the Canadian Code of Ethics encourage pro bono psychological services, addressed within their respective General Principles.",PETH
D9-Ch01,The Ethical Architecture: How Professional Standards Protect Psychologists and the Public,2,099,AP-D9-ETH-099,D9-ETH-099-c4cbc572,True,"APA (2017): ""The General Principle of Justice within the APA Ethics Code holds that fairness requires all individuals to have access to and benefit from psychology's contributions, making open access most consistent with this principle.""","Open access is most consistent with the General Principle of Justice in the APA's Ethics Code, which calls for fairness and justice to entitle all persons to access to and benefit from the contributions of psychology.",APA Ethics Code Overview and Standards 1 and 2,Remember/Understand,1-2,"Open access is most consistent with the APA General Principle of Justice, which holds that fairness entitles all persons to access and benefit from psychology's contributions.",PETH
D9-Ch01,The Ethical Architecture: How Professional Standards Protect Psychologists and the Public,3,006,AP-D9-ETH-006,D9-ETH-006-17ad4920,True,"APA (2017): ""The APA retains authority to act against any member expelled or suspended from a state psychological association affiliate, or convicted of a felony.""",The APA Ethics Code states that APA may take action against a member who has been expelled or suspended from an affiliated state psychological association or convicted of a felony.,APA Ethics Code Overview and Standards 1 and 2,Remember/Understand,1-2,The APA Ethics Code authorizes APA to take action against any member expelled or suspended from an affiliated state psychological association or convicted of a felony.,PETH
D9-Ch01,The Ethical Architecture: How Professional Standards Protect Psychologists and the Public,4,001,AP-D9-ETH-001,D9-ETH-001-4cdd14c4,True,"APA (2017): ""Employment decisions such as tenure or promotion cannot be based solely on an individual's status as complainant or respondent in an unresolved ethics matter.""",Psychologists may not deny tenure or promotion to an employee solely because that employee is the complainant or respondent in a pending ethics complaint.,APA Ethics Code Overview and Standards 1 and 2,Remember/Understand,1-2,"Under APA ethics, employment decisions such as tenure or promotion cannot be based solely on an individual's status as complainant or respondent in an unresolved ethics matter.",PETH
D9-Ch01,The Ethical Architecture: How Professional Standards Protect Psychologists and the Public,5,02-1,AP-D9-ETH-02-1,D9-ETH-02-1-b94077d1,True,"APA (2017), Ethical Principles of Psychologists and Code of Conduct, Standard 1.07: ""Psychologists do not deny persons employment, advancement, admissions, or promotion based solely on their having made or being the subject of an ethics complaint. Such decisions must reflect relevant professional considerations, not retaliatory action based on complaint status.""","Denying a psychologist a promotion based solely on a pending ethics complaint against them would be unacceptable, as it violates ethical standards that require due process and natural justice procedures for employment decisions.",APA Ethics Code Overview and Standards 1 and 2,Remember/Understand,1-2,"APA Ethics Code Standard 1.07 prohibits denying employment, promotion, or advancement based solely on a person's status as complainant or respondent in an ethics complaint.",PETH
D9-Ch01,The Ethical Architecture: How Professional Standards Protect Psychologists and the Public,6,014,AP-D9-ETH-014,D9-ETH-014-53ff0404,True,"APA (2017): ""When a client reports inappropriate physical contact by a previous therapist, the ethical response is to explain the gravity of such an allegation and review the available courses of action.""","As an ethical psychologist, you should explain to Anita the seriousness of her allegation and discuss the options she has in the situation where another therapist touched her inappropriately.",APA Ethics Code Overview and Standards 1 and 2,Remember/Understand,1-2,"APA ethics requires that when a client reports inappropriate physical contact by a previous therapist, the psychologist explain the seriousness of the allegation and review available courses of action with the client.",PETH
D9-Ch01,The Ethical Architecture: How Professional Standards Protect Psychologists and the Public,7,021,AP-D9-ETH-021,D9-ETH-021-d9045a79,True,"APA (2017): ""Confidential client records may be disclosed to an Ethics Committee only after verifying the client has provided written authorization for their release.""",A psychologist should provide requested confidential information about a former client to an Ethics Committee only after confirming the client has signed an authorization to release the information.,APA Ethics Code Overview and Standards 1 and 2,Remember/Understand,1-2,A psychologist may disclose confidential client records to an Ethics Committee only after verifying the client has provided written authorization for their release.,PETH
D9-Ch01,The Ethical Architecture: How Professional Standards Protect Psychologists and the Public,8,062,AP-D9-ETH-062,D9-ETH-062-c9fcbe20,True,"APA (2017), Ethical Principles of Psychologists and Code of Conduct, Standard 4.05(a): ""Psychologists may disclose confidential information with the appropriate consent of the client. When an Ethics Committee requests confidential client information, the psychologist should first verify that the client has signed a valid authorization to release the records before providing the information.""",A psychologist should provide the Ethics Committee with the requested client information after confirming that the client has signed an authorization to release the information.,APA Ethics Code Overview and Standards 1 and 2,Remember/Understand,1-2,"When an Ethics Committee requests confidential client information, the psychologist must first verify the client has signed a valid authorization to release records before disclosing.",PETH
D9-Ch01,The Ethical Architecture: How Professional Standards Protect Psychologists and the Public,9,039,AP-D9-ETH-039,D9-ETH-039-771307b4,True,"APA (2017): ""When personal reactions (e.g., countertransference, burnout) risk impairing therapeutic effectiveness, psychologists should seek professional consultation to evaluate impact and determine an appropriate plan.""","Dr. Andersen should consult with a colleague to help her monitor her effectiveness with clients and determine the best course of action, as she has realized that she hates going home after work and has started feeling negatively toward therapy clients who resemble her abrasive, alcoholic father-in-law.",APA Ethics Code Overview and Standards 1 and 2,Remember/Understand,1-2,"When personal reactions such as countertransference or burnout risk impairing therapeutic effectiveness, APA ethics require psychologists to seek professional consultation to evaluate impact and determine an appropriate plan.",PETH
D9-Ch01,The Ethical Architecture: How Professional Standards Protect Psychologists and the Public,10,11-3,AP-D9-ETH-11-3,D9-ETH-11-3-d7e1c131,True,"APA (2017), Ethical Principles of Psychologists and Code of Conduct, Standard 4.06: ""When consulting with colleagues, psychologists do not disclose confidential information that reasonably could lead to identification of a client unless the client has given prior consent. When the client's identity can be adequately disguised, separate client authorization for the consultation is not required.""","Psychologists do not have to obtain a client's authorization before discussing the client's case with a consultant if they can disguise the client's identity while doing so, according to the ethical guidelines of the American and Canadian Psychological Associations.",APA Ethics Code Standards 3 and 4,Remember/Understand,1-2,"APA Standard 4.06 allows consultation without separate client authorization when the client's identity can be adequately disguised, preventing reasonable identification.",PETH
D9-Ch02,Drawing the Line and Crossing It Ethically: Competence Boundaries in Professional Practice,1,032,AP-D9-ETH-032,D9-ETH-032-ad526d79,True,"APA (2017): ""A psychologist whose clinical experience does not include a specific cultural or socioeconomic population may ethically treat clients from that population while concurrently consulting a colleague with relevant expertise.""","To be consistent with ethical requirements, a psychologist who specializes in treating depression but has not worked with African American or low-income clients should agree to see a new client from those populations as long as they consult with a colleague who has experience working with those clients.",APA Ethics Code Overview and Standards 1 and 2,Understand/Apply,2,A psychologist may ethically treat clients from an unfamiliar cultural or socioeconomic population provided they concurrently consult a colleague with relevant expertise in working with that population.,PETH
D9-Ch02,Drawing the Line and Crossing It Ethically: Competence Boundaries in Professional Practice,2,002,AP-D9-ETH-002,D9-ETH-002-d2e201cf,True,"APA (2017): ""Psychologists may ethically treat populations outside their primary expertise provided they arrange ongoing consultation with a colleague experienced with that population.""","To be consistent with ethical requirements, Dr. Maddox should see older adults in therapy if she's able to obtain consultation while doing so with a colleague who has experience working with members of this population.",APA Ethics Code Overview and Standards 1 and 2,Understand/Apply,2,APA ethics permits psychologists to treat populations outside their primary expertise provided they arrange ongoing consultation with a colleague experienced with that population.,PETH
D9-Ch02,Drawing the Line and Crossing It Ethically: Competence Boundaries in Professional Practice,3,028,AP-D9-ETH-028,D9-ETH-028-19454050,True,"APA (2017): ""During emergencies, psychologists may deliver services outside their usual competence areas until the crisis resolves or appropriate referral options become available.""","Dr. Liu, a licensed psychologist, should provide emergency mental health services to the nearby rural community devastated by a flood until the emergency ends or alternative services become available, despite lacking specific experience working with victims of natural disasters.",APA Ethics Code Overview and Standards 1 and 2,Understand/Apply,2,APA ethics permit psychologists to provide services outside their established competence during emergencies until the crisis resolves or appropriate referral options become available.,PETH
D9-Ch02,Drawing the Line and Crossing It Ethically: Competence Boundaries in Professional Practice,4,04-1,AP-D9-ETH-04-1,D9-ETH-04-1-25ea3d58,True,"APA (2017), Ethical Principles of Psychologists and Code of Conduct, Standard 2.01(b): ""Where scientific or professional knowledge establishes that an understanding of factors such as specific techniques is essential for effective service, psychologists who lack that training inform the client of their limited experience, discuss the client's options, and provide appropriate referrals if the client continues to desire the requested service.""","To be consistent with ethical requirements, a psychodynamic psychotherapist with limited experience in mindfulness meditation should inform the client of their limited experience, discuss the client's options, and refer the client to a qualified therapist if they continue to want training in mindfulness meditation.",APA Ethics Code Overview and Standards 1 and 2,Understand/Apply,2,"APA Standard 2.01(b) requires psychologists with limited experience in a requested technique to inform the client of that limitation, discuss options, and refer the client to a qualified provider if the client still desires that service.",PETH
D9-Ch02,Drawing the Line and Crossing It Ethically: Competence Boundaries in Professional Practice,5,01-2,AP-D9-ETH-01-2,D9-ETH-01-2-3c67d5a3,True,"APA (2017): ""A psychologist lacking competence in a requested modality should disclose this limitation, discuss the client's options, and offer a referral if the client still desires that service.""","To be consistent with ethical requirements, Dr. Linden should inform Raymond R. of her lack of experience with meditation, discuss his options with him, and give him a referral if he continues to want training in meditation.",APA Ethics Code Overview and Standards 1 and 2,Understand/Apply,2,"APA ethics requires a psychologist lacking competence in a requested service modality to disclose this limitation, discuss the client's options, and provide a referral if the client still desires that service.",PETH
D9-Ch02,Drawing the Line and Crossing It Ethically: Competence Boundaries in Professional Practice,6,02-2,AP-D9-ETH-02-2,D9-ETH-02-2-2b093245,True,"APA (2017), Ethical Principles of Psychologists and Code of Conduct, Standard 2.01: ""Psychologists provide services within the boundaries of their competence. When clients present issues outside a psychologist's primary expertise, the psychologist may ethically proceed while obtaining consultation from a colleague with relevant experience.""","As an ethical psychologist, Dr. Swenson should see the clients in therapy but seek consultation with a colleague who has relevant experience.",APA Ethics Code Overview and Standards 1 and 2,Understand/Apply,2,APA Ethics Code Standard 2.01 permits psychologists to provide services to clients with issues outside their primary expertise provided they obtain consultation from a colleague with relevant experience.,PETH
D9-Ch02,Drawing the Line and Crossing It Ethically: Competence Boundaries in Professional Practice,7,06,AP-D9-ETH-06,D9-ETH-06-6bec7f26,True,"APA (2013): ""Telepsychology may be provided for conditions with established face-to-face evidence when the psychologist has obtained adequate telepsychology training, even absent modality-specific outcome data.""","Dr. Unger, a cognitive behavioral psychologist, may conduct therapy via telephone for a client with a disorder that has been successfully treated face-to-face if he has received adequate training in telepsychology, despite the lack of empirical evidence on its effectiveness when conducted via telephone.",APA Ethics Code Overview and Standards 1 and 2,Understand/Apply,2,"APA guidelines permit telepsychology for conditions with established face-to-face evidence when the psychologist has received adequate telepsychology training, even in the absence of modality-specific outcome data.",PETH
D9-Ch02,Drawing the Line and Crossing It Ethically: Competence Boundaries in Professional Practice,8,03-1,AP-D9-ETH-03-1,D9-ETH-03-1-1534d039,True,"APA (2017): ""Delegating measurement administration to graduate students is permissible when those students receive adequate training in both administration procedures and relevant ethical standards.""",Hiring psychology graduate students to administer measures is acceptable as long as the students are provided with training in administering the measures and relevant ethical guidelines.,APA Ethics Code Overview and Standards 1 and 2,Understand/Apply,2,APA ethics permit delegation of assessment administration to graduate students provided those students receive adequate training in both administration procedures and relevant ethical standards.,PETH
D9-Ch02,Drawing the Line and Crossing It Ethically: Competence Boundaries in Professional Practice,9,05,AP-D9-ETH-05,D9-ETH-05-e209a1a7,True,"APA (2017), Ethical Principles of Psychologists and Code of Conduct, Standard 2.05: ""When providing services to individuals whose primary language differs from the psychologist's, the psychologist should refer to a bilingual professional or obtain professional interpreter services. Family members -- particularly children -- should not serve as interpreters due to risks of inaccuracy and compromised objectivity.""","Dr. Wallace should refer the family to a therapist who speaks Croatian but, if that's not possible, obtain the assistance of a professional interpreter, as the oldest daughter should not act as an interpreter to be consistent with ethical requirements.",APA Ethics Code Overview and Standards 1 and 2,Understand/Apply,2,"APA Standard 2.05 prohibits using family members, especially children, as interpreters; psychologists must refer to a bilingual professional or obtain professional interpreter services when language barriers exist.",PETH
D9-Ch02,Drawing the Line and Crossing It Ethically: Competence Boundaries in Professional Practice,10,10-1,AP-D9-ETH-10-1,D9-ETH-10-1-0185715c,True,"APA (2017), Ethical Principles of Psychologists and Code of Conduct, Standard 4.06: ""Psychologists may consult with colleagues regarding clients without obtaining client authorization provided they do not disclose information that could reasonably lead to the identification of the client. Disguising the client's identity satisfies this requirement.""","Dr. Watson, a newly licensed psychologist, is allowed to consult with a more experienced colleague about a new client without obtaining the client's authorization as long as he can disguise the client's identity, which is consistent with the APA Ethics Code and the Canadian Code of Ethics.",APA Ethics Code Standards 3 and 4,Understand/Apply,2,"Psychologists may consult with colleagues about clients without client authorization provided they disguise identifying information, per APA Standard 4.06 and Canadian ethics codes.",PETH
D9-Ch03,"Applied Ethics in Context: Navigating Violations, Conflicts, and Cultural Complexity",1,017,AP-D9-ETH-017,D9-ETH-017-aa5a5b19,True,"APA (2017): ""When a psychologist's conduct may violate ethical standards, the recommended initial step is direct discussion of the potential violation with that psychologist.""","The graduate student should discuss the ethical violation with the psychologist, as the psychologist's requirement that his students participate in the research without providing an alternative assignment violates ethical standards.",APA Ethics Code Overview and Standards 1 and 2,Apply,2-3,"When a psychologist's conduct may violate ethical standards, APA ethics recommends directly discussing the potential violation with that psychologist as the initial step.",PETH
D9-Ch03,"Applied Ethics in Context: Navigating Violations, Conflicts, and Cultural Complexity",2,01-1,AP-D9-ETH-01-1,D9-ETH-01-1-651c5764,True,"APA (2017), Ethical Principles of Psychologists and Code of Conduct, Standards 1.04 and 1.05: ""When psychologists believe an ethical violation has occurred, they first attempt an informal resolution by bringing the behavior to the attention of the individual, provided this does not violate confidentiality rights. If informal resolution is inappropriate or unsuccessful, psychologists take further action such as referral to an ethics committee.""","This situation is addressed in Standards 1.04 and 1.05 of the APA's Ethics Code and Standards II.43 and II.44 of the Canadian Code of Ethics, and an attempt at an informal resolution would be the best initial course of action.",APA Ethics Code Overview and Standards 1 and 2,Apply,2-3,APA Ethics Code Standards 1.04 and 1.05 require psychologists who believe an ethical violation has occurred to first attempt informal resolution by addressing the behavior directly with the individual before escalating to an ethics committee.,PETH
D9-Ch03,"Applied Ethics in Context: Navigating Violations, Conflicts, and Cultural Complexity",3,03-2,AP-D9-ETH-03-2,D9-ETH-03-2-8c230954,True,"APA (2017): ""Sexual attraction toward a client is addressed ethically by obtaining professional consultation to determine an appropriate course of action, not by acting on or ignoring the attraction.""","As an ethical psychologist, Dr. Berstein should obtain professional consultation to determine the best course of action regarding her attraction to her client Rusty R.",APA Ethics Code Overview and Standards 1 and 2,Apply,2-3,"When a psychologist experiences sexual attraction toward a client, the ethically required response is to obtain professional consultation to determine an appropriate course of action.",PETH
D9-Ch03,"Applied Ethics in Context: Navigating Violations, Conflicts, and Cultural Complexity",4,02-3,AP-D9-ETH-02-3,D9-ETH-02-3-c703c08b,True,"APA (2017), Ethical Principles of Psychologists and Code of Conduct, Standard 1.04: ""When psychologists become aware of a possible ethical violation by a colleague, and it does not involve a confidentiality breach, they attempt to resolve the issue by bringing it to the attention of that individual, provided an informal resolution appears appropriate.""","The best course of action when overhearing two members of the clerical staff complaining about the possible unethical behavior of a licensed psychologist, assuming client confidentiality is not an issue and you are not legally required to report the behavior, is to discuss the possible ethical violation with the psychologist.",APA Ethics Code Overview and Standards 1 and 2,Apply,2-3,APA Standard 1.04 requires psychologists who become aware of a colleague's possible ethical violation—when confidentiality is not at issue—to first attempt informal resolution by addressing the concern directly with that individual.,PETH
D9-Ch03,"Applied Ethics in Context: Navigating Violations, Conflicts, and Cultural Complexity",5,04-2,AP-D9-ETH-04-2,D9-ETH-04-2-18691c4c,True,"APA (2017): ""Using a client's family member as interpreter introduces objectivity risks and potential conflicts; psychologists should utilize professional interpretation services or bilingual clinicians instead.""","A psychologist's new clients are a married couple and their two sons, ages 11 and 16, who moved to the United States from Mexico five years ago, and the psychologist, who does not speak Spanish, should not have the son or aunt act as an interpreter to avoid conflicts and inaccuracies due to a lack of objectivity.",APA Ethics Code Overview and Standards 1 and 2,Apply,2-3,Using a client's family member as an interpreter is ethically problematic due to risks of inaccuracy and compromised objectivity; psychologists should use professional interpretation services or bilingual clinicians instead.,PETH
D9-Ch03,"Applied Ethics in Context: Navigating Violations, Conflicts, and Cultural Complexity",6,04-3,AP-D9-ETH-04-3,D9-ETH-04-3-b64e2ad7,True,"APA (2017), Ethical Principles of Psychologists and Code of Conduct, Standard 2.01(e): ""In areas where generally recognized standards for preparatory training do not yet exist, psychologists take reasonable steps to ensure competence. When serving populations from an unfamiliar ethnic background, consultation or supervision with an experienced colleague -- including by telephone or videoconference -- satisfies this requirement.""","A licensed psychologist, Dr. Ballard, should agree to see an adult client from an unfamiliar ethnic background and seek supervision or consultation by telephone, videoconference, or other means with someone who has experience working with members of this population.",APA Ethics Code Overview and Standards 1 and 2,Apply,2-3,APA Standard 2.01(e) permits psychologists to serve clients from unfamiliar ethnic backgrounds provided they obtain consultation or supervision—including by telephone or videoconference—from a colleague experienced with that population.,PETH
D9-Ch03,"Applied Ethics in Context: Navigating Violations, Conflicts, and Cultural Complexity",7,03-3,AP-D9-ETH-03-3,D9-ETH-03-3-aa2c40c0,True,"APA (2017), Ethical Principles of Psychologists and Code of Conduct, Standard 1.02: ""When conflicts arise between ethical responsibilities and law, regulations, or other governing legal authority, psychologists clarify the nature of the conflict, make known their commitment to the Ethics Code, and take reasonable steps to resolve the conflict consistent with the General Principles and Ethical Standards. Under no circumstances may this standard be used to justify or defend violating human rights.""","Psychologists may prioritize ethical responsibilities or legal requirements, depending on the nature of the situation, when facing unresolvable conflicts between their ethical responsibilities and legal requirements, according to the ethics codes of the American and Canadian Psychological Associations.",APA Ethics Code Overview and Standards 1 and 2,Apply,2-3,"APA Standard 1.02 requires psychologists facing conflicts between ethical responsibilities and legal authority to clarify the conflict and resolve it consistent with the Ethics Code, and this standard may never be used to justify violating human rights.",PETH
D9-Ch03,"Applied Ethics in Context: Navigating Violations, Conflicts, and Cultural Complexity",8,124,AP-D9-ETH-124,D9-ETH-124-138125a9,True,"APA (2017): ""Where ethical obligations and legal mandates conflict, psychologists may follow legal requirements provided doing so does not infringe on fundamental human rights.""","When psychologists are faced with conflicts between ethical responsibilities and legal requirements, they may comply with legal requirements when doing so doesn't violate basic human rights.",APA Ethics Code Overview and Standards 1 and 2,Apply,2-3,"When ethical obligations conflict with legal mandates, psychologists may comply with legal requirements provided doing so does not violate fundamental human rights.",PETH
D9-Ch03,"Applied Ethics in Context: Navigating Violations, Conflicts, and Cultural Complexity",9,02-4,AP-D9-ETH-02-4,D9-ETH-02-4-27ca359c,True,"APA (2017): ""When a culturally appropriate small gift from a client would prevent loss of face, accepting it aligns with Beneficence/Nonmaleficence and Respect for People's Rights and Dignity.""","Accepting a small gift from a client to avoid causing them to ""lose face"" is most consistent with the APA Ethics Code principles of Beneficence/Nonmaleficence and Respect for People's Rights and Dignity.",APA Ethics Code Overview and Standards 1 and 2,Apply,2-3,Accepting a culturally appropriate small gift from a client to prevent loss of face is consistent with the APA ethical principles of Beneficence/Nonmaleficence and Respect for People's Rights and Dignity.,PETH
D9-Ch03,"Applied Ethics in Context: Navigating Violations, Conflicts, and Cultural Complexity",10,07-1,AP-D9-ETH-07-1,D9-ETH-07-1-2d47bd0f,True,"APA (2017): ""When temporarily unavailable, psychologists must arrange for emergency coverage by identifying a qualified colleague willing to respond to urgent client needs.""","Dr. Crosby, a licensed psychologist, should give her clients the phone number of a colleague who is willing to accept their calls and see them in case of an emergency during her two-week absence from her full-time private practice to spend time with her father having hip replacement surgery.",APA Ethics Code Standards 3 and 4,Apply,2-3,"When temporarily unavailable, psychologists must arrange emergency coverage by identifying a qualified colleague willing to respond to urgent client needs.",PETH
D9-Ch04,"Standard 3: Navigating Human Relations, Multiple Relationships, and the Duty to Avoid Harm",1,054,AP-D9-ETH-054,D9-ETH-054-b7b7f1f5,True,"APA (2017): ""Repeated sexually suggestive remarks that persist after the recipient has communicated they are unwanted constitute sexual harassment under the APA Ethics Code.""","The co-worker's sexually suggestive comments would represent sexual harassment if the co-worker does not stop making them after being told they're offensive, as per the APA Ethics Code.",APA Ethics Code Standards 3 and 4,Understand/Apply,2,"Under the APA Ethics Code, repeated sexually suggestive remarks constitute sexual harassment when they persist after the recipient has communicated that they are unwanted.",PETH
D9-Ch04,"Standard 3: Navigating Human Relations, Multiple Relationships, and the Duty to Avoid Harm",2,050,AP-D9-ETH-050,D9-ETH-050-b56c1921,True,"Equal Employment Opportunity Commission (1990): ""Quid pro quo harassment occurs when employment benefits or opportunities are conditioned on acquiescence to sexual demands.""",Quid pro quo sexual harassment involves a demand for sexual favors in exchange for job benefits.,APA Ethics Code Standards 3 and 4,Understand/Apply,2,Quid pro quo sexual harassment occurs when employment benefits or opportunities are explicitly or implicitly conditioned on acquiescence to sexual demands.,PETH
D9-Ch04,"Standard 3: Navigating Human Relations, Multiple Relationships, and the Duty to Avoid Harm",3,065,AP-D9-ETH-065,D9-ETH-065-ccf4ef4c,True,"APA (2017): ""Referring a client to a psychologist's spouse or family member for services creates a conflict of interest and violates prohibitions against exploitative relationships.""","Giving a client the business card of the psychologist's husband, who is a licensed massage therapist, is unacceptable because it violates ethical prohibitions against engaging in situations that create a conflict of interest.",APA Ethics Code Standards 3 and 4,Understand/Apply,2,Referring a client to a psychologist's spouse or family member for services creates a conflict of interest and violates APA ethical prohibitions against exploitative relationships.,PETH
D9-Ch04,"Standard 3: Navigating Human Relations, Multiple Relationships, and the Duty to Avoid Harm",4,06-1,AP-D9-ETH-06-1,D9-ETH-06-1-62753f47,True,"APA (2017): ""Before initiating services with individuals known from other contexts, psychologists must evaluate whether the dual connection could impair therapeutic objectivity or effectiveness.""","Before deciding how to proceed, an ethical psychologist should consider whether their shared church membership with new clients is likely to impact their effectiveness as a therapist, in accordance with ethical standards prohibiting multiple relationships that could impair objectivity or competence.",APA Ethics Code Standards 3 and 4,Understand/Apply,2,"Before initiating services with individuals known from other contexts, psychologists must evaluate whether the dual relationship could impair therapeutic objectivity or effectiveness, per APA ethical standards prohibiting harmful multiple relationships.",PETH
D9-Ch04,"Standard 3: Navigating Human Relations, Multiple Relationships, and the Duty to Avoid Harm",5,09-3,AP-D9-ETH-09-3,D9-ETH-09-3-0ba9bd43,True,"APA (2017), Ethical Principles of Psychologists and Code of Conduct, Standard 3.05(a): ""A multiple relationship occurs when a psychologist is in a professional role with a person and simultaneously in another relationship with that person or a person closely associated with them. If a psychologist discovers an unanticipated harmful multiple relationship, the psychologist should seek consultation to determine the best course of action.""","A psychologist who has unknowingly become involved in a potentially harmful multiple relationship with a current therapy client and a relative of the client should seek consultation to help determine the best course of action, as required by ethical standards.",APA Ethics Code Standards 3 and 4,Understand/Apply,2,"When a psychologist discovers an unanticipated harmful multiple relationship, APA Standard 3.05(a) requires seeking consultation to determine the best course of action.",PETH
D9-Ch04,"Standard 3: Navigating Human Relations, Multiple Relationships, and the Duty to Avoid Harm",6,133,AP-D9-ETH-133,D9-ETH-133-c2c0d89c,True,"APA (2017): ""Conducting a forensic evaluation of a former therapy client constitutes an impermissible multiple relationship.""","A psychologist should refuse to conduct a child custody evaluation for a former therapy client, as this would constitute a multiple relationship.",APA Ethics Code Standards 3 and 4,Understand/Apply,2,"Conducting a forensic evaluation (e.g., child custody) of a former therapy client constitutes an impermissible multiple relationship under APA ethics.",PETH
D9-Ch04,"Standard 3: Navigating Human Relations, Multiple Relationships, and the Duty to Avoid Harm",7,05-1,AP-D9-ETH-05-1,D9-ETH-05-1-f58695f3,True,"APA (2017): ""Declining to treat a specific client is ethically permissible when the psychologist provides appropriate referrals to alternative providers.""",It is acceptable for a psychologist to decide not to continue seeing a client with antisocial personality disorder as long as the psychologist provides the client with referrals to other mental health professionals.,APA Ethics Code Standards 3 and 4,Understand/Apply,2,A psychologist may ethically decline to treat or continue treating a specific client provided they furnish appropriate referrals to alternative mental health providers.,PETH
D9-Ch04,"Standard 3: Navigating Human Relations, Multiple Relationships, and the Duty to Avoid Harm",8,05-2,AP-D9-ETH-05-2,D9-ETH-05-2-c2ab6352,True,"APA (2017): ""Treating a current client's close associate constitutes a prohibited multiple relationship; the appropriate response is to decline and provide referral alternatives.""","A psychologist should tell the client that they cannot see the client's best friend in therapy and offer to give the friend referrals to other mental health professionals, as seeing the best friend would constitute an unacceptable multiple relationship.",APA Ethics Code Standards 3 and 4,Understand/Apply,2,Providing therapy to a current client's close associate constitutes a prohibited multiple relationship; the psychologist must decline and offer referrals to alternative providers.,PETH
D9-Ch04,"Standard 3: Navigating Human Relations, Multiple Relationships, and the Duty to Avoid Harm",9,08-3,AP-D9-ETH-08-3,D9-ETH-08-3-70dc138b,True,"APA (2017), Ethical Principles of Psychologists and Code of Conduct, Standard 10.10(a): ""Psychologists may terminate therapy when it becomes reasonably clear that the client no longer needs the service, is not likely to benefit, or is being harmed by continued service. When personal feelings prevent effective treatment, the psychologist provides pretermination counseling and referrals to appropriate alternative providers.""",Dr. Hassan's decision to not provide therapy to Gerard G. due to her personal feelings regarding his past sexual assault conviction is acceptable if she provides him with referrals to other mental health professionals.,APA Ethics Code Standards 3 and 4,Understand/Apply,2,"When personal feelings prevent effective treatment, psychologists may terminate therapy but must provide pretermination counseling and referrals to appropriate alternative providers per APA Standard 10.10(a).",PETH
D9-Ch04,"Standard 3: Navigating Human Relations, Multiple Relationships, and the Duty to Avoid Harm",10,019,AP-D9-ETH-019,D9-ETH-019-1c10bb36,True,"APA (2017): ""Invitations that could introduce dual-relationship dynamics require evaluating the therapeutic relationship and potential impact on the client before deciding.""","As an ethical psychologist, you will consider the nature of your therapeutic relationship with your client Maggie M. and the potential effect on her of your acceptance or refusal of her invitation to a party celebrating the completion of her dissertation before deciding whether or not to accept the invitation, in accordance with the APA's Ethics Code and the Canadian Code of Ethics.",APA Ethics Code Standards 3 and 4,Understand/Apply,2,APA ethics requires psychologists to evaluate the nature of the therapeutic relationship and potential impact on the client before accepting or declining social invitations that could create dual-relationship dynamics.,PETH
D9-Ch05,"Standard 3 Applied: Forensic Ethics, Informed Consent, and the Limits of Disclosure",1,06-2,AP-D9-ETH-06-2,D9-ETH-06-2-82afb69a,True,"APA (2013): ""Forensic psychologists should avoid contingent fee arrangements because financial incentives tied to case outcomes threaten impartiality.""","Psychologists should usually avoid accepting contingent fees when acting as an expert witness in a legal case, as this is most consistent with the ethical requirements outlined in the APA's Ethics Code and Specialty Guidelines for Forensic Psychology, as well as the Canadian Code of Ethics.",APA Ethics Code Standards 3 and 4,Apply/Analyze,2-3,"Forensic psychologists should avoid contingent fee arrangements because financial incentives tied to case outcomes threaten impartiality, per APA Ethics Code and Specialty Guidelines for Forensic Psychology.",PETH
D9-Ch05,"Standard 3 Applied: Forensic Ethics, Informed Consent, and the Limits of Disclosure",2,087,AP-D9-ETH-087,D9-ETH-087-9ebf2122,True,"APA (2013): ""When providing court-ordered evaluations, psychologists should disclose only information relevant to the specific legal question posed, withholding extraneous material.""","Dr. Wilson, the court-hired psychologist evaluating the mental competence of a man charged as an accomplice in a bank robbery that ended in the death of a bank employee, provided the court only with information relevant to the man's mental competence, consistent with ethical requirements.",APA Ethics Code Standards 3 and 4,Apply/Analyze,2-3,"When providing court-ordered evaluations, psychologists should disclose only information relevant to the specific legal question posed, withholding extraneous material.",PETH
D9-Ch05,"Standard 3 Applied: Forensic Ethics, Informed Consent, and the Limits of Disclosure",3,111,AP-D9-ETH-111,D9-ETH-111-748bf845,True,"APA (2013): ""In forensic contexts, the 'client' is the retaining party (e.g., court, attorney), not the individual being evaluated.""","When a forensic psychologist is hired to conduct a psychological evaluation of a defendant in a criminal case, the ""client"" is the person/entity that retained the psychologist.",APA Ethics Code Standards 3 and 4,Apply/Analyze,2-3,"In forensic contexts, the ""client"" is the retaining party (e.g., court or attorney), not the individual being evaluated.",PETH
D9-Ch05,"Standard 3 Applied: Forensic Ethics, Informed Consent, and the Limits of Disclosure",4,069,AP-D9-ETH-069,D9-ETH-069-37952147,True,"APA (2013), Specialty Guidelines for Forensic Psychology, Guideline 6.03: ""In court-ordered evaluations, informed consent from the individual being evaluated is not legally required. However, the forensic psychologist must notify the evaluee of the nature and purpose of the evaluation, who requested it, and the limits on confidentiality, including who will receive the results.""","Dr. Renee Rochester does not have to obtain informed consent from the defendant but should tell him about the nature of the services being provided and the limits of confidentiality when conducting a court-ordered evaluation of Terrance Tillis, the defendant in a criminal court case, to be consistent with the provisions of the APA's Specialty Guidelines for Forensic Psychology (2013).",APA Ethics Code Standards 3 and 4,Apply/Analyze,2-3,"In court-ordered evaluations, informed consent is not legally required, but the forensic psychologist must notify the evaluee of the evaluation's nature, purpose, who requested it, and limits on confidentiality.",PETH
D9-Ch05,"Standard 3 Applied: Forensic Ethics, Informed Consent, and the Limits of Disclosure",5,08-1,AP-D9-ETH-08-1,D9-ETH-08-1-47bb4412,True,"APA (2013): ""Court-ordered evaluations do not require the evaluee's informed consent, though the psychologist must inform the individual about the nature of services and limits on confidentiality.""","Dr. Miller, who has been hired by the court to conduct a court-ordered evaluation of Edward E., a defendant in a criminal case, does not have to obtain informed consent from Ed before proceeding with the evaluation but should inform him of the limits on confidentiality.",APA Ethics Code Standards 3 and 4,Apply/Analyze,2-3,"Court-ordered evaluations do not require the evaluee's informed consent, but the psychologist must inform the individual about the nature of services and limits on confidentiality.",PETH
D9-Ch05,"Standard 3 Applied: Forensic Ethics, Informed Consent, and the Limits of Disclosure",6,08-2,AP-D9-ETH-08-2,D9-ETH-08-2-18e4b195,True,"APA (2017): ""Informed consent may be delivered verbally or in writing but must be documented regardless of format, per both APA and Canadian ethical requirements.""","Informed consents may be written or verbal but should be documented, as per the requirements of the ethics codes published by the American and Canadian Psychological Associations.",APA Ethics Code Standards 3 and 4,Apply/Analyze,2-3,"Informed consent may be delivered verbally or in writing but must be documented regardless of format, per APA and Canadian Psychological Association ethics codes.",PETH
D9-Ch05,"Standard 3 Applied: Forensic Ethics, Informed Consent, and the Limits of Disclosure",7,209,AP-D9-ETH-209,D9-ETH-209-bc1d85fa,True,"Beauchamp & Childress (2019): ""Implied consent is derived from an individual's actions or the surrounding circumstances rather than explicit verbal or written agreement.""",Implied consent is inferred from the behaviors or circumstances of a person.,APA Ethics Code Standards 3 and 4,Apply/Analyze,2-3,Implied consent is inferred from a person's actions or surrounding circumstances rather than from explicit verbal or written agreement.,PETH
D9-Ch05,"Standard 3 Applied: Forensic Ethics, Informed Consent, and the Limits of Disclosure",8,061,AP-D9-ETH-061,D9-ETH-061-00fc65db,True,"APA (2017): ""Research involving minors requires both parental/guardian consent and the child's developmentally appropriate assent.""","To fulfill ethical requirements for a research study involving 50 sixth grade students, the researcher should obtain assent from each student and permission from the parent(s) of each student.",APA Ethics Code Standards 3 and 4,Apply/Analyze,2-3,Research involving minors requires both parental or guardian consent and the child's developmentally appropriate assent.,PETH
D9-Ch05,"Standard 3 Applied: Forensic Ethics, Informed Consent, and the Limits of Disclosure",9,07-2,AP-D9-ETH-07-2,D9-ETH-07-2-0fa53143,True,"APA (2017): ""Research with legally incapacitated individuals requires both the participant's assent and informed consent from their legal guardian.""","To be consistent with ethical guidelines, a psychologist conducting research with psychiatric inpatients who have legal guardians should obtain assent from each patient and informed consent from each patient's legal guardian.",APA Ethics Code Standards 3 and 4,Apply/Analyze,2-3,Research with legally incapacitated individuals requires both the participant's assent and informed consent from their legal guardian.,PETH
D9-Ch05,"Standard 3 Applied: Forensic Ethics, Informed Consent, and the Limits of Disclosure",10,141,AP-D9-ETH-141,D9-ETH-141-ee3ee975,True,"APA (2017): ""Evaluation reports should contain only information relevant to the assessment's purpose; extraneous personal information should be excluded.""","When reporting the results of your evaluation of a 35-year-old applicant for managerial positions at a national chain of toy stores, you do not include information about the applicant's abortion in your report.",APA Ethics Code Standards 3 and 4,Apply/Analyze,2-3,Evaluation reports should include only information relevant to the assessment's stated purpose; extraneous personal information must be excluded.,PETH
D9-Ch06,"Standard 4: Confidentiality, Privacy, and the Limits of Privilege",1,076,AP-D9-ETH-076,D9-ETH-076-5fa59d37,True,"APA (2017): ""Confidentiality limits should ordinarily be discussed at the outset of therapy, with additional discussion as new circumstances arise.""","The potential limits of confidentiality should ordinarily be discussed with a therapy client at the outset of therapy and subsequently as needed, to be consistent with the requirements of the APA Ethics Code and the Canadian Code of Ethics.",APA Ethics Code Standards 3 and 4,Understand/Apply,2-3,"Confidentiality limits should ordinarily be discussed with clients at the outset of therapy and again as new circumstances arise, per APA and Canadian ethical codes.",PETH
D9-Ch06,"Standard 4: Confidentiality, Privacy, and the Limits of Privilege",2,091,AP-D9-ETH-091,D9-ETH-091-a023733e,True,"Knapp & VandeCreek (2012): ""Privilege is a legal protection that shields confidential communications from compelled disclosure during legal proceedings.""",Privilege is a legal concept that protects a client's confidential information from being disclosed in legal proceedings.,APA Ethics Code Standards 3 and 4,Understand/Apply,2-3,Privilege is a legal protection that shields confidential communications from compelled disclosure during legal proceedings.,PETH
D9-Ch06,"Standard 4: Confidentiality, Privacy, and the Limits of Privilege",3,094,AP-D9-ETH-094,D9-ETH-094-8657e627,True,"Knapp & VandeCreek (2012): ""The holder of therapeutic privilege is typically the client or the client's legally authorized representative.""",The holder of the privilege is ordinarily the client or the client's legal representative.,APA Ethics Code Standards 3 and 4,Understand/Apply,2-3,The holder of therapeutic privilege is typically the client or the client's legally authorized representative.,PETH
D9-Ch06,"Standard 4: Confidentiality, Privacy, and the Limits of Privilege",4,017,AP-D9-ETH-017,D9-ETH-017-9e0e22a4,True,"Tarasoff v. Regents of the University of California (1976): ""The Tarasoff duty-to-warn ruling applies to situations involving imminent threat; past risk behavior that has since ceased does not trigger this obligation, though state-specific statutes may impose additional requirements.""","The 1976 Tarasoff decision does not apply to the situation where a client discloses that he engaged in unsafe sex with three partners after receiving his HIV-positive test results 18 months ago but is no longer doing so, and the appropriate actions for the therapist and client depend on state or provincial laws.",APA Ethics Code Standards 3 and 4,Understand/Apply,2-3,"The Tarasoff duty-to-warn obligation applies to imminent threats; past risk behavior that has since ceased does not trigger this duty, though applicable state statutes may impose additional requirements.",PETH
D9-Ch06,"Standard 4: Confidentiality, Privacy, and the Limits of Privilege",5,020,AP-D9-ETH-020,D9-ETH-020-ec7f77bf,True,"Joiner, Van Orden, Witte, & Rudd (2009): ""When a minor expresses suicidal ideation, the clinically appropriate response is continued assessment to determine actual risk level before taking further action.""","When a 14-year-old client, Sally, says she has been thinking about killing herself, the best course of action is to continue discussing her feelings to determine if she is actually at risk for attempting suicide.",APA Ethics Code Standards 3 and 4,Understand/Apply,2-3,"When a minor client expresses suicidal ideation, the clinically appropriate first response is continued assessment to determine actual risk level before taking further action.",PETH
D9-Ch06,"Standard 4: Confidentiality, Privacy, and the Limits of Privilege",6,040,AP-D9-ETH-040,D9-ETH-040-14cbb9c1,True,"APA (2017): ""In correctional settings, when an inmate discloses intent to physically harm another individual, the psychologist's duty to protect supersedes confidentiality obligations, requiring notification of relevant facility officials.""","A psychologist providing individual therapy to inmates of an adult correctional facility should inform the appropriate prison official of an inmate's intent to physically harm another inmate, given the duty to protect and the priority of safety over confidentiality concerns.",APA Ethics Code Standards 3 and 4,Understand/Apply,2-3,"In correctional settings, a psychologist's duty to protect requires notifying relevant facility officials when an inmate discloses intent to physically harm another person, superseding confidentiality obligations.",PETH
D9-Ch06,"Standard 4: Confidentiality, Privacy, and the Limits of Privilege",7,009,AP-D9-ETH-009,D9-ETH-009-40d6e0a6,True,"U.S. Department of Health and Human Services (2013): ""Under HIPAA's Privacy Rule, psychologists may deny client access to protected health information when disclosure poses a reasonable threat to the life or physical safety of the client or others.""","Under the Privacy Rule of the Health Insurance Portability and Accountability Act (HIPAA), a therapist can deny clients access to their protected health information when they believe that access is reasonably likely to endanger the life or physical safety of the client or other person.",APA Ethics Code Standards 3 and 4,Understand/Apply,2-3,"Under HIPAA's Privacy Rule, psychologists may deny client access to protected health information when disclosure poses a reasonable threat to the life or physical safety of the client or others.",PETH
D9-Ch06,"Standard 4: Confidentiality, Privacy, and the Limits of Privilege",8,105,AP-D9-ETH-105,D9-ETH-105-e704009a,True,"APA (2017): ""Standard 4.06 permits discussing client cases with consultants without client authorization only when the psychologist ensures no information that could reasonably identify the client is disclosed.""","Consultation with colleagues is addressed in Standard 4.06 of the Ethics Code, which states that psychologists should not disclose confidential client information unless they have obtained the client's authorization or they do not disclose information ""that reasonably could lead to the identification"" of the client.",APA Ethics Code Standards 3 and 4,Understand/Apply,2-3,APA Standard 4.06 permits consulting with colleagues about clients without prior authorization only when the psychologist ensures no information that could reasonably identify the client is disclosed.,PETH
D9-Ch06,"Standard 4: Confidentiality, Privacy, and the Limits of Privilege",9,003,AP-D9-ETH-003,D9-ETH-003-8353104a,True,"APA (2017): ""When releasing records to third parties, psychologists should transmit only information directly relevant to the stated purpose.""","To be consistent with ethical requirements, you should send the school counselor only information you believe is relevant to your client Tyler's problems at school, as per the APA's Ethics Code and the Canadian Code of Ethics.",APA Ethics Code Standards 3 and 4,Understand/Apply,2-3,"When releasing records to third parties, APA ethics requires psychologists to transmit only information directly relevant to the stated purpose.",PETH
D9-Ch06,"Standard 4: Confidentiality, Privacy, and the Limits of Privilege",10,11-1,AP-D9-ETH-11-1,D9-ETH-11-1-1b4cf1aa,True,"APA (2017): ""Disguising identifying details may be insufficient to protect confidentiality when clients are prominent figures in small communities.""",Dr. Bright violated ethical requirements because changing the names of the family members was not adequate given that they are prominent citizens residing in a small town.,APA Ethics Code Standards 3 and 4,Understand/Apply,2-3,"Disguising identifying details (e.g., changing names) may be insufficient to protect client confidentiality when the individuals are prominent figures in small communities.",PETH
D9-Ch07,"Standard 4 Applied: Minors, Posthumous Records, Electronic Communication, and Organizational Contexts",1,10-3,AP-D9-ETH-10-3,D9-ETH-10-3-2ce707d3,True,"APA (2017): ""When a minor client discloses clinically significant information, the psychologist should first discuss with the client the need to share this information with parents before contacting them.""",The best course of action is to discuss with Jamie the need to share information about her binging and purging with her parents before contacting them.,APA Ethics Code Standards 3 and 4,Analyze,3,"When a minor client discloses clinically significant information, the psychologist should first discuss with the client the need to share this information with parents before contacting them.",PETH
D9-Ch07,"Standard 4 Applied: Minors, Posthumous Records, Electronic Communication, and Organizational Contexts",2,10-2,AP-D9-ETH-10-2,D9-ETH-10-2-9ed00312,True,"APA (2017): ""After a former client's death, confidential record information may not be released to family members without authorization from the estate's executor or administrator.""","To be consistent with ethical guidelines, Dr. Moore should refuse to provide Ms. Kazinsky's mother with information in Max's record without permission of the executor or administrator of his estate, as Max, a former client of Dr. Moore's, passed away two months ago at the age of 32.",APA Ethics Code Standards 3 and 4,Analyze,3,"After a former client's death, confidential records may not be released to family members without authorization from the estate's executor or administrator.",PETH
D9-Ch07,"Standard 4 Applied: Minors, Posthumous Records, Electronic Communication, and Organizational Contexts",3,083,AP-D9-ETH-083,D9-ETH-083-9ed68461,True,"Knapp & VandeCreek (2012): ""Following a client's death, authorization to release confidential records belongs to the estate executor, administrator, or other legally designated representative.""","After a person's death, the legally authorized person to whom psychologists can disclose confidential information with the appropriate consent is ordinarily the executor of the person's estate, the estate administrator, or other legal representative.",APA Ethics Code Standards 3 and 4,Analyze,3,"Following a client's death, authorization to release confidential records belongs to the estate executor, administrator, or other legally designated representative.",PETH
D9-Ch07,"Standard 4 Applied: Minors, Posthumous Records, Electronic Communication, and Organizational Contexts",4,175,AP-D9-ETH-175,D9-ETH-175-56656ec1,True,"Knapp & VandeCreek (2012): ""A professional executor authorized to manage a deceased client's records may be a licensed psychologist or other qualified health professional.""",A professional executor may be a licensed psychologist or other licensed health provider.,APA Ethics Code Standards 3 and 4,Analyze,3,A professional executor authorized to manage a deceased psychologist's client records may be a licensed psychologist or other qualified licensed health professional.,PETH
D9-Ch07,"Standard 4 Applied: Minors, Posthumous Records, Electronic Communication, and Organizational Contexts",5,07-3,AP-D9-ETH-07-3,D9-ETH-07-3-b9494533,True,"APA (2013): ""Emailing assessment summaries or other protected information to clients requires prior discussion of electronic confidentiality limitations and use of encryption.""","A client who you stopped seeing in therapy two months ago calls you to request that you send her a summary of her assessment results by email, which you should do if she has been informed of the potential limits on confidentiality and the information in the email is encrypted.",APA Ethics Code Standards 3 and 4,Analyze,3,Emailing protected client information requires prior discussion of electronic confidentiality limitations and use of encryption.,PETH
D9-Ch07,"Standard 4 Applied: Minors, Posthumous Records, Electronic Communication, and Organizational Contexts",6,11-2,AP-D9-ETH-11-2,D9-ETH-11-2-52ef4425,True,"APA (2017): ""When trainees administer and score assessments, reports must credit the actual test administrator, not solely the supervising psychologist.""",This practice is unethical since the intern should be identified as the person who administered and scored the tests.,APA Ethics Code Standards 3 and 4,Analyze,3,"When trainees administer and score assessments, psychological reports must identify the trainee as the actual test administrator rather than crediting only the supervising psychologist.",PETH
D9-Ch07,"Standard 4 Applied: Minors, Posthumous Records, Electronic Communication, and Organizational Contexts",7,09-1,AP-D9-ETH-09-1,D9-ETH-09-1-74cc5396,True,"APA (2017): ""Employee assistance program (EAP) providers must inform employees that no confidential information will be shared with their employer or supervisors absent explicit employee authorization.""",Psychologists should let employees using their company's employee assistance program (EAP) know that they will not release any confidential information to the employees' supervisors without the employees' authorization to do so.,APA Ethics Code Standards 3 and 4,Analyze,3,EAP providers must inform employees that no confidential information will be shared with their employer or supervisors without explicit employee authorization.,PETH
D9-Ch07,"Standard 4 Applied: Minors, Posthumous Records, Electronic Communication, and Organizational Contexts",8,090,AP-D9-ETH-090,D9-ETH-090-c432c289,True,"APA (2017), Ethical Principles of Psychologists and Code of Conduct, Standard 4.01: ""Psychologists have a primary obligation to protect confidential information. In employee assistance programs, the psychologist must not disclose information to the employee's supervisor without the employee's explicit authorization, regardless of whether the employee's participation resulted from a self-referral or a supervisor referral.""","When a psychologist is providing therapy to an employee through an employee assistance program (EAP), the psychologist must not provide information to the employee's supervisor without authorization from the employee whether the employee's participation is the result of a self-referral or referral from the supervisor.",APA Ethics Code Standards 3 and 4,Analyze,3,"In employee assistance programs, psychologists must not disclose information to an employee's supervisor without explicit employee authorization, regardless of whether participation was self-referred or supervisor-referred.",PETH
D9-Ch07,"Standard 4 Applied: Minors, Posthumous Records, Electronic Communication, and Organizational Contexts",9,09-2,AP-D9-ETH-09-2,D9-ETH-09-2-5c07e965,True,"APA (2013): ""Consumer-grade videoconferencing platforms raise confidentiality concerns because session data may be recorded or accessed by the platform provider without participants' knowledge.""","The primary concern with using Skype to provide psychotherapy on the Internet is the issue of confidentiality, as people may not be aware that their sessions could be recorded and released by the parent company.",APA Ethics Code Standards 3 and 4,Analyze,3,Consumer-grade videoconferencing platforms raise confidentiality concerns because session data may be recorded or accessed by the platform provider without participants' knowledge.,PETH
D9-Ch07,"Standard 4 Applied: Minors, Posthumous Records, Electronic Communication, and Organizational Contexts",10,202,AP-D9-ETH-202,D9-ETH-202-30c58e6c,True,"U.S. Department of Health and Human Services (2013): ""Under HIPAA, covered entities using electronic communication platforms must execute a Business Associate Agreement with the platform provider. Consumer Skype has not entered into such agreements, rendering it non-HIPAA-compliant for transmitting protected health information.""",Consumer Skype is not considered HIPAA compliant because it will not enter into a business associate agreement.,APA Ethics Code Standards 3 and 4,Analyze,3,"Consumer Skype is not HIPAA-compliant because it will not enter into a Business Associate Agreement, making it unsuitable for transmitting protected health information.",PETH
D9-Ch08,"Standards 5-8: Advertising, Fees, Records, Research, and Education Ethics",1,102,AP-D9-ETH-102,D9-ETH-102-1b47bfb6,True,"APA (2017): ""Compensating media employees to produce promotional content about psychological services constitutes an impermissible form of advertising.""",This arrangement is unacceptable because psychologists are prohibited from compensating employees of newspapers in exchange for a newspaper article about their services.,APA Ethics Code Standards 5 and 6,Apply,2-3,"Psychologists are prohibited from compensating media employees (e.g., newspaper staff) in exchange for promotional coverage of their services, as this constitutes an impermissible form of advertising.",PETH
D9-Ch08,"Standards 5-8: Advertising, Fees, Records, Research, and Education Ethics",2,116,AP-D9-ETH-116,D9-ETH-116-09f62a86,True,"APA (2017): ""Soliciting testimonials from former clients is ethically permissible only when those individuals are not vulnerable to undue influence; soliciting from current clients is always prohibited.""","To be consistent with ethical requirements, psychologists can solicit testimonials from former (but not current) clients as long as they're not vulnerable to undue influence.",APA Ethics Code Standards 5 and 6,Apply,2-3,Soliciting testimonials from current clients is always prohibited; soliciting from former clients is permissible only when those individuals are not vulnerable to undue influence.,PETH
D9-Ch08,"Standards 5-8: Advertising, Fees, Records, Research, and Education Ethics",3,135,AP-D9-ETH-135,D9-ETH-135-8411fb37,True,"APA (2013), Specialty Guidelines for Forensic Psychology, Guideline 4.02: ""Because financial contingency arrangements threaten impartiality, forensic practitioners should strive to avoid providing professional services on the basis of contingent fees. When contingent fees are the prevailing practice, the forensic practitioner seeks to minimize the resulting threat to impartiality.""","Accepting contingent fees should usually be avoided, as the APA Ethics Code and Specialty Guidelines for Forensic Psychology state that the threat to impartiality presented by the acceptance of contingent fees should lead forensic practitioners to strive to avoid providing professional services on the basis of contingent fees.",APA Ethics Code Standards 5 and 6,Apply,2-3,"APA Specialty Guidelines for Forensic Psychology (Guideline 4.02) hold that contingency fee arrangements threaten impartiality, and forensic practitioners should strive to avoid providing services on a contingent fee basis.",PETH
D9-Ch08,"Standards 5-8: Advertising, Fees, Records, Research, and Education Ethics",4,157,AP-D9-ETH-157,D9-ETH-157-8ac89b9a,True,"APA (2017): ""Receiving payment for client referrals is permissible only when the fee reflects actual costs incurred in making the referral.""",It is acceptable for psychologists to receive a fee from referral of clients to another psychologist only if the fee represents the psychologists' actual costs for referring the clients.,APA Ethics Code Standards 5 and 6,Apply,2-3,Psychologists may ethically receive a referral fee only when that fee represents the actual costs incurred in making the referral.,PETH
D9-Ch08,"Standards 5-8: Advertising, Fees, Records, Research, and Education Ethics",5,143,AP-D9-ETH-143,D9-ETH-143-6eb797e0,True,"APA (2017): ""Exchanging therapeutic services for personal labor creates a therapist-employer dual role that may compromise objectivity and is therefore unethical.""","Agreeing to the arrangement where Mrs. Giovanni exchanges home cleaning services for therapy would be unethical, as it creates a potentially harmful multiple relationship.",APA Ethics Code Standards 5 and 6,Apply,2-3,"Exchanging therapeutic services for a client's personal labor (e.g., house cleaning) creates a therapist-employer dual role that may compromise objectivity and is ethically impermissible.",PETH
D9-Ch08,"Standards 5-8: Advertising, Fees, Records, Research, and Education Ethics",6,113,AP-D9-ETH-113,D9-ETH-113-d50bdef9,True,"APA (2017): ""Inviting a relevant third party to participate in therapy sessions is ethically permissible as a collateral contact when the psychologist believes it will benefit the primary client.""","Inviting Annie's husband to participate in Annie's therapy sessions for her social phobia is acceptable since the psychologist believes his participation will benefit Annie, as it is consistent with the standard that prohibits uninvited solicitation but allows attempting to implement appropriate collateral contacts for the purpose of benefiting an already engaged therapy client.",APA Ethics Code Standards 5 and 6,Apply,2-3,Inviting a relevant third party to participate in a client's therapy sessions is ethically permissible as a collateral contact when the psychologist believes it will benefit the primary client.,PETH
D9-Ch08,"Standards 5-8: Advertising, Fees, Records, Research, and Education Ethics",7,136,AP-D9-ETH-136,D9-ETH-136-f7768fc4,True,"APA (2007): ""APA Record Keeping Guidelines recommend retaining complete client records for a minimum of 7 years following the final service date for adults, or 3 years past the age of majority for minors -- whichever period is longer.""","APA's Record Keeping Guidelines recommend retaining the full client record until 7 years after the last date of service delivery for adults or until 3 years after a minor reaches the age of majority, whichever is later.",APA Ethics Code Standards 5 and 6,Apply,2-3,"APA Record Keeping Guidelines recommend retaining complete client records for a minimum of 7 years after the last service date for adults, or 3 years past the age of majority for minors, whichever is longer.",PETH
D9-Ch08,"Standards 5-8: Advertising, Fees, Records, Research, and Education Ethics",8,151-1,AP-D9-ETH-151-1,D9-ETH-151-1-db97ab85,True,"APA (2017), Ethical Principles of Psychologists and Code of Conduct, Standard 6.03: ""Psychologists may withhold records under their control for nonpayment of fees, except when the records are needed for the client's emergency treatment. In emergencies, records must be released regardless of payment status.""",A psychologist may refuse to forward a client's record to a colleague for nonpayment of fees only if the records are not needed for the client's emergency treatment.,APA Ethics Code Standards 5 and 6,Apply,2-3,"Under APA Standard 6.03, psychologists may withhold records for nonpayment of fees except when those records are needed for the client's emergency treatment, in which case they must be released.",PETH
D9-Ch08,"Standards 5-8: Advertising, Fees, Records, Research, and Education Ethics",9,124,AP-D9-ETH-124,D9-ETH-124-1c51a476,True,"APA (2013): ""Electronically transmitted records cannot guarantee protection from unauthorized access; removing identifying information before transmission is the recommended safeguard.""","When confidential information is faxed or otherwise transferred electronically, it is not possible to guarantee it will not be accessed by unauthorized individuals, so the best course of action is to remove all identifying information before faxing the requested information to the therapist.",APA Ethics Code Standards 5 and 6,Apply,2-3,"Because electronic transmission cannot guarantee protection from unauthorized access, removing all identifying information before transmitting records is the recommended safeguard for confidentiality.",PETH
D9-Ch08,"Standards 5-8: Advertising, Fees, Records, Research, and Education Ethics",10,20-2,AP-D9-ETH-20-2,D9-ETH-20-2-1d303914,True,"APA (2017): ""Research investigating normal educational practices does not require individual informed consent from participants.""","Informed consents are not necessary when the study involves investigating normal educational practices, as this is consistent with the provisions of the APA's Ethics Code and the Canadian Code of Ethics.",APA Ethics Code Standards 7 and 8,Apply,2-3,APA Ethics Code does not require individual informed consent when research investigates normal educational practices.,PETH
D9-Ch09,The Chemistry of the Mind: Neurotransmitter Systems and How Drugs Work,1,23,AP-D9-PHY-23,D9-PHY-23-c91e2d8a,True,"Katzung, Masters, & Trevor (2012): ""The therapeutic index (TI) is a measure of drug safety calculated as LD50/ED50, where LD50 is the dose lethal to 50% of a test population and ED50 is the dose producing the desired therapeutic effect in 50% of a test population. A larger TI indicates a wider margin between effective and lethal doses, reflecting greater relative safety.""","The therapeutic index (TI) is a quantitative measure of the relative safety of a drug that is calculated by dividing the lethal dose 50 (LD50), which indicates the minimum drug dose that had a lethal effect in 50% of a test sample, by the effective dose 50 (ED50), which indicates the minimum drug dose that produced the therapeutic (desired) effect in 50% of a test sample, with a larger TI indicating a safer drug.",Psychopharmacology - Other Psychoactive Drugs,Remember/Understand,1-2,"The therapeutic index (TI) is calculated as LD50/ED50, where a larger ratio indicates a greater margin between effective and lethal doses and therefore greater drug safety.",PETH
D9-Ch09,The Chemistry of the Mind: Neurotransmitter Systems and How Drugs Work,2,088,AP-D9-PHY-088,D9-PHY-088-fdbe983a,True,"Nichols (2004): ""Lysergic acid diethylamide (LSD) produces its hallucinogenic effects primarily through agonist activity at serotonin 5-HT2A receptors, making it pharmacologically classified as a serotonin agonist.""",The hallucinogenic drug lysergic acid diethylamide (LSD) is a serotonin agonist.,Psychopharmacology - Other Psychoactive Drugs,Remember/Understand,1-2,"LSD produces its hallucinogenic effects primarily through agonist activity at serotonin 5-HT2A receptors, classifying it pharmacologically as a serotonin agonist.",PETH
D9-Ch09,The Chemistry of the Mind: Neurotransmitter Systems and How Drugs Work,3,159,AP-D9-PHY-159,D9-PHY-159-01562e2b,True,"Bloomfield, Ashok, Volkow, & Howes (2016): ""THC exerts its reinforcing effects by elevating dopamine concentrations within the nucleus accumbens reward pathway.""","THC (tetrahydrocannabinol), the main psychoactive chemical in marijuana, produces its reinforcing effects by increasing dopamine concentrations in the nucleus accumbens.",Psychopharmacology - Other Psychoactive Drugs,Remember/Understand,1-2,THC exerts its reinforcing effects by elevating dopamine concentrations within the nucleus accumbens reward pathway.,PETH
D9-Ch09,The Chemistry of the Mind: Neurotransmitter Systems and How Drugs Work,4,177,AP-D9-PHY-177,D9-PHY-177-3cb6e6c7,True,"Stahl (2021): ""Psychostimulants -- including methylphenidate, nicotine, and cocaine -- exert their primary pharmacological effects by enhancing dopaminergic and noradrenergic neurotransmission, through mechanisms such as reuptake inhibition and facilitated release of these catecholamines.""","The effects of methylphenidate, nicotine, cocaine, and other psychostimulants are mediated primarily by the neurotransmitters dopamine and norepinephrine.",Psychopharmacology - Other Psychoactive Drugs,Remember/Understand,1-2,"Psychostimulants such as methylphenidate, nicotine, and cocaine exert their primary effects by enhancing dopaminergic and noradrenergic neurotransmission through reuptake inhibition and facilitated catecholamine release.",PETH
D9-Ch09,The Chemistry of the Mind: Neurotransmitter Systems and How Drugs Work,5,014,AP-D9-PHY-014,D9-PHY-014-32757713,True,"American Psychiatric Association (2010): ""SSRIs and SNRIs are both recognized as first-line pharmacotherapy for major depressive disorder.""",SSRIs and SNRIs are both considered first-line pharmacological treatments for major depressive disorder.,Psychopharmacology - Antipsychotics and Antidepressants,Remember/Understand,1-2,SSRIs and SNRIs are both considered first-line pharmacological treatments for major depressive disorder.,PETH
D9-Ch09,The Chemistry of the Mind: Neurotransmitter Systems and How Drugs Work,6,213,AP-D9-PHY-213,D9-PHY-213-c0f9b5de,True,"Cipriani, Furukawa, Salanti, et al. (2018): ""SSRIs demonstrate superior tolerability and overdose safety profiles compared to tricyclic antidepressants.""",Selective serotonin reuptake inhibitors (SSRIs) have a better tolerability profile than the tricyclic antidepressants (TCAs) and greater safety in overdose.,Psychopharmacology - Antipsychotics and Antidepressants,Remember/Understand,1-2,SSRIs demonstrate superior tolerability and overdose safety profiles compared to tricyclic antidepressants.,PETH
D9-Ch09,The Chemistry of the Mind: Neurotransmitter Systems and How Drugs Work,7,08,AP-D9-PHY-08,D9-PHY-08-40be8e0f,True,"Stahl (2013): Venlafaxine and duloxetine are serotonin-norepinephrine reuptake inhibitors (SNRIs) approved for the treatment of major depressive disorder (MDD), social anxiety disorder, and neuropathic pain (duloxetine specifically for diabetic peripheral neuropathy and fibromyalgia). Both medications inhibit reuptake of both serotonin and norepinephrine, with the dual mechanism contributing to their broad range of therapeutic indications.","Venlafaxine and duloxetine are SNRIs that are used to treat major depressive disorder, social anxiety disorder, and neuropathic pain.",Psychopharmacology: Antipsychotics and Antidepressants,Remember/Understand,1-2,"Venlafaxine and duloxetine are SNRIs that inhibit reuptake of both serotonin and norepinephrine, approved for major depressive disorder, social anxiety disorder, and neuropathic pain.",PETH
D9-Ch10,"Antidepressants I: SSRIs, SNRIs, and Serotonin Syndrome",1,004,AP-D9-PHY-004,D9-PHY-004-29c46a95,True,"Boyer & Shannon (2005): ""Combining serotonergic agents can precipitate serotonin syndrome; management requires immediate discontinuation of all serotonergic medications and symptomatic treatment.""","Combining an SSRI with an MAOI, lithium, or other serotonergic drug can cause serotonin syndrome, and treatment involves immediate withdrawal of the serotonergic drugs and providing appropriate medical interventions for the patient's symptoms.",Psychopharmacology - Antipsychotics and Antidepressants,Understand/Apply,2-3,"Combining serotonergic agents such as SSRIs and MAOIs can precipitate serotonin syndrome, which is treated by immediately discontinuing all serotonergic medications and managing symptoms medically.",PETH
D9-Ch10,"Antidepressants I: SSRIs, SNRIs, and Serotonin Syndrome",2,153,AP-D9-PHY-153,D9-PHY-153-61d6bff0,True,"Pacchiarotti, Bond, Baldessarini, et al. (2013): ""Administering antidepressant monotherapy to a patient with bipolar I disorder without concurrent mood stabilization risks triggering manic episodes, hypomanic switches, or rapid cycling.""","If a person with bipolar I disorder is not taking a mood stabilizing drug but begins taking an SSRI to treat her current depressive symptoms, the SSRI may trigger rapid cycling or manic symptoms, as treating the depression of bipolar I disorder with an SSRI or other antidepressant can trigger mania or hypomania or rapid cycling, and treatment guidelines generally recommend prescribing an antidepressant for individuals with bipolar I disorder only when the person is also taking a mood stabilizer.",Psychopharmacology - Antipsychotics and Antidepressants,Understand/Apply,2-3,"Administering antidepressant monotherapy to a patient with bipolar I disorder without concurrent mood stabilization risks triggering manic episodes, hypomanic switches, or rapid cycling.",PETH
D9-Ch10,"Antidepressants I: SSRIs, SNRIs, and Serotonin Syndrome",3,27,AP-D9-PPA-27,D9-PPA-27-3c342105,True,"Gillman (2007): ""St. John's wort (Hypericum perforatum) contains compounds that inhibit serotonin reuptake. When combined with SSRIs or other serotonergic medications, the additive serotonergic effect can precipitate serotonin syndrome -- a potentially life-threatening condition characterized by agitation, hyperthermia, myoclonus, and autonomic instability.""",St. John's wort should not be taken with an SSRI because doing so can cause serotonin syndrome.,Bipolar and Depressive Disorders,Understand/Apply,2-3,Combining St. John's wort with SSRIs can precipitate serotonin syndrome due to additive serotonergic effects from St. John's wort's reuptake-inhibiting compounds.,PETH
D9-Ch10,"Antidepressants I: SSRIs, SNRIs, and Serotonin Syndrome",4,157,AP-D9-PPA-157,D9-PPA-157-b0fbe42f,True,"Linde, Berner, & Kriston (2008): ""St. John's wort extract demonstrates comparable treatment response to SSRIs for mild-to-moderate depression while producing fewer adverse effects.""",St. John's wort extract is not significantly different from SSRIs in terms of treatment response for mild to moderate depression and has a lower rate of adverse events.,Bipolar and Depressive Disorders,Understand/Apply,2-3,St. John's wort produces comparable treatment response to SSRIs for mild-to-moderate depression while causing fewer adverse effects.,PETH
D9-Ch10,"Antidepressants I: SSRIs, SNRIs, and Serotonin Syndrome",5,001,AP-D9-PPA-001,D9-PPA-001-37a0fad7,True,"Eranti & McLoughlin (2003) / Husain et al. (2004): Research has found that electroconvulsive therapy (ECT) has the fastest time to remission of symptoms compared to cognitive behavioral therapy (CBT), interpersonal therapy (IPT), and antidepressant drugs as treatments for severe depression. ECT is an effective short-term treatment that produces more rapid symptom remission than pharmacotherapy or psychotherapy approaches.","Research has found that electroconvulsive therapy (ECT) has the fastest time to remission of symptoms compared to cognitive behavioral therapy (CBT), interpersonal therapy (IPT), and antidepressant drugs as treatments for severe depression.",Bipolar and Depressive Disorders,Understand/Apply,2-3,"Electroconvulsive therapy (ECT) produces faster symptom remission in severe depression than CBT, IPT, or antidepressant medications.",PETH
D9-Ch10,"Antidepressants I: SSRIs, SNRIs, and Serotonin Syndrome",6,012,AP-D9-PHY-012,D9-PHY-012-049d73ef,True,"Arria, Caldeira, Vincent, O'Grady, & Wish (2008): ""Among college students without ADHD, nonmedical use of prescription stimulants such as methylphenidate may acutely improve subjective attention and mood but has not been associated with measurable improvements in grade point average.""","For college students without ADHD, taking methylphenidate and other stimulant drugs has positive effects on attention and mood but no beneficial effects on GPA.",Psychopharmacology - Other Psychoactive Drugs,Understand/Apply,2-3,"In college students without ADHD, nonmedical use of prescription stimulants such as methylphenidate may improve attention and mood but does not produce measurable improvements in GPA.",PETH
D9-Ch11,"Antidepressants II: TCAs, MAOIs, and the Older Antidepressants",1,208,AP-D9-PHY-208,D9-PHY-208-079bb8ae,True,"Stahl (2021): ""Tertiary amine tricyclic antidepressants (e.g., amitriptyline, imipramine, clomipramine) inhibit the reuptake of both serotonin and norepinephrine, with some agents showing serotonin selectivity. Secondary amine tricyclics (e.g., nortriptyline, desipramine) are more potent inhibitors of norepinephrine reuptake relative to serotonin.""","The tertiary amines (e.g., amitriptyline, imipramine, clomipramine) exert their effects by inhibiting the reuptake of both serotonin and norepinephrine, with some having a greater effect on serotonin, while the secondary amines (e.g., nortriptyline, desipramine) are more potent at inhibiting the reuptake of norepinephrine than serotonin.",Psychopharmacology - Antipsychotics and Antidepressants,Apply,2-3,"Tertiary amine tricyclics (e.g., amitriptyline, imipramine) inhibit reuptake of both serotonin and norepinephrine, while secondary amine tricyclics (e.g., nortriptyline, desipramine) more potently inhibit norepinephrine reuptake.",PETH
D9-Ch11,"Antidepressants II: TCAs, MAOIs, and the Older Antidepressants",2,22-1,AP-D9-PHY-22-1,D9-PHY-22-1-9983543f,True,"Baldwin, Anderson, Nutt, et al. (2014): ""Patients taking irreversible monoamine oxidase inhibitors must follow dietary restrictions, including avoidance of tyramine-containing foods, due to the risk of dangerous interactions.""",A person taking monoamine oxidase inhibitors (MAOIs) should avoid eating foods containing tyramine.,Psychopharmacology - Antipsychotics and Antidepressants,Apply,2-3,Patients taking irreversible MAOIs must avoid tyramine-containing foods due to the risk of dangerous hypertensive interactions.,PETH
D9-Ch11,"Antidepressants II: TCAs, MAOIs, and the Older Antidepressants",3,006,AP-D9-PHY-006,D9-PHY-006-80f8b0cb,True,"Flockhart (2012): ""Phenelzine and other irreversible monoamine oxidase inhibitors (MAOIs) block the enzymatic breakdown of tyramine in the gut. When tyramine-rich foods (aged cheeses, cured meats, fermented products) are consumed during MAOI therapy, unmetabolized tyramine triggers a sudden catecholamine surge that can precipitate a hypertensive crisis -- a potentially fatal elevation in blood pressure.""",A hypertensive crisis may occur when foods containing tyramine are consumed while taking the drug phenelzine.,Psychopharmacology - Antipsychotics and Antidepressants,Apply,2-3,"Phenelzine and other irreversible MAOIs block tyramine breakdown in the gut, and consuming tyramine-rich foods during MAOI therapy can trigger a potentially fatal hypertensive crisis.",PETH
D9-Ch12,"Antipsychotics: Conventional, Atypical, and Clozapine",1,201,AP-D9-PHY-201,D9-PHY-201-133b68ba,True,"Correll, Kane, & Citrome (2017): ""When tardive dyskinesia emerges during first-generation antipsychotic treatment, the recommended intervention is switching to an atypical (second-generation) antipsychotic.""",The best course of action for a young man with schizophrenia who develops tardive dyskinesia while taking a conventional antipsychotic is to replace the conventional antipsychotic with an atypical antipsychotic.,Psychopharmacology - Antipsychotics and Antidepressants,Apply/Analyze,3,"When tardive dyskinesia emerges during first-generation antipsychotic treatment, the recommended intervention is switching to a second-generation atypical antipsychotic.",PETH
D9-Ch12,"Antipsychotics: Conventional, Atypical, and Clozapine",2,23-1,AP-D9-PHY-23-1,D9-PHY-23-1-b5eb8738,True,"Correll & Schenk (2008): ""Tardive dyskinesia -- characterized by involuntary, repetitive movements -- is most prevalent among elderly patients on long-term antipsychotic therapy.""","An older adult taking a conventional antipsychotic is at the greatest risk for developing tardive dyskinesia, a condition involving repetitive involuntary movements caused by long-term use of antipsychotic drugs.",Psychopharmacology - Antipsychotics and Antidepressants,Apply/Analyze,3,Tardive dyskinesia — involuntary repetitive movements caused by long-term antipsychotic use — is most prevalent among elderly patients on chronic antipsychotic therapy.,PETH
D9-Ch12,"Antipsychotics: Conventional, Atypical, and Clozapine",3,23-2,AP-D9-PHY-23-2,D9-PHY-23-2-abe406f5,True,"Correll & Schenk (2008): ""Risk factors for tardive dyskinesia include advanced age, female sex, and prolonged antipsychotic exposure. Consequently, a 70-year-old woman on long-term antipsychotic treatment for schizophrenia faces the greatest risk for developing this condition.""",The risk for tardive dyskinesia is greatest for a 70-year-old woman taking an antipsychotic drug as a treatment for schizophrenia.,Psychopharmacology - Antipsychotics and Antidepressants,Apply/Analyze,3,"Risk factors for tardive dyskinesia include advanced age, female sex, and prolonged antipsychotic exposure, placing elderly women on long-term antipsychotics at greatest risk.",PETH
D9-Ch12,"Antipsychotics: Conventional, Atypical, and Clozapine",4,013,AP-D9-PHY-013,D9-PHY-013-c82e9935,True,"Stahl (2021): ""Atypical antipsychotics exert therapeutic effects through combined serotonin (5-HT2A) and dopamine (D2) receptor antagonism.""",Risperidone and other second-generation (atypical) antipsychotic drugs are serotonin and dopamine antagonists.,Psychopharmacology - Antipsychotics and Antidepressants,Apply/Analyze,3,"Atypical antipsychotics produce therapeutic effects through combined antagonism at serotonin 5-HT2A and dopamine D2 receptors, distinguishing them mechanistically from first-generation antipsychotics.",PETH
D9-Ch12,"Antipsychotics: Conventional, Atypical, and Clozapine",5,24,AP-D9-PHY-24,D9-PHY-24-a38d5fe7,True,"Meltzer (2012): ""Among all antipsychotic agents, clozapine carries the highest risk for agranulocytosis -- a rare but potentially lethal decrease in white blood cells -- necessitating regular hematological monitoring.""","Of the antipsychotics, the atypical drug clozapine is most likely to produce agranulocytosis, a rare but potentially fatal blood disorder characterized by an abnormally low level of white blood cells, requiring regular blood monitoring.",Psychopharmacology - Antipsychotics and Antidepressants,Apply/Analyze,3,"Clozapine carries the highest risk for agranulocytosis among all antipsychotics, requiring regular hematological monitoring due to this potentially lethal reduction in white blood cells.",PETH
D9-Ch12,"Antipsychotics: Conventional, Atypical, and Clozapine",6,22-2,AP-D9-PHY-22-2,D9-PHY-22-2-38ce09ff,True,"Alvir, Lieberman, Safferman, Schwimmer, & Schaaf (1993): ""Clozapine carries the highest risk of agranulocytosis among antipsychotic agents, with an estimated cumulative incidence of approximately 0.8% in the first year of treatment. This potentially fatal blood disorder necessitates mandatory regular white blood cell monitoring for all patients receiving clozapine.""","The risk for developing agranulocytosis, a potentially fatal blood disorder, is greatest for the antipsychotic drug clozapine.",Psychopharmacology - Antipsychotics and Antidepressants,Apply/Analyze,3,"Clozapine carries the highest risk of agranulocytosis among antipsychotics, with approximately 0.8% cumulative incidence in the first year, necessitating mandatory regular white blood cell monitoring.",PETH
D9-Ch12,"Antipsychotics: Conventional, Atypical, and Clozapine",7,221,AP-D9-PHY-221,D9-PHY-221-7f8a0aff,True,"Alvir, Lieberman, Safferman, Schwimmer, & Schaaf (1993): ""Clozapine, and to a lesser extent other second-generation antipsychotics, can cause neutropenia -- a reduction in neutrophil white blood cells. Agranulocytosis represents the severe form of neutropenia, in which the neutrophil count falls to dangerously low levels, increasing vulnerability to life-threatening infections.""","Clozapine and, to a lesser extent, other SGAs can cause neutropenia and agranulocytosis, which is a severe form of neutropenia.",Psychopharmacology - Antipsychotics and Antidepressants,Apply/Analyze,3,"Clozapine, and to a lesser extent other second-generation antipsychotics, can cause neutropenia, with agranulocytosis representing its severe form involving dangerously low neutrophil counts.",PETH
D9-Ch12,"Antipsychotics: Conventional, Atypical, and Clozapine",8,202,AP-D9-PHY-202,D9-PHY-202-cebdb650,True,"Strawn, Keck, & Caroff (2007): ""Neuroleptic malignant syndrome is a potentially fatal adverse reaction to antipsychotic drugs requiring immediate medication discontinuation and supportive medical intervention.""","When a patient with schizophrenia is taking a neuroleptic (antipsychotic) drug and develops the symptoms of neuroleptic malignant syndrome, the drug should be discontinued immediately because it is a life-threatening side effect.",Psychopharmacology - Antipsychotics and Antidepressants,Apply/Analyze,3,Neuroleptic malignant syndrome is a potentially fatal adverse reaction to antipsychotic drugs requiring immediate medication discontinuation and supportive medical intervention.,PETH
D9-Ch12,"Antipsychotics: Conventional, Atypical, and Clozapine",9,120,AP-D9-PHY-120,D9-PHY-120-f4a6129d,True,"Sachdev (1995): ""Akathisia is an antipsychotic-induced movement disorder marked by subjective restlessness and a compelling urge toward continuous motion.""",Akathisia is a movement disorder caused by antipsychotic drugs and is characterized by a sense of restlessness and an urge to keep moving.,Psychopharmacology - Antipsychotics and Antidepressants,Apply/Analyze,3,Akathisia is an antipsychotic-induced movement disorder characterized by subjective restlessness and a compelling urge toward continuous motion.,PETH
D9-Ch13,"Mood Stabilizers, Anxiolytics, and Stimulants",1,214,AP-D9-PHY-214,D9-PHY-214-7c4b9ad1,True,"Geddes, Burgess, Hawton, Jamison, & Goodwin (2004): ""Lithium is a first-line mood stabilizer indicated for the treatment of bipolar disorder, with established efficacy for acute mania and long-term prophylaxis.""",Lithium is used to treat bipolar disorder.,Psychopharmacology - Other Psychoactive Drugs,Apply,2-3,Lithium is a first-line mood stabilizer for bipolar disorder with established efficacy for acute mania and long-term prophylaxis.,PETH
D9-Ch13,"Mood Stabilizers, Anxiolytics, and Stimulants",2,207,AP-D9-PHY-207,D9-PHY-207-46fdfdaa,True,"Geddes & Miklowitz (2013): ""Anticonvulsants such as carbamazepine and valproic acid serve as alternatives to lithium for bipolar disorder, particularly for patients who are lithium-nonresponsive or intolerant of its adverse effects.""","Anticonvulsant drugs, such as carbamazepine, are often prescribed for individuals with bipolar disorder who have not responded to lithium or cannot tolerate its side effects.",Psychopharmacology - Other Psychoactive Drugs,Apply,2-3,"Anticonvulsants carbamazepine and valproic acid serve as alternatives to lithium for bipolar disorder, particularly for patients who are lithium-nonresponsive or intolerant of its side effects.",PETH
D9-Ch13,"Mood Stabilizers, Anxiolytics, and Stimulants",3,24-2,AP-D9-PHY-24-2,D9-PHY-24-2-80870396,True,"Geddes & Miklowitz (2013): ""Carbamazepine and valproic acid are anticonvulsant mood stabilizers considered alternatives to lithium as first-line treatments for acute manic episodes in bipolar disorder. They are particularly useful for patients who do not respond to or cannot tolerate lithium.""",Carbamazepine and valproic acid are anticonvulsant drugs that are considered alternatives to lithium as first-line treatments for the manic episodes associated with bipolar disorder.,Psychopharmacology - Other Psychoactive Drugs,Apply,2-3,"Carbamazepine and valproic acid are anticonvulsant mood stabilizers considered first-line alternatives to lithium for acute manic episodes in bipolar disorder, especially for lithium-nonresponsive patients.",PETH
D9-Ch13,"Mood Stabilizers, Anxiolytics, and Stimulants",4,016,AP-D9-PHY-016,D9-PHY-016-9b2efbfb,True,"Baldwin, Anderson, Nutt, et al. (2014): ""Diazepam, alprazolam, and lorazepam are benzodiazepine agents with demonstrated efficacy in the acute treatment of anxiety disorders.""","Diazepam, alprazolam, and lorazepam are benzodiazepines that are used to treat anxiety and insomnia.",Psychopharmacology - Other Psychoactive Drugs,Apply,2-3,"Diazepam, alprazolam, and lorazepam are benzodiazepines with demonstrated efficacy in the acute treatment of anxiety disorders.",PETH
D9-Ch13,"Mood Stabilizers, Anxiolytics, and Stimulants",5,54,AP-D9-PHY-54,D9-PHY-54-aa7f3b90,True,"American Geriatrics Society Beers Criteria Update Expert Panel (2019): ""Shorter half-life benzodiazepines are preferred in geriatric patients, and gradual tapering protocols are essential to minimize withdrawal severity.""","Benzodiazepines with a shorter half-life are preferred for older adults, and tapering should be slow to reduce the risk and severity of withdrawal symptoms.",Psychopharmacology - Other Psychoactive Drugs,Apply,2-3,"In geriatric patients, shorter half-life benzodiazepines are preferred, and gradual tapering is essential to minimize withdrawal severity.",PETH
D9-Ch13,"Mood Stabilizers, Anxiolytics, and Stimulants",6,225,AP-D9-PPA-225,D9-PPA-225-f8906277,True,"Baldwin, Anderson, Nutt, et al. (2014): ""When SSRIs or SNRIs prove inadequate for generalized anxiety disorder, buspirone or a benzodiazepine is commonly used as adjunctive or alternative pharmacotherapy.""","When symptoms of generalized anxiety disorder (GAD) do not respond adequately to SSRIs or SNRIs, the drug-of-choice is often the anxiolytic buspirone (Buspar) or a benzodiazepine.",Anxiety Disorders and Obsessive-Compulsive Disorder,Apply,2-3,"When SSRIs or SNRIs are inadequate for generalized anxiety disorder, buspirone or a benzodiazepine is commonly used as adjunctive or alternative pharmacotherapy.",PETH
D9-Ch13,"Mood Stabilizers, Anxiolytics, and Stimulants",7,25-1,AP-D9-PHY-25-1,D9-PHY-25-1-47c6cc8e,True,"Steenen, van Wijk, van der Heijden, et al. (2016): ""Beta-adrenergic blockers (propranolol, atenolol) attenuate somatic symptoms of performance-related anxiety but do not directly address psychological or cognitive anxiety components.""","Propranolol and atenolol have been found useful for relieving the physical symptoms of some types of anxiety (especially performance-related anxiety), but they do not have a direct effect on its emotional or cognitive symptoms.",Psychopharmacology - Other Psychoactive Drugs,Apply,2-3,Beta-adrenergic blockers such as propranolol and atenolol reduce the somatic symptoms of performance-related anxiety but do not directly address its psychological or cognitive components.,PETH
D9-Ch13,"Mood Stabilizers, Anxiolytics, and Stimulants",8,14,AP-D9-PPY-14,D9-PPY-14-fdeadaf2,True,"The research is not entirely consistent with regard to the association between the use of stimulant drugs by children with ADHD and risk for developing an SUD later in life, with a meta-analysis finding that the use of stimulant medications to treat children with ADHD neither increased nor decreased the risk for later development of an SUD, but a more recent study finding that children with ADHD who began treatment with a stimulant drug at a young age and at a high dose were less likely to develop an SUD than were those who began treatment at an older age and at a lower dose.",,Neurodevelopmental Disorders,Apply,2-3,"Research on stimulant treatment in children with ADHD and later SUD risk is inconsistent; one meta-analysis found no effect, while a more recent study found early, high-dose treatment reduced later SUD risk.",PETH
D9-Ch13,"Mood Stabilizers, Anxiolytics, and Stimulants",9,022,AP-D9-PHY-022,D9-PHY-022-bbc25f74,True,"Connolly & Lang (2014): ""Levodopa remains the most effective pharmacological intervention for the motor symptoms of Parkinson's disease.""","Based on Mr. Wolf's symptoms characteristic of Parkinson's disease, the most effective pharmacological treatment for him is likely to be levodopa.",Psychopharmacology - Other Psychoactive Drugs,Apply,2-3,Levodopa is the most effective pharmacological treatment for the motor symptoms of Parkinson's disease.,PETH
D9-Ch14,"Specialty Medications: Cognitive Enhancers, Substance Use Drugs, and Others",1,24-1,AP-D9-PHY-24-1,D9-PHY-24-1-15f102fb,True,"Reisberg, Doody, Stoffler, Schmitt, Ferris, & Mobius (2003): ""Memantine is an NMDA receptor antagonist approved for moderate-to-severe Alzheimer's disease. Unlike the cholinesterase inhibitors galantamine, rivastigmine, and donepezil -- which slow cognitive decline by increasing cholinergic neurotransmission -- memantine acts by blocking excessive glutamatergic activity thought to contribute to neuronal excitotoxicity.""","Memantine, unlike galantamine, rivastigmine, and donepezil, does not slow the cognitive decline caused by Alzheimer's disease by increasing cholinergic activity.",Psychopharmacology - Other Psychoactive Drugs,Analyze,3,"Memantine is an NMDA receptor antagonist approved for moderate-to-severe Alzheimer's disease that blocks glutamatergic excitotoxicity, unlike cholinesterase inhibitors galantamine, rivastigmine, and donepezil.",PETH
D9-Ch14,"Specialty Medications: Cognitive Enhancers, Substance Use Drugs, and Others",2,57,AP-D9-PHY-57,D9-PHY-57-3a14f7d9,True,"Fuller & Gordis (2004): ""Disulfiram (Antabuse) operates as an alcohol deterrent by inducing severe adverse reactions (nausea, emesis, dizziness, confusion) when ethanol is consumed concurrently.""","Disulfiram (Antabuse) causes nausea, vomiting, dizziness, confusion, and other unpleasant symptoms when taken in conjunction with alcohol.",Psychopharmacology - Other Psychoactive Drugs,Analyze,3,"Disulfiram (Antabuse) deters alcohol use by inducing severe adverse reactions including nausea, vomiting, dizziness, and confusion when ethanol is consumed concurrently.",PETH
D9-Ch14,"Specialty Medications: Cognitive Enhancers, Substance Use Drugs, and Others",3,25-2,AP-D9-PHY-25-2,D9-PHY-25-2-115efc4e,True,"Anton, O'Malley, Ciraulo, et al. (2006): ""Naltrexone diminishes alcohol's rewarding properties and suppresses cravings through opioid receptor antagonism, supporting early abstinence in alcohol use disorder.""",Naltrexone reduces the rewarding effects of alcohol and cravings for alcohol for a middle-aged patient who has just received a diagnosis of alcohol use disorder.,Psychopharmacology - Other Psychoactive Drugs,Analyze,3,"Naltrexone reduces alcohol's rewarding effects and suppresses cravings through opioid receptor antagonism, supporting early abstinence in alcohol use disorder.",PETH
D9-Ch14,"Specialty Medications: Cognitive Enhancers, Substance Use Drugs, and Others",4,007,AP-D9-PHY-007,D9-PHY-007-7353ddc9,True,"U.S. Food and Drug Administration (1985): ""Dronabinol (Marinol) is a synthetic formulation of delta-9-tetrahydrocannabinol (THC) approved by the FDA for the treatment of chemotherapy-induced nausea and vomiting in patients who have not responded adequately to conventional antiemetic therapies.""",Dronabinol is a synthetic form of tetrahydrocannabinol (THC) that has been FDA approved for the treatment of chemotherapy-induced nausea and vomiting.,Psychopharmacology - Other Psychoactive Drugs,Analyze,3,Dronabinol is a synthetic form of THC approved by the FDA specifically for treating chemotherapy-induced nausea and vomiting in patients unresponsive to conventional antiemetics.,PETH
D9-Ch15,Pharmacology in Practice: Disorder-Specific Prescribing and Clinical Integration,1,14,AP-D9-PPA-14,D9-PPA-14-758f753e,True,"Pittenger, Bloch, & Williams (2011): ""Obsessive-compulsive disorder has been associated with diminished serotonergic neurotransmission.""",Obsessive-compulsive disorder (OCD) has been linked to low levels of serotonin.,Anxiety Disorders and Obsessive-Compulsive Disorder,Evaluate,3-4,Obsessive-compulsive disorder is associated with diminished serotonergic neurotransmission.,PETH
D9-Ch15,Pharmacology in Practice: Disorder-Specific Prescribing and Clinical Integration,2,21,AP-D9-PPA-21,D9-PPA-21-29ea963a,True,"Waldinger (2007): ""Serotonergic agents are frequently prescribed off-label for premature ejaculation due to serotonin's inhibitory effect on ejaculatory latency.""",Drugs that increase serotonin are often used to treat premature ejaculation.,"Sexual Dysfunctions, Gender Dysphoria, and Paraphilic Disorders",Evaluate,3-4,Serotonergic agents are frequently prescribed off-label for premature ejaculation because serotonin inhibits ejaculatory latency.,PETH
D9-Ch15,Pharmacology in Practice: Disorder-Specific Prescribing and Clinical Integration,3,038,AP-D9-PPA-038,D9-PPA-038-f823fbdc,True,"Muller, Anacker, & Veenstra-VanderWeele (2016): ""Autism spectrum disorder is associated with a paradoxical serotonin profile: reduced central (brain) serotonin activity alongside elevated peripheral (blood) serotonin levels.""",Autism spectrum disorder has been linked to low brain level and high blood level of serotonin.,Neurodevelopmental Disorders,Evaluate,3-4,Autism spectrum disorder is associated with a paradoxical serotonin profile: reduced central (brain) serotonin activity alongside elevated peripheral (blood) serotonin levels.,PETH
D9-Ch15,Pharmacology in Practice: Disorder-Specific Prescribing and Clinical Integration,4,03,AP-D9-PPA-03,D9-PPA-03-21edeb08,True,"Scahill, Leckman, Schultz, et al. (2003): ""Dopamine-reducing antipsychotic medications have demonstrated efficacy in suppressing tic symptoms.""",Antipsychotic drugs that reduce dopamine activity in certain areas of the brain have been found useful for suppressing tics.,Neurodevelopmental Disorders,Evaluate,3-4,Dopamine-reducing antipsychotic medications have demonstrated efficacy in suppressing tic symptoms.,PETH
D9-Ch15,Pharmacology in Practice: Disorder-Specific Prescribing and Clinical Integration,5,026,AP-D9-PPA-026,D9-PPA-026-a7f0d740,True,"Kane, Honigfeld, Singer, & Meltzer (1988): ""Clozapine remains the gold-standard pharmacotherapy for treatment-resistant schizophrenia.""",Clozapine is considered the most effective medication for treatment-resistant schizophrenia.,Schizophrenia Spectrum/Other Psychotic Disorders,Evaluate,3-4,Clozapine is the gold-standard pharmacotherapy for treatment-resistant schizophrenia.,PETH
D9-Ch15,Pharmacology in Practice: Disorder-Specific Prescribing and Clinical Integration,6,025,AP-D9-PPA-025,D9-PPA-025-92d15b91,True,"U.S. Food and Drug Administration (2002): ""Sodium oxybate (Xyrem) is FDA-approved for narcolepsy and is uniquely effective at reducing daytime sleepiness, consolidating nighttime sleep, and decreasing the frequency of cataplexy episodes -- addressing the three cardinal symptoms of narcolepsy with a single agent.""","The medication most useful for reducing daytime sleepiness, improving nighttime sleep, and reducing cataplexy in narcolepsy is sodium oxybate.","Feeding/Eating, Elimination, and Sleep-Wake Disorders",Evaluate,3-4,"Sodium oxybate (Xyrem) is FDA-approved for narcolepsy and uniquely addresses all three cardinal symptoms: daytime sleepiness, disrupted nighttime sleep, and cataplexy.",PETH
D9-Ch15,Pharmacology in Practice: Disorder-Specific Prescribing and Clinical Integration,7,21,AP-D9-PPA-21,D9-PPA-21-d0134e5c,True,"Qaseem, Kansagara, Forciea, et al. (2016): ""The preferred nonpharmacological treatment for insomnia disorder is a multicomponent CBT protocol integrating stimulus control or sleep restriction with sleep hygiene education, relaxation techniques, and/or cognitive restructuring.""","The nonpharmacological treatment-of-choice for insomnia disorder is a multi-component cognitive-behavioral intervention that incorporates stimulus control or sleep restriction with sleep-hygiene education, relaxation training, and/or cognitive therapy.","Feeding/Eating, Elimination, and Sleep-Wake Disorders",Evaluate,3-4,"The preferred nonpharmacological treatment for insomnia disorder is multicomponent CBT integrating stimulus control or sleep restriction with sleep hygiene, relaxation, and/or cognitive restructuring.",PETH
D9-Ch15,Pharmacology in Practice: Disorder-Specific Prescribing and Clinical Integration,8,007,AP-D9-PPA-007,D9-PPA-007-00cb605d,True,"Stead, Koilpillai, Fanshawe, & Lancaster (2016): ""Combined counseling and pharmacotherapy produces superior smoking cessation outcomes compared to either intervention used alone.""",Research on smoking cessation interventions suggests that counseling and medication are each effective when used alone but the combination of counseling and medication is most effective.,Substance-Related and Addictive Disorders,Evaluate,3-4,Combined counseling and pharmacotherapy produces superior smoking cessation outcomes compared to either intervention used alone.,PETH
D9-Ch15,Pharmacology in Practice: Disorder-Specific Prescribing and Clinical Integration,9,021,AP-D9-PPA-021,D9-PPA-021-14815695,True,"Kampman (2019): ""No pharmacological treatment has demonstrated consistent efficacy for cocaine use disorder.""",The studies have not yet identified a pharmacological treatment that is consistently effective for cocaine addiction (substance use disorder in the DSM-5).,Substance-Related and Addictive Disorders,Evaluate,3-4,No pharmacological treatment has demonstrated consistent efficacy for cocaine use disorder.,PETH
D9-Ch15,Pharmacology in Practice: Disorder-Specific Prescribing and Clinical Integration,10,25-3,AP-D9-PHY-25-3,D9-PHY-25-3-c4cf86cb,True,"Stahl (2021): ""GABA-A receptor agonists, including benzodiazepines and barbiturates, produce their anxiolytic and sedative properties by enhancing inhibitory GABAergic neurotransmission.""","GABA agonists, such as benzodiazepines and barbiturates, produce relaxation and sleepiness.",Psychopharmacology - Other Psychoactive Drugs,Evaluate,3-4,"GABA-A receptor agonists, including benzodiazepines and barbiturates, produce anxiolytic and sedative effects by enhancing inhibitory GABAergic neurotransmission.",PETH
